date,plt,well,wellid,time_h,rawod,col,row,cpd,qrt,um,species,strain,nick,dil,OD_minus1_of_each_group_replicate_timepoint,OD_corrected,OD_zero_mean_of_each_group_replicate_timepoint,OD_normalized
5/4/2022,4,M1,1-4-M1,0.0,0.217,1,M,Azithromycin,1,100.0,S. flexneri,M90T,Sf,100x,0.187,0.03,0.188,1.1542553191489362
5/4/2022,4,M1,1-4-M1,1.08,0.233,1,M,Azithromycin,1,100.0,S. flexneri,M90T,Sf,100x,0.193,0.04000000000000001,0.202,1.1534653465346534
5/4/2022,4,M1,1-4-M1,2.16,0.213,1,M,Azithromycin,1,100.0,S. flexneri,M90T,Sf,100x,0.195,0.03,0.236,0.902542372881356
5/4/2022,4,M1,1-4-M1,3.24,0.213,1,M,Azithromycin,1,100.0,S. flexneri,M90T,Sf,100x,0.192,0.03,0.313,0.6805111821086262
5/4/2022,4,M1,1-4-M1,4.32,0.212,1,M,Azithromycin,1,100.0,S. flexneri,M90T,Sf,100x,0.19,0.03,0.382,0.5549738219895288
5/4/2022,4,M1,1-4-M1,5.41,0.211,1,M,Azithromycin,1,100.0,S. flexneri,M90T,Sf,100x,0.189,0.03,0.431,0.4895591647331786
5/4/2022,4,M1,1-4-M1,6.49,0.21,1,M,Azithromycin,1,100.0,S. flexneri,M90T,Sf,100x,0.187,0.03,0.469,0.44776119402985076
5/4/2022,4,M1,1-4-M1,7.57,0.21,1,M,Azithromycin,1,100.0,S. flexneri,M90T,Sf,100x,0.187,0.03,0.495,0.42424242424242425
5/4/2022,4,M1,1-4-M1,8.65,0.209,1,M,Azithromycin,1,100.0,S. flexneri,M90T,Sf,100x,0.186,0.03,0.511,0.4090019569471624
5/4/2022,4,M1,1-4-M1,9.73,0.209,1,M,Azithromycin,1,100.0,S. flexneri,M90T,Sf,100x,0.186,0.03,0.525,0.39809523809523806
5/4/2022,4,M1,1-4-M1,10.82,0.208,1,M,Azithromycin,1,100.0,S. flexneri,M90T,Sf,100x,0.186,0.03,0.53,0.3924528301886792
5/4/2022,4,M1,1-4-M1,11.9,0.208,1,M,Azithromycin,1,100.0,S. flexneri,M90T,Sf,100x,0.187,0.03,0.538,0.3866171003717472
5/4/2022,4,M1,1-4-M1,12.98,0.208,1,M,Azithromycin,1,100.0,S. flexneri,M90T,Sf,100x,0.187,0.03,0.54,0.38518518518518513
5/4/2022,4,M1,1-4-M1,14.06,0.207,1,M,Azithromycin,1,100.0,S. flexneri,M90T,Sf,100x,0.186,0.03,0.546,0.37912087912087905
5/4/2022,4,M1,1-4-M1,15.14,0.208,1,M,Azithromycin,1,100.0,S. flexneri,M90T,Sf,100x,0.187,0.03,0.551,0.3774954627949183
5/4/2022,4,M11,1-4-M11,0.0,0.209,11,M,Azithromycin,1,0.3,S. flexneri,M90T,Sf,100x,0.187,0.03,0.188,1.1117021276595744
5/4/2022,4,M11,1-4-M11,1.08,0.221,11,M,Azithromycin,1,0.3,S. flexneri,M90T,Sf,100x,0.193,0.03,0.202,1.094059405940594
5/4/2022,4,M11,1-4-M11,2.16,0.253,11,M,Azithromycin,1,0.3,S. flexneri,M90T,Sf,100x,0.195,0.057999999999999996,0.236,1.0720338983050848
5/4/2022,4,M11,1-4-M11,3.24,0.319,11,M,Azithromycin,1,0.3,S. flexneri,M90T,Sf,100x,0.192,0.127,0.313,1.0191693290734825
5/4/2022,4,M11,1-4-M11,4.32,0.377,11,M,Azithromycin,1,0.3,S. flexneri,M90T,Sf,100x,0.19,0.187,0.382,0.9869109947643979
5/4/2022,4,M11,1-4-M11,5.41,0.42,11,M,Azithromycin,1,0.3,S. flexneri,M90T,Sf,100x,0.189,0.23099999999999998,0.431,0.974477958236659
5/4/2022,4,M11,1-4-M11,6.49,0.456,11,M,Azithromycin,1,0.3,S. flexneri,M90T,Sf,100x,0.187,0.269,0.469,0.9722814498933903
5/4/2022,4,M11,1-4-M11,7.57,0.488,11,M,Azithromycin,1,0.3,S. flexneri,M90T,Sf,100x,0.187,0.301,0.495,0.9858585858585859
5/4/2022,4,M11,1-4-M11,8.65,0.502,11,M,Azithromycin,1,0.3,S. flexneri,M90T,Sf,100x,0.186,0.316,0.511,0.9823874755381604
5/4/2022,4,M11,1-4-M11,9.73,0.522,11,M,Azithromycin,1,0.3,S. flexneri,M90T,Sf,100x,0.186,0.336,0.525,0.9942857142857143
5/4/2022,4,M11,1-4-M11,10.82,0.53,11,M,Azithromycin,1,0.3,S. flexneri,M90T,Sf,100x,0.186,0.34400000000000003,0.53,1.0
5/4/2022,4,M11,1-4-M11,11.9,0.54,11,M,Azithromycin,1,0.3,S. flexneri,M90T,Sf,100x,0.187,0.35300000000000004,0.538,1.003717472118959
5/4/2022,4,M11,1-4-M11,12.98,0.539,11,M,Azithromycin,1,0.3,S. flexneri,M90T,Sf,100x,0.187,0.35200000000000004,0.54,0.9981481481481481
5/4/2022,4,M11,1-4-M11,14.06,0.547,11,M,Azithromycin,1,0.3,S. flexneri,M90T,Sf,100x,0.186,0.36100000000000004,0.546,1.0018315018315018
5/4/2022,4,M11,1-4-M11,15.14,0.551,11,M,Azithromycin,1,0.3,S. flexneri,M90T,Sf,100x,0.187,0.36400000000000005,0.551,1.0
5/4/2022,4,M13,1-4-M13,0.0,0.209,13,M,Azithromycin,1,0.1,S. flexneri,M90T,Sf,100x,0.187,0.03,0.188,1.1117021276595744
5/4/2022,4,M13,1-4-M13,1.08,0.22,13,M,Azithromycin,1,0.1,S. flexneri,M90T,Sf,100x,0.193,0.03,0.202,1.089108910891089
5/4/2022,4,M13,1-4-M13,2.16,0.253,13,M,Azithromycin,1,0.1,S. flexneri,M90T,Sf,100x,0.195,0.057999999999999996,0.236,1.0720338983050848
5/4/2022,4,M13,1-4-M13,3.24,0.314,13,M,Azithromycin,1,0.1,S. flexneri,M90T,Sf,100x,0.192,0.122,0.313,1.0031948881789137
5/4/2022,4,M13,1-4-M13,4.32,0.369,13,M,Azithromycin,1,0.1,S. flexneri,M90T,Sf,100x,0.19,0.179,0.382,0.9659685863874345
5/4/2022,4,M13,1-4-M13,5.41,0.412,13,M,Azithromycin,1,0.1,S. flexneri,M90T,Sf,100x,0.189,0.22299999999999998,0.431,0.9559164733178654
5/4/2022,4,M13,1-4-M13,6.49,0.444,13,M,Azithromycin,1,0.1,S. flexneri,M90T,Sf,100x,0.187,0.257,0.469,0.9466950959488274
5/4/2022,4,M13,1-4-M13,7.57,0.476,13,M,Azithromycin,1,0.1,S. flexneri,M90T,Sf,100x,0.187,0.289,0.495,0.9616161616161616
5/4/2022,4,M13,1-4-M13,8.65,0.488,13,M,Azithromycin,1,0.1,S. flexneri,M90T,Sf,100x,0.186,0.302,0.511,0.9549902152641878
5/4/2022,4,M13,1-4-M13,9.73,0.505,13,M,Azithromycin,1,0.1,S. flexneri,M90T,Sf,100x,0.186,0.319,0.525,0.9619047619047618
5/4/2022,4,M13,1-4-M13,10.82,0.517,13,M,Azithromycin,1,0.1,S. flexneri,M90T,Sf,100x,0.186,0.331,0.53,0.9754716981132076
5/4/2022,4,M13,1-4-M13,11.9,0.529,13,M,Azithromycin,1,0.1,S. flexneri,M90T,Sf,100x,0.187,0.342,0.538,0.983271375464684
5/4/2022,4,M13,1-4-M13,12.98,0.526,13,M,Azithromycin,1,0.1,S. flexneri,M90T,Sf,100x,0.187,0.339,0.54,0.9740740740740741
5/4/2022,4,M13,1-4-M13,14.06,0.54,13,M,Azithromycin,1,0.1,S. flexneri,M90T,Sf,100x,0.186,0.35400000000000004,0.546,0.989010989010989
5/4/2022,4,M13,1-4-M13,15.14,0.544,13,M,Azithromycin,1,0.1,S. flexneri,M90T,Sf,100x,0.187,0.35700000000000004,0.551,0.9872958257713249
5/4/2022,4,M15,1-4-M15,0.0,0.189,15,M,Azithromycin,1,0.03,S. flexneri,M90T,Sf,100x,0.187,0.03,0.188,1.0053191489361701
5/4/2022,4,M15,1-4-M15,1.08,0.204,15,M,Azithromycin,1,0.03,S. flexneri,M90T,Sf,100x,0.193,0.03,0.202,1.0099009900990097
5/4/2022,4,M15,1-4-M15,2.16,0.241,15,M,Azithromycin,1,0.03,S. flexneri,M90T,Sf,100x,0.195,0.045999999999999985,0.236,1.021186440677966
5/4/2022,4,M15,1-4-M15,3.24,0.314,15,M,Azithromycin,1,0.03,S. flexneri,M90T,Sf,100x,0.192,0.122,0.313,1.0031948881789137
5/4/2022,4,M15,1-4-M15,4.32,0.371,15,M,Azithromycin,1,0.03,S. flexneri,M90T,Sf,100x,0.19,0.181,0.382,0.9712041884816753
5/4/2022,4,M15,1-4-M15,5.41,0.408,15,M,Azithromycin,1,0.03,S. flexneri,M90T,Sf,100x,0.189,0.21899999999999997,0.431,0.9466357308584686
5/4/2022,4,M15,1-4-M15,6.49,0.434,15,M,Azithromycin,1,0.03,S. flexneri,M90T,Sf,100x,0.187,0.247,0.469,0.9253731343283582
5/4/2022,4,M15,1-4-M15,7.57,0.457,15,M,Azithromycin,1,0.03,S. flexneri,M90T,Sf,100x,0.187,0.27,0.495,0.9232323232323233
5/4/2022,4,M15,1-4-M15,8.65,0.475,15,M,Azithromycin,1,0.03,S. flexneri,M90T,Sf,100x,0.186,0.289,0.511,0.9295499021526418
5/4/2022,4,M15,1-4-M15,9.73,0.485,15,M,Azithromycin,1,0.03,S. flexneri,M90T,Sf,100x,0.186,0.299,0.525,0.9238095238095237
5/4/2022,4,M15,1-4-M15,10.82,0.497,15,M,Azithromycin,1,0.03,S. flexneri,M90T,Sf,100x,0.186,0.311,0.53,0.9377358490566037
5/4/2022,4,M15,1-4-M15,11.9,0.509,15,M,Azithromycin,1,0.03,S. flexneri,M90T,Sf,100x,0.187,0.322,0.538,0.9460966542750929
5/4/2022,4,M15,1-4-M15,12.98,0.513,15,M,Azithromycin,1,0.03,S. flexneri,M90T,Sf,100x,0.187,0.326,0.54,0.95
5/4/2022,4,M15,1-4-M15,14.06,0.52,15,M,Azithromycin,1,0.03,S. flexneri,M90T,Sf,100x,0.186,0.334,0.546,0.9523809523809523
5/4/2022,4,M15,1-4-M15,15.14,0.528,15,M,Azithromycin,1,0.03,S. flexneri,M90T,Sf,100x,0.187,0.341,0.551,0.9582577132486388
5/4/2022,4,M17,1-4-M17,0.0,0.188,17,M,Azithromycin,1,0.01,S. flexneri,M90T,Sf,100x,0.187,0.03,0.188,1.0
5/4/2022,4,M17,1-4-M17,1.08,0.206,17,M,Azithromycin,1,0.01,S. flexneri,M90T,Sf,100x,0.193,0.03,0.202,1.0198019801980196
5/4/2022,4,M17,1-4-M17,2.16,0.241,17,M,Azithromycin,1,0.01,S. flexneri,M90T,Sf,100x,0.195,0.045999999999999985,0.236,1.021186440677966
5/4/2022,4,M17,1-4-M17,3.24,0.318,17,M,Azithromycin,1,0.01,S. flexneri,M90T,Sf,100x,0.192,0.126,0.313,1.0159744408945688
5/4/2022,4,M17,1-4-M17,4.32,0.38,17,M,Azithromycin,1,0.01,S. flexneri,M90T,Sf,100x,0.19,0.19,0.382,0.9947643979057592
5/4/2022,4,M17,1-4-M17,5.41,0.417,17,M,Azithromycin,1,0.01,S. flexneri,M90T,Sf,100x,0.189,0.22799999999999998,0.431,0.9675174013921113
5/4/2022,4,M17,1-4-M17,6.49,0.44,17,M,Azithromycin,1,0.01,S. flexneri,M90T,Sf,100x,0.187,0.253,0.469,0.9381663113006398
5/4/2022,4,M17,1-4-M17,7.57,0.462,17,M,Azithromycin,1,0.01,S. flexneri,M90T,Sf,100x,0.187,0.275,0.495,0.9333333333333333
5/4/2022,4,M17,1-4-M17,8.65,0.479,17,M,Azithromycin,1,0.01,S. flexneri,M90T,Sf,100x,0.186,0.293,0.511,0.9373776908023482
5/4/2022,4,M17,1-4-M17,9.73,0.491,17,M,Azithromycin,1,0.01,S. flexneri,M90T,Sf,100x,0.186,0.305,0.525,0.9352380952380952
5/4/2022,4,M17,1-4-M17,10.82,0.501,17,M,Azithromycin,1,0.01,S. flexneri,M90T,Sf,100x,0.186,0.315,0.53,0.9452830188679244
5/4/2022,4,M17,1-4-M17,11.9,0.514,17,M,Azithromycin,1,0.01,S. flexneri,M90T,Sf,100x,0.187,0.327,0.538,0.9553903345724907
5/4/2022,4,M17,1-4-M17,12.98,0.518,17,M,Azithromycin,1,0.01,S. flexneri,M90T,Sf,100x,0.187,0.331,0.54,0.9592592592592593
5/4/2022,4,M17,1-4-M17,14.06,0.524,17,M,Azithromycin,1,0.01,S. flexneri,M90T,Sf,100x,0.186,0.338,0.546,0.9597069597069596
5/4/2022,4,M17,1-4-M17,15.14,0.532,17,M,Azithromycin,1,0.01,S. flexneri,M90T,Sf,100x,0.187,0.34500000000000003,0.551,0.9655172413793103
5/4/2022,4,M19,1-4-M19,0.0,0.19,19,M,Azithromycin,1,0.003,S. flexneri,M90T,Sf,100x,0.187,0.03,0.188,1.0106382978723405
5/4/2022,4,M19,1-4-M19,1.08,0.202,19,M,Azithromycin,1,0.003,S. flexneri,M90T,Sf,100x,0.193,0.03,0.202,1.0
5/4/2022,4,M19,1-4-M19,2.16,0.237,19,M,Azithromycin,1,0.003,S. flexneri,M90T,Sf,100x,0.195,0.04199999999999998,0.236,1.0042372881355932
5/4/2022,4,M19,1-4-M19,3.24,0.305,19,M,Azithromycin,1,0.003,S. flexneri,M90T,Sf,100x,0.192,0.11299999999999999,0.313,0.9744408945686901
5/4/2022,4,M19,1-4-M19,4.32,0.362,19,M,Azithromycin,1,0.003,S. flexneri,M90T,Sf,100x,0.19,0.172,0.382,0.9476439790575916
5/4/2022,4,M19,1-4-M19,5.41,0.402,19,M,Azithromycin,1,0.003,S. flexneri,M90T,Sf,100x,0.189,0.21300000000000002,0.431,0.9327146171693736
5/4/2022,4,M19,1-4-M19,6.49,0.432,19,M,Azithromycin,1,0.003,S. flexneri,M90T,Sf,100x,0.187,0.245,0.469,0.9211087420042644
5/4/2022,4,M19,1-4-M19,7.57,0.456,19,M,Azithromycin,1,0.003,S. flexneri,M90T,Sf,100x,0.187,0.269,0.495,0.9212121212121213
5/4/2022,4,M19,1-4-M19,8.65,0.475,19,M,Azithromycin,1,0.003,S. flexneri,M90T,Sf,100x,0.186,0.289,0.511,0.9295499021526418
5/4/2022,4,M19,1-4-M19,9.73,0.489,19,M,Azithromycin,1,0.003,S. flexneri,M90T,Sf,100x,0.186,0.303,0.525,0.9314285714285714
5/4/2022,4,M19,1-4-M19,10.82,0.5,19,M,Azithromycin,1,0.003,S. flexneri,M90T,Sf,100x,0.186,0.314,0.53,0.9433962264150942
5/4/2022,4,M19,1-4-M19,11.9,0.514,19,M,Azithromycin,1,0.003,S. flexneri,M90T,Sf,100x,0.187,0.327,0.538,0.9553903345724907
5/4/2022,4,M19,1-4-M19,12.98,0.518,19,M,Azithromycin,1,0.003,S. flexneri,M90T,Sf,100x,0.187,0.331,0.54,0.9592592592592593
5/4/2022,4,M19,1-4-M19,14.06,0.524,19,M,Azithromycin,1,0.003,S. flexneri,M90T,Sf,100x,0.186,0.338,0.546,0.9597069597069596
5/4/2022,4,M19,1-4-M19,15.14,0.532,19,M,Azithromycin,1,0.003,S. flexneri,M90T,Sf,100x,0.187,0.34500000000000003,0.551,0.9655172413793103
5/4/2022,4,M21,1-4-M21,0.0,0.188,21,M,Azithromycin,1,0.0,S. flexneri,M90T,Sf,100x,0.187,0.03,0.188,1.0
5/4/2022,4,M21,1-4-M21,1.08,0.202,21,M,Azithromycin,1,0.0,S. flexneri,M90T,Sf,100x,0.193,0.03,0.202,1.0
5/4/2022,4,M21,1-4-M21,2.16,0.236,21,M,Azithromycin,1,0.0,S. flexneri,M90T,Sf,100x,0.195,0.04099999999999998,0.236,1.0
5/4/2022,4,M21,1-4-M21,3.24,0.313,21,M,Azithromycin,1,0.0,S. flexneri,M90T,Sf,100x,0.192,0.121,0.313,1.0
5/4/2022,4,M21,1-4-M21,4.32,0.382,21,M,Azithromycin,1,0.0,S. flexneri,M90T,Sf,100x,0.19,0.192,0.382,1.0
5/4/2022,4,M21,1-4-M21,5.41,0.431,21,M,Azithromycin,1,0.0,S. flexneri,M90T,Sf,100x,0.189,0.242,0.431,1.0
5/4/2022,4,M21,1-4-M21,6.49,0.469,21,M,Azithromycin,1,0.0,S. flexneri,M90T,Sf,100x,0.187,0.282,0.469,1.0
5/4/2022,4,M21,1-4-M21,7.57,0.495,21,M,Azithromycin,1,0.0,S. flexneri,M90T,Sf,100x,0.187,0.308,0.495,1.0
5/4/2022,4,M21,1-4-M21,8.65,0.511,21,M,Azithromycin,1,0.0,S. flexneri,M90T,Sf,100x,0.186,0.325,0.511,1.0
5/4/2022,4,M21,1-4-M21,9.73,0.525,21,M,Azithromycin,1,0.0,S. flexneri,M90T,Sf,100x,0.186,0.339,0.525,1.0
5/4/2022,4,M21,1-4-M21,10.82,0.53,21,M,Azithromycin,1,0.0,S. flexneri,M90T,Sf,100x,0.186,0.34400000000000003,0.53,1.0
5/4/2022,4,M21,1-4-M21,11.9,0.538,21,M,Azithromycin,1,0.0,S. flexneri,M90T,Sf,100x,0.187,0.35100000000000003,0.538,1.0
5/4/2022,4,M21,1-4-M21,12.98,0.54,21,M,Azithromycin,1,0.0,S. flexneri,M90T,Sf,100x,0.187,0.35300000000000004,0.54,1.0
5/4/2022,4,M21,1-4-M21,14.06,0.546,21,M,Azithromycin,1,0.0,S. flexneri,M90T,Sf,100x,0.186,0.36000000000000004,0.546,1.0
5/4/2022,4,M21,1-4-M21,15.14,0.551,21,M,Azithromycin,1,0.0,S. flexneri,M90T,Sf,100x,0.187,0.36400000000000005,0.551,1.0
5/4/2022,4,M23,1-4-M23,0.0,0.187,23,M,Azithromycin,1,-1.0,S. flexneri,M90T,Sf,100x,0.187,0.03,0.188,0.9946808510638298
5/4/2022,4,M23,1-4-M23,1.08,0.193,23,M,Azithromycin,1,-1.0,S. flexneri,M90T,Sf,100x,0.193,0.03,0.202,0.9554455445544554
5/4/2022,4,M23,1-4-M23,2.16,0.195,23,M,Azithromycin,1,-1.0,S. flexneri,M90T,Sf,100x,0.195,0.03,0.236,0.826271186440678
5/4/2022,4,M23,1-4-M23,3.24,0.192,23,M,Azithromycin,1,-1.0,S. flexneri,M90T,Sf,100x,0.192,0.03,0.313,0.6134185303514377
5/4/2022,4,M23,1-4-M23,4.32,0.19,23,M,Azithromycin,1,-1.0,S. flexneri,M90T,Sf,100x,0.19,0.03,0.382,0.4973821989528796
5/4/2022,4,M23,1-4-M23,5.41,0.189,23,M,Azithromycin,1,-1.0,S. flexneri,M90T,Sf,100x,0.189,0.03,0.431,0.4385150812064965
5/4/2022,4,M23,1-4-M23,6.49,0.187,23,M,Azithromycin,1,-1.0,S. flexneri,M90T,Sf,100x,0.187,0.03,0.469,0.39872068230277186
5/4/2022,4,M23,1-4-M23,7.57,0.187,23,M,Azithromycin,1,-1.0,S. flexneri,M90T,Sf,100x,0.187,0.03,0.495,0.37777777777777777
5/4/2022,4,M23,1-4-M23,8.65,0.186,23,M,Azithromycin,1,-1.0,S. flexneri,M90T,Sf,100x,0.186,0.03,0.511,0.3639921722113503
5/4/2022,4,M23,1-4-M23,9.73,0.186,23,M,Azithromycin,1,-1.0,S. flexneri,M90T,Sf,100x,0.186,0.03,0.525,0.35428571428571426
5/4/2022,4,M23,1-4-M23,10.82,0.186,23,M,Azithromycin,1,-1.0,S. flexneri,M90T,Sf,100x,0.186,0.03,0.53,0.35094339622641507
5/4/2022,4,M23,1-4-M23,11.9,0.187,23,M,Azithromycin,1,-1.0,S. flexneri,M90T,Sf,100x,0.187,0.03,0.538,0.34758364312267653
5/4/2022,4,M23,1-4-M23,12.98,0.187,23,M,Azithromycin,1,-1.0,S. flexneri,M90T,Sf,100x,0.187,0.03,0.54,0.34629629629629627
5/4/2022,4,M23,1-4-M23,14.06,0.186,23,M,Azithromycin,1,-1.0,S. flexneri,M90T,Sf,100x,0.186,0.03,0.546,0.3406593406593406
5/4/2022,4,M23,1-4-M23,15.14,0.187,23,M,Azithromycin,1,-1.0,S. flexneri,M90T,Sf,100x,0.187,0.03,0.551,0.3393829401088929
5/4/2022,4,M3,1-4-M3,0.0,0.196,3,M,Azithromycin,1,30.0,S. flexneri,M90T,Sf,100x,0.187,0.03,0.188,1.0425531914893618
5/4/2022,4,M3,1-4-M3,1.08,0.2,3,M,Azithromycin,1,30.0,S. flexneri,M90T,Sf,100x,0.193,0.03,0.202,0.9900990099009901
5/4/2022,4,M3,1-4-M3,2.16,0.202,3,M,Azithromycin,1,30.0,S. flexneri,M90T,Sf,100x,0.195,0.03,0.236,0.8559322033898306
5/4/2022,4,M3,1-4-M3,3.24,0.204,3,M,Azithromycin,1,30.0,S. flexneri,M90T,Sf,100x,0.192,0.03,0.313,0.6517571884984025
5/4/2022,4,M3,1-4-M3,4.32,0.206,3,M,Azithromycin,1,30.0,S. flexneri,M90T,Sf,100x,0.19,0.03,0.382,0.5392670157068062
5/4/2022,4,M3,1-4-M3,5.41,0.21,3,M,Azithromycin,1,30.0,S. flexneri,M90T,Sf,100x,0.189,0.03,0.431,0.4872389791183295
5/4/2022,4,M3,1-4-M3,6.49,0.215,3,M,Azithromycin,1,30.0,S. flexneri,M90T,Sf,100x,0.187,0.03,0.469,0.4584221748400853
5/4/2022,4,M3,1-4-M3,7.57,0.223,3,M,Azithromycin,1,30.0,S. flexneri,M90T,Sf,100x,0.187,0.036000000000000004,0.495,0.4505050505050505
5/4/2022,4,M3,1-4-M3,8.65,0.236,3,M,Azithromycin,1,30.0,S. flexneri,M90T,Sf,100x,0.186,0.04999999999999999,0.511,0.461839530332681
5/4/2022,4,M3,1-4-M3,9.73,0.252,3,M,Azithromycin,1,30.0,S. flexneri,M90T,Sf,100x,0.186,0.066,0.525,0.48
5/4/2022,4,M3,1-4-M3,10.82,0.268,3,M,Azithromycin,1,30.0,S. flexneri,M90T,Sf,100x,0.186,0.08200000000000002,0.53,0.5056603773584906
5/4/2022,4,M3,1-4-M3,11.9,0.287,3,M,Azithromycin,1,30.0,S. flexneri,M90T,Sf,100x,0.187,0.09999999999999998,0.538,0.5334572490706319
5/4/2022,4,M3,1-4-M3,12.98,0.306,3,M,Azithromycin,1,30.0,S. flexneri,M90T,Sf,100x,0.187,0.119,0.54,0.5666666666666667
5/4/2022,4,M3,1-4-M3,14.06,0.322,3,M,Azithromycin,1,30.0,S. flexneri,M90T,Sf,100x,0.186,0.136,0.546,0.5897435897435898
5/4/2022,4,M3,1-4-M3,15.14,0.338,3,M,Azithromycin,1,30.0,S. flexneri,M90T,Sf,100x,0.187,0.15100000000000002,0.551,0.6134301270417423
5/4/2022,4,M5,1-4-M5,0.0,0.216,5,M,Azithromycin,1,10.0,S. flexneri,M90T,Sf,100x,0.187,0.03,0.188,1.1489361702127658
5/4/2022,4,M5,1-4-M5,1.08,0.226,5,M,Azithromycin,1,10.0,S. flexneri,M90T,Sf,100x,0.193,0.033,0.202,1.1188118811881187
5/4/2022,4,M5,1-4-M5,2.16,0.236,5,M,Azithromycin,1,10.0,S. flexneri,M90T,Sf,100x,0.195,0.04099999999999998,0.236,1.0
5/4/2022,4,M5,1-4-M5,3.24,0.262,5,M,Azithromycin,1,10.0,S. flexneri,M90T,Sf,100x,0.192,0.07,0.313,0.8370607028753994
5/4/2022,4,M5,1-4-M5,4.32,0.292,5,M,Azithromycin,1,10.0,S. flexneri,M90T,Sf,100x,0.19,0.10199999999999998,0.382,0.7643979057591622
5/4/2022,4,M5,1-4-M5,5.41,0.323,5,M,Azithromycin,1,10.0,S. flexneri,M90T,Sf,100x,0.189,0.134,0.431,0.7494199535962878
5/4/2022,4,M5,1-4-M5,6.49,0.359,5,M,Azithromycin,1,10.0,S. flexneri,M90T,Sf,100x,0.187,0.172,0.469,0.7654584221748401
5/4/2022,4,M5,1-4-M5,7.57,0.387,5,M,Azithromycin,1,10.0,S. flexneri,M90T,Sf,100x,0.187,0.2,0.495,0.7818181818181819
5/4/2022,4,M5,1-4-M5,8.65,0.401,5,M,Azithromycin,1,10.0,S. flexneri,M90T,Sf,100x,0.186,0.21500000000000002,0.511,0.7847358121330724
5/4/2022,4,M5,1-4-M5,9.73,0.409,5,M,Azithromycin,1,10.0,S. flexneri,M90T,Sf,100x,0.186,0.22299999999999998,0.525,0.779047619047619
5/4/2022,4,M5,1-4-M5,10.82,0.416,5,M,Azithromycin,1,10.0,S. flexneri,M90T,Sf,100x,0.186,0.22999999999999998,0.53,0.7849056603773584
5/4/2022,4,M5,1-4-M5,11.9,0.419,5,M,Azithromycin,1,10.0,S. flexneri,M90T,Sf,100x,0.187,0.23199999999999998,0.538,0.778810408921933
5/4/2022,4,M5,1-4-M5,12.98,0.418,5,M,Azithromycin,1,10.0,S. flexneri,M90T,Sf,100x,0.187,0.23099999999999998,0.54,0.774074074074074
5/4/2022,4,M5,1-4-M5,14.06,0.422,5,M,Azithromycin,1,10.0,S. flexneri,M90T,Sf,100x,0.186,0.236,0.546,0.7728937728937728
5/4/2022,4,M5,1-4-M5,15.14,0.43,5,M,Azithromycin,1,10.0,S. flexneri,M90T,Sf,100x,0.187,0.243,0.551,0.7803992740471869
5/4/2022,4,M7,1-4-M7,0.0,0.22,7,M,Azithromycin,1,3.0,S. flexneri,M90T,Sf,100x,0.187,0.033,0.188,1.1702127659574468
5/4/2022,4,M7,1-4-M7,1.08,0.232,7,M,Azithromycin,1,3.0,S. flexneri,M90T,Sf,100x,0.193,0.03900000000000001,0.202,1.1485148514851484
5/4/2022,4,M7,1-4-M7,2.16,0.259,7,M,Azithromycin,1,3.0,S. flexneri,M90T,Sf,100x,0.195,0.064,0.236,1.0974576271186443
5/4/2022,4,M7,1-4-M7,3.24,0.321,7,M,Azithromycin,1,3.0,S. flexneri,M90T,Sf,100x,0.192,0.129,0.313,1.02555910543131
5/4/2022,4,M7,1-4-M7,4.32,0.379,7,M,Azithromycin,1,3.0,S. flexneri,M90T,Sf,100x,0.19,0.189,0.382,0.9921465968586387
5/4/2022,4,M7,1-4-M7,5.41,0.42,7,M,Azithromycin,1,3.0,S. flexneri,M90T,Sf,100x,0.189,0.23099999999999998,0.431,0.974477958236659
5/4/2022,4,M7,1-4-M7,6.49,0.446,7,M,Azithromycin,1,3.0,S. flexneri,M90T,Sf,100x,0.187,0.259,0.469,0.9509594882729212
5/4/2022,4,M7,1-4-M7,7.57,0.466,7,M,Azithromycin,1,3.0,S. flexneri,M90T,Sf,100x,0.187,0.279,0.495,0.9414141414141415
5/4/2022,4,M7,1-4-M7,8.65,0.475,7,M,Azithromycin,1,3.0,S. flexneri,M90T,Sf,100x,0.186,0.289,0.511,0.9295499021526418
5/4/2022,4,M7,1-4-M7,9.73,0.482,7,M,Azithromycin,1,3.0,S. flexneri,M90T,Sf,100x,0.186,0.296,0.525,0.9180952380952381
5/4/2022,4,M7,1-4-M7,10.82,0.484,7,M,Azithromycin,1,3.0,S. flexneri,M90T,Sf,100x,0.186,0.298,0.53,0.9132075471698112
5/4/2022,4,M7,1-4-M7,11.9,0.502,7,M,Azithromycin,1,3.0,S. flexneri,M90T,Sf,100x,0.187,0.315,0.538,0.933085501858736
5/4/2022,4,M7,1-4-M7,12.98,0.504,7,M,Azithromycin,1,3.0,S. flexneri,M90T,Sf,100x,0.187,0.317,0.54,0.9333333333333332
5/4/2022,4,M7,1-4-M7,14.06,0.504,7,M,Azithromycin,1,3.0,S. flexneri,M90T,Sf,100x,0.186,0.318,0.546,0.923076923076923
5/4/2022,4,M7,1-4-M7,15.14,0.506,7,M,Azithromycin,1,3.0,S. flexneri,M90T,Sf,100x,0.187,0.319,0.551,0.9183303085299455
5/4/2022,4,M9,1-4-M9,0.0,0.198,9,M,Azithromycin,1,1.0,S. flexneri,M90T,Sf,100x,0.187,0.03,0.188,1.0531914893617023
5/4/2022,4,M9,1-4-M9,1.08,0.217,9,M,Azithromycin,1,1.0,S. flexneri,M90T,Sf,100x,0.193,0.03,0.202,1.074257425742574
5/4/2022,4,M9,1-4-M9,2.16,0.246,9,M,Azithromycin,1,1.0,S. flexneri,M90T,Sf,100x,0.195,0.05099999999999999,0.236,1.0423728813559323
5/4/2022,4,M9,1-4-M9,3.24,0.312,9,M,Azithromycin,1,1.0,S. flexneri,M90T,Sf,100x,0.192,0.12,0.313,0.9968051118210862
5/4/2022,4,M9,1-4-M9,4.32,0.377,9,M,Azithromycin,1,1.0,S. flexneri,M90T,Sf,100x,0.19,0.187,0.382,0.9869109947643979
5/4/2022,4,M9,1-4-M9,5.41,0.423,9,M,Azithromycin,1,1.0,S. flexneri,M90T,Sf,100x,0.189,0.23399999999999999,0.431,0.9814385150812065
5/4/2022,4,M9,1-4-M9,6.49,0.46,9,M,Azithromycin,1,1.0,S. flexneri,M90T,Sf,100x,0.187,0.273,0.469,0.9808102345415779
5/4/2022,4,M9,1-4-M9,7.57,0.482,9,M,Azithromycin,1,1.0,S. flexneri,M90T,Sf,100x,0.187,0.295,0.495,0.9737373737373737
5/4/2022,4,M9,1-4-M9,8.65,0.499,9,M,Azithromycin,1,1.0,S. flexneri,M90T,Sf,100x,0.186,0.313,0.511,0.9765166340508806
5/4/2022,4,M9,1-4-M9,9.73,0.505,9,M,Azithromycin,1,1.0,S. flexneri,M90T,Sf,100x,0.186,0.319,0.525,0.9619047619047618
5/4/2022,4,M9,1-4-M9,10.82,0.508,9,M,Azithromycin,1,1.0,S. flexneri,M90T,Sf,100x,0.186,0.322,0.53,0.9584905660377359
5/4/2022,4,M9,1-4-M9,11.9,0.515,9,M,Azithromycin,1,1.0,S. flexneri,M90T,Sf,100x,0.187,0.328,0.538,0.9572490706319702
5/4/2022,4,M9,1-4-M9,12.98,0.517,9,M,Azithromycin,1,1.0,S. flexneri,M90T,Sf,100x,0.187,0.33,0.54,0.9574074074074074
5/4/2022,4,M9,1-4-M9,14.06,0.522,9,M,Azithromycin,1,1.0,S. flexneri,M90T,Sf,100x,0.186,0.336,0.546,0.956043956043956
5/4/2022,4,M9,1-4-M9,15.14,0.52,9,M,Azithromycin,1,1.0,S. flexneri,M90T,Sf,100x,0.187,0.333,0.551,0.9437386569872958
5/5/2022,2,M1,2-2-M1,0.0,0.202,1,M,Azithromycin,1,100.0,S. flexneri,M90T,Sf,100x,0.173,0.03,0.182,1.10989010989011
5/5/2022,2,M1,2-2-M1,1.08,0.214,1,M,Azithromycin,1,100.0,S. flexneri,M90T,Sf,100x,0.182,0.032,0.197,1.0862944162436547
5/5/2022,2,M1,2-2-M1,2.16,0.209,1,M,Azithromycin,1,100.0,S. flexneri,M90T,Sf,100x,0.179,0.03,0.19,1.0999999999999999
5/5/2022,2,M1,2-2-M1,3.24,0.207,1,M,Azithromycin,1,100.0,S. flexneri,M90T,Sf,100x,0.18,0.03,0.217,0.9539170506912442
5/5/2022,2,M1,2-2-M1,4.32,0.208,1,M,Azithromycin,1,100.0,S. flexneri,M90T,Sf,100x,0.179,0.03,0.27,0.7703703703703703
5/5/2022,2,M1,2-2-M1,5.4,0.207,1,M,Azithromycin,1,100.0,S. flexneri,M90T,Sf,100x,0.179,0.03,0.326,0.6349693251533742
5/5/2022,2,M1,2-2-M1,6.48,0.206,1,M,Azithromycin,1,100.0,S. flexneri,M90T,Sf,100x,0.179,0.03,0.37,0.5567567567567567
5/5/2022,2,M1,2-2-M1,7.57,0.205,1,M,Azithromycin,1,100.0,S. flexneri,M90T,Sf,100x,0.178,0.03,0.404,0.5074257425742573
5/5/2022,2,M1,2-2-M1,8.65,0.203,1,M,Azithromycin,1,100.0,S. flexneri,M90T,Sf,100x,0.179,0.03,0.435,0.4666666666666667
5/5/2022,2,M1,2-2-M1,9.73,0.205,1,M,Azithromycin,1,100.0,S. flexneri,M90T,Sf,100x,0.178,0.03,0.465,0.4408602150537634
5/5/2022,2,M1,2-2-M1,10.81,0.203,1,M,Azithromycin,1,100.0,S. flexneri,M90T,Sf,100x,0.178,0.03,0.475,0.4273684210526316
5/5/2022,2,M1,2-2-M1,11.89,0.201,1,M,Azithromycin,1,100.0,S. flexneri,M90T,Sf,100x,0.178,0.03,0.49,0.4102040816326531
5/5/2022,2,M1,2-2-M1,12.97,0.201,1,M,Azithromycin,1,100.0,S. flexneri,M90T,Sf,100x,0.179,0.03,0.499,0.4028056112224449
5/5/2022,2,M11,2-2-M11,0.0,0.202,11,M,Azithromycin,1,0.3,S. flexneri,M90T,Sf,100x,0.173,0.03,0.182,1.10989010989011
5/5/2022,2,M11,2-2-M11,1.08,0.228,11,M,Azithromycin,1,0.3,S. flexneri,M90T,Sf,100x,0.182,0.04600000000000001,0.197,1.1573604060913705
5/5/2022,2,M11,2-2-M11,2.16,0.211,11,M,Azithromycin,1,0.3,S. flexneri,M90T,Sf,100x,0.179,0.032,0.19,1.1105263157894736
5/5/2022,2,M11,2-2-M11,3.24,0.228,11,M,Azithromycin,1,0.3,S. flexneri,M90T,Sf,100x,0.18,0.048000000000000015,0.217,1.0506912442396314
5/5/2022,2,M11,2-2-M11,4.32,0.276,11,M,Azithromycin,1,0.3,S. flexneri,M90T,Sf,100x,0.179,0.09700000000000003,0.27,1.0222222222222221
5/5/2022,2,M11,2-2-M11,5.4,0.333,11,M,Azithromycin,1,0.3,S. flexneri,M90T,Sf,100x,0.179,0.15400000000000003,0.326,1.021472392638037
5/5/2022,2,M11,2-2-M11,6.48,0.381,11,M,Azithromycin,1,0.3,S. flexneri,M90T,Sf,100x,0.179,0.202,0.37,1.0297297297297296
5/5/2022,2,M11,2-2-M11,7.57,0.408,11,M,Azithromycin,1,0.3,S. flexneri,M90T,Sf,100x,0.178,0.22999999999999998,0.404,1.0099009900990097
5/5/2022,2,M11,2-2-M11,8.65,0.438,11,M,Azithromycin,1,0.3,S. flexneri,M90T,Sf,100x,0.179,0.259,0.435,1.006896551724138
5/5/2022,2,M11,2-2-M11,9.73,0.463,11,M,Azithromycin,1,0.3,S. flexneri,M90T,Sf,100x,0.178,0.28500000000000003,0.465,0.9956989247311828
5/5/2022,2,M11,2-2-M11,10.81,0.469,11,M,Azithromycin,1,0.3,S. flexneri,M90T,Sf,100x,0.178,0.291,0.475,0.9873684210526316
5/5/2022,2,M11,2-2-M11,11.89,0.473,11,M,Azithromycin,1,0.3,S. flexneri,M90T,Sf,100x,0.178,0.295,0.49,0.9653061224489795
5/5/2022,2,M11,2-2-M11,12.97,0.479,11,M,Azithromycin,1,0.3,S. flexneri,M90T,Sf,100x,0.179,0.3,0.499,0.9599198396793587
5/5/2022,2,M13,2-2-M13,0.0,0.226,13,M,Azithromycin,1,0.1,S. flexneri,M90T,Sf,100x,0.173,0.05300000000000002,0.182,1.2417582417582418
5/5/2022,2,M13,2-2-M13,1.08,0.233,13,M,Azithromycin,1,0.1,S. flexneri,M90T,Sf,100x,0.182,0.05100000000000002,0.197,1.1827411167512691
5/5/2022,2,M13,2-2-M13,2.16,0.233,13,M,Azithromycin,1,0.1,S. flexneri,M90T,Sf,100x,0.179,0.05400000000000002,0.19,1.2263157894736842
5/5/2022,2,M13,2-2-M13,3.24,0.258,13,M,Azithromycin,1,0.1,S. flexneri,M90T,Sf,100x,0.18,0.07800000000000001,0.217,1.1889400921658986
5/5/2022,2,M13,2-2-M13,4.32,0.318,13,M,Azithromycin,1,0.1,S. flexneri,M90T,Sf,100x,0.179,0.139,0.27,1.1777777777777778
5/5/2022,2,M13,2-2-M13,5.4,0.381,13,M,Azithromycin,1,0.1,S. flexneri,M90T,Sf,100x,0.179,0.202,0.326,1.1687116564417177
5/5/2022,2,M13,2-2-M13,6.48,0.426,13,M,Azithromycin,1,0.1,S. flexneri,M90T,Sf,100x,0.179,0.247,0.37,1.1513513513513514
5/5/2022,2,M13,2-2-M13,7.57,0.458,13,M,Azithromycin,1,0.1,S. flexneri,M90T,Sf,100x,0.178,0.28,0.404,1.1336633663366336
5/5/2022,2,M13,2-2-M13,8.65,0.489,13,M,Azithromycin,1,0.1,S. flexneri,M90T,Sf,100x,0.179,0.31,0.435,1.1241379310344828
5/5/2022,2,M13,2-2-M13,9.73,0.511,13,M,Azithromycin,1,0.1,S. flexneri,M90T,Sf,100x,0.178,0.333,0.465,1.0989247311827957
5/5/2022,2,M13,2-2-M13,10.81,0.523,13,M,Azithromycin,1,0.1,S. flexneri,M90T,Sf,100x,0.178,0.34500000000000003,0.475,1.1010526315789475
5/5/2022,2,M13,2-2-M13,11.89,0.53,13,M,Azithromycin,1,0.1,S. flexneri,M90T,Sf,100x,0.178,0.35200000000000004,0.49,1.0816326530612246
5/5/2022,2,M13,2-2-M13,12.97,0.536,13,M,Azithromycin,1,0.1,S. flexneri,M90T,Sf,100x,0.179,0.35700000000000004,0.499,1.0741482965931863
5/5/2022,2,M15,2-2-M15,0.0,0.202,15,M,Azithromycin,1,0.03,S. flexneri,M90T,Sf,100x,0.173,0.03,0.182,1.10989010989011
5/5/2022,2,M15,2-2-M15,1.08,0.219,15,M,Azithromycin,1,0.03,S. flexneri,M90T,Sf,100x,0.182,0.037000000000000005,0.197,1.1116751269035532
5/5/2022,2,M15,2-2-M15,2.16,0.216,15,M,Azithromycin,1,0.03,S. flexneri,M90T,Sf,100x,0.179,0.037000000000000005,0.19,1.1368421052631579
5/5/2022,2,M15,2-2-M15,3.24,0.242,15,M,Azithromycin,1,0.03,S. flexneri,M90T,Sf,100x,0.18,0.062,0.217,1.1152073732718895
5/5/2022,2,M15,2-2-M15,4.32,0.294,15,M,Azithromycin,1,0.03,S. flexneri,M90T,Sf,100x,0.179,0.11499999999999999,0.27,1.0888888888888888
5/5/2022,2,M15,2-2-M15,5.4,0.346,15,M,Azithromycin,1,0.03,S. flexneri,M90T,Sf,100x,0.179,0.16699999999999998,0.326,1.0613496932515336
5/5/2022,2,M15,2-2-M15,6.48,0.387,15,M,Azithromycin,1,0.03,S. flexneri,M90T,Sf,100x,0.179,0.20800000000000002,0.37,1.045945945945946
5/5/2022,2,M15,2-2-M15,7.57,0.419,15,M,Azithromycin,1,0.03,S. flexneri,M90T,Sf,100x,0.178,0.241,0.404,1.037128712871287
5/5/2022,2,M15,2-2-M15,8.65,0.447,15,M,Azithromycin,1,0.03,S. flexneri,M90T,Sf,100x,0.179,0.268,0.435,1.0275862068965518
5/5/2022,2,M15,2-2-M15,9.73,0.471,15,M,Azithromycin,1,0.03,S. flexneri,M90T,Sf,100x,0.178,0.293,0.465,1.0129032258064514
5/5/2022,2,M15,2-2-M15,10.81,0.48,15,M,Azithromycin,1,0.03,S. flexneri,M90T,Sf,100x,0.178,0.302,0.475,1.0105263157894737
5/5/2022,2,M15,2-2-M15,11.89,0.488,15,M,Azithromycin,1,0.03,S. flexneri,M90T,Sf,100x,0.178,0.31,0.49,0.9959183673469387
5/5/2022,2,M15,2-2-M15,12.97,0.498,15,M,Azithromycin,1,0.03,S. flexneri,M90T,Sf,100x,0.179,0.319,0.499,0.9979959919839679
5/5/2022,2,M17,2-2-M17,0.0,0.222,17,M,Azithromycin,1,0.01,S. flexneri,M90T,Sf,100x,0.173,0.049000000000000016,0.182,1.2197802197802199
5/5/2022,2,M17,2-2-M17,1.08,0.233,17,M,Azithromycin,1,0.01,S. flexneri,M90T,Sf,100x,0.182,0.05100000000000002,0.197,1.1827411167512691
5/5/2022,2,M17,2-2-M17,2.16,0.231,17,M,Azithromycin,1,0.01,S. flexneri,M90T,Sf,100x,0.179,0.05200000000000002,0.19,1.2157894736842105
5/5/2022,2,M17,2-2-M17,3.24,0.259,17,M,Azithromycin,1,0.01,S. flexneri,M90T,Sf,100x,0.18,0.07900000000000001,0.217,1.1935483870967742
5/5/2022,2,M17,2-2-M17,4.32,0.329,17,M,Azithromycin,1,0.01,S. flexneri,M90T,Sf,100x,0.179,0.15000000000000002,0.27,1.2185185185185186
5/5/2022,2,M17,2-2-M17,5.4,0.407,17,M,Azithromycin,1,0.01,S. flexneri,M90T,Sf,100x,0.179,0.22799999999999998,0.326,1.2484662576687116
5/5/2022,2,M17,2-2-M17,6.48,0.467,17,M,Azithromycin,1,0.01,S. flexneri,M90T,Sf,100x,0.179,0.28800000000000003,0.37,1.2621621621621621
5/5/2022,2,M17,2-2-M17,7.57,0.514,17,M,Azithromycin,1,0.01,S. flexneri,M90T,Sf,100x,0.178,0.336,0.404,1.2722772277227723
5/5/2022,2,M17,2-2-M17,8.65,0.548,17,M,Azithromycin,1,0.01,S. flexneri,M90T,Sf,100x,0.179,0.36900000000000005,0.435,1.2597701149425289
5/5/2022,2,M17,2-2-M17,9.73,0.569,17,M,Azithromycin,1,0.01,S. flexneri,M90T,Sf,100x,0.178,0.39099999999999996,0.465,1.2236559139784944
5/5/2022,2,M17,2-2-M17,10.81,0.582,17,M,Azithromycin,1,0.01,S. flexneri,M90T,Sf,100x,0.178,0.40399999999999997,0.475,1.2252631578947368
5/5/2022,2,M17,2-2-M17,11.89,0.587,17,M,Azithromycin,1,0.01,S. flexneri,M90T,Sf,100x,0.178,0.409,0.49,1.1979591836734693
5/5/2022,2,M17,2-2-M17,12.97,0.59,17,M,Azithromycin,1,0.01,S. flexneri,M90T,Sf,100x,0.179,0.411,0.499,1.1823647294589177
5/5/2022,2,M19,2-2-M19,0.0,0.185,19,M,Azithromycin,1,0.003,S. flexneri,M90T,Sf,100x,0.173,0.03,0.182,1.0164835164835164
5/5/2022,2,M19,2-2-M19,1.08,0.201,19,M,Azithromycin,1,0.003,S. flexneri,M90T,Sf,100x,0.182,0.03,0.197,1.0203045685279188
5/5/2022,2,M19,2-2-M19,2.16,0.2,19,M,Azithromycin,1,0.003,S. flexneri,M90T,Sf,100x,0.179,0.03,0.19,1.0526315789473684
5/5/2022,2,M19,2-2-M19,3.24,0.228,19,M,Azithromycin,1,0.003,S. flexneri,M90T,Sf,100x,0.18,0.048000000000000015,0.217,1.0506912442396314
5/5/2022,2,M19,2-2-M19,4.32,0.285,19,M,Azithromycin,1,0.003,S. flexneri,M90T,Sf,100x,0.179,0.10599999999999998,0.27,1.0555555555555554
5/5/2022,2,M19,2-2-M19,5.4,0.336,19,M,Azithromycin,1,0.003,S. flexneri,M90T,Sf,100x,0.179,0.15700000000000003,0.326,1.030674846625767
5/5/2022,2,M19,2-2-M19,6.48,0.38,19,M,Azithromycin,1,0.003,S. flexneri,M90T,Sf,100x,0.179,0.201,0.37,1.027027027027027
5/5/2022,2,M19,2-2-M19,7.57,0.41,19,M,Azithromycin,1,0.003,S. flexneri,M90T,Sf,100x,0.178,0.23199999999999998,0.404,1.0148514851485146
5/5/2022,2,M19,2-2-M19,8.65,0.437,19,M,Azithromycin,1,0.003,S. flexneri,M90T,Sf,100x,0.179,0.258,0.435,1.0045977011494254
5/5/2022,2,M19,2-2-M19,9.73,0.458,19,M,Azithromycin,1,0.003,S. flexneri,M90T,Sf,100x,0.178,0.28,0.465,0.9849462365591398
5/5/2022,2,M19,2-2-M19,10.81,0.473,19,M,Azithromycin,1,0.003,S. flexneri,M90T,Sf,100x,0.178,0.295,0.475,0.9957894736842106
5/5/2022,2,M19,2-2-M19,11.89,0.483,19,M,Azithromycin,1,0.003,S. flexneri,M90T,Sf,100x,0.178,0.305,0.49,0.9857142857142857
5/5/2022,2,M19,2-2-M19,12.97,0.492,19,M,Azithromycin,1,0.003,S. flexneri,M90T,Sf,100x,0.179,0.313,0.499,0.9859719438877755
5/5/2022,2,M21,2-2-M21,0.0,0.182,21,M,Azithromycin,1,0.0,S. flexneri,M90T,Sf,100x,0.173,0.03,0.182,1.0
5/5/2022,2,M21,2-2-M21,1.08,0.197,21,M,Azithromycin,1,0.0,S. flexneri,M90T,Sf,100x,0.182,0.03,0.197,1.0
5/5/2022,2,M21,2-2-M21,2.16,0.19,21,M,Azithromycin,1,0.0,S. flexneri,M90T,Sf,100x,0.179,0.03,0.19,1.0
5/5/2022,2,M21,2-2-M21,3.24,0.217,21,M,Azithromycin,1,0.0,S. flexneri,M90T,Sf,100x,0.18,0.037000000000000005,0.217,1.0
5/5/2022,2,M21,2-2-M21,4.32,0.27,21,M,Azithromycin,1,0.0,S. flexneri,M90T,Sf,100x,0.179,0.09100000000000003,0.27,1.0
5/5/2022,2,M21,2-2-M21,5.4,0.326,21,M,Azithromycin,1,0.0,S. flexneri,M90T,Sf,100x,0.179,0.14700000000000002,0.326,1.0
5/5/2022,2,M21,2-2-M21,6.48,0.37,21,M,Azithromycin,1,0.0,S. flexneri,M90T,Sf,100x,0.179,0.191,0.37,1.0
5/5/2022,2,M21,2-2-M21,7.57,0.404,21,M,Azithromycin,1,0.0,S. flexneri,M90T,Sf,100x,0.178,0.22600000000000003,0.404,1.0
5/5/2022,2,M21,2-2-M21,8.65,0.435,21,M,Azithromycin,1,0.0,S. flexneri,M90T,Sf,100x,0.179,0.256,0.435,1.0
5/5/2022,2,M21,2-2-M21,9.73,0.465,21,M,Azithromycin,1,0.0,S. flexneri,M90T,Sf,100x,0.178,0.28700000000000003,0.465,1.0
5/5/2022,2,M21,2-2-M21,10.81,0.475,21,M,Azithromycin,1,0.0,S. flexneri,M90T,Sf,100x,0.178,0.297,0.475,1.0
5/5/2022,2,M21,2-2-M21,11.89,0.49,21,M,Azithromycin,1,0.0,S. flexneri,M90T,Sf,100x,0.178,0.312,0.49,1.0
5/5/2022,2,M21,2-2-M21,12.97,0.499,21,M,Azithromycin,1,0.0,S. flexneri,M90T,Sf,100x,0.179,0.32,0.499,1.0
5/5/2022,2,M23,2-2-M23,0.0,0.173,23,M,Azithromycin,1,-1.0,S. flexneri,M90T,Sf,100x,0.173,0.03,0.182,0.9505494505494505
5/5/2022,2,M23,2-2-M23,1.08,0.182,23,M,Azithromycin,1,-1.0,S. flexneri,M90T,Sf,100x,0.182,0.03,0.197,0.9238578680203045
5/5/2022,2,M23,2-2-M23,2.16,0.179,23,M,Azithromycin,1,-1.0,S. flexneri,M90T,Sf,100x,0.179,0.03,0.19,0.9421052631578947
5/5/2022,2,M23,2-2-M23,3.24,0.18,23,M,Azithromycin,1,-1.0,S. flexneri,M90T,Sf,100x,0.18,0.03,0.217,0.8294930875576036
5/5/2022,2,M23,2-2-M23,4.32,0.179,23,M,Azithromycin,1,-1.0,S. flexneri,M90T,Sf,100x,0.179,0.03,0.27,0.6629629629629629
5/5/2022,2,M23,2-2-M23,5.4,0.179,23,M,Azithromycin,1,-1.0,S. flexneri,M90T,Sf,100x,0.179,0.03,0.326,0.5490797546012269
5/5/2022,2,M23,2-2-M23,6.48,0.179,23,M,Azithromycin,1,-1.0,S. flexneri,M90T,Sf,100x,0.179,0.03,0.37,0.4837837837837838
5/5/2022,2,M23,2-2-M23,7.57,0.178,23,M,Azithromycin,1,-1.0,S. flexneri,M90T,Sf,100x,0.178,0.03,0.404,0.44059405940594054
5/5/2022,2,M23,2-2-M23,8.65,0.179,23,M,Azithromycin,1,-1.0,S. flexneri,M90T,Sf,100x,0.179,0.03,0.435,0.4114942528735632
5/5/2022,2,M23,2-2-M23,9.73,0.178,23,M,Azithromycin,1,-1.0,S. flexneri,M90T,Sf,100x,0.178,0.03,0.465,0.38279569892473114
5/5/2022,2,M23,2-2-M23,10.81,0.178,23,M,Azithromycin,1,-1.0,S. flexneri,M90T,Sf,100x,0.178,0.03,0.475,0.37473684210526315
5/5/2022,2,M23,2-2-M23,11.89,0.178,23,M,Azithromycin,1,-1.0,S. flexneri,M90T,Sf,100x,0.178,0.03,0.49,0.36326530612244895
5/5/2022,2,M23,2-2-M23,12.97,0.179,23,M,Azithromycin,1,-1.0,S. flexneri,M90T,Sf,100x,0.179,0.03,0.499,0.35871743486973945
5/5/2022,2,M3,2-2-M3,0.0,0.191,3,M,Azithromycin,1,30.0,S. flexneri,M90T,Sf,100x,0.173,0.03,0.182,1.0494505494505495
5/5/2022,2,M3,2-2-M3,1.08,0.202,3,M,Azithromycin,1,30.0,S. flexneri,M90T,Sf,100x,0.182,0.03,0.197,1.0253807106598984
5/5/2022,2,M3,2-2-M3,2.16,0.197,3,M,Azithromycin,1,30.0,S. flexneri,M90T,Sf,100x,0.179,0.03,0.19,1.036842105263158
5/5/2022,2,M3,2-2-M3,3.24,0.196,3,M,Azithromycin,1,30.0,S. flexneri,M90T,Sf,100x,0.18,0.03,0.217,0.903225806451613
5/5/2022,2,M3,2-2-M3,4.32,0.199,3,M,Azithromycin,1,30.0,S. flexneri,M90T,Sf,100x,0.179,0.03,0.27,0.737037037037037
5/5/2022,2,M3,2-2-M3,5.4,0.199,3,M,Azithromycin,1,30.0,S. flexneri,M90T,Sf,100x,0.179,0.03,0.326,0.6104294478527608
5/5/2022,2,M3,2-2-M3,6.48,0.199,3,M,Azithromycin,1,30.0,S. flexneri,M90T,Sf,100x,0.179,0.03,0.37,0.5378378378378379
5/5/2022,2,M3,2-2-M3,7.57,0.198,3,M,Azithromycin,1,30.0,S. flexneri,M90T,Sf,100x,0.178,0.03,0.404,0.4900990099009901
5/5/2022,2,M3,2-2-M3,8.65,0.198,3,M,Azithromycin,1,30.0,S. flexneri,M90T,Sf,100x,0.179,0.03,0.435,0.45517241379310347
5/5/2022,2,M3,2-2-M3,9.73,0.201,3,M,Azithromycin,1,30.0,S. flexneri,M90T,Sf,100x,0.178,0.03,0.465,0.432258064516129
5/5/2022,2,M3,2-2-M3,10.81,0.194,3,M,Azithromycin,1,30.0,S. flexneri,M90T,Sf,100x,0.178,0.03,0.475,0.40842105263157896
5/5/2022,2,M3,2-2-M3,11.89,0.194,3,M,Azithromycin,1,30.0,S. flexneri,M90T,Sf,100x,0.178,0.03,0.49,0.3959183673469388
5/5/2022,2,M3,2-2-M3,12.97,0.194,3,M,Azithromycin,1,30.0,S. flexneri,M90T,Sf,100x,0.179,0.03,0.499,0.38877755511022044
5/5/2022,2,M5,2-2-M5,0.0,0.204,5,M,Azithromycin,1,10.0,S. flexneri,M90T,Sf,100x,0.173,0.031,0.182,1.120879120879121
5/5/2022,2,M5,2-2-M5,1.08,0.222,5,M,Azithromycin,1,10.0,S. flexneri,M90T,Sf,100x,0.182,0.04000000000000001,0.197,1.1269035532994924
5/5/2022,2,M5,2-2-M5,2.16,0.214,5,M,Azithromycin,1,10.0,S. flexneri,M90T,Sf,100x,0.179,0.035,0.19,1.1263157894736842
5/5/2022,2,M5,2-2-M5,3.24,0.215,5,M,Azithromycin,1,10.0,S. flexneri,M90T,Sf,100x,0.18,0.035,0.217,0.9907834101382489
5/5/2022,2,M5,2-2-M5,4.32,0.215,5,M,Azithromycin,1,10.0,S. flexneri,M90T,Sf,100x,0.179,0.036000000000000004,0.27,0.7962962962962963
5/5/2022,2,M5,2-2-M5,5.4,0.214,5,M,Azithromycin,1,10.0,S. flexneri,M90T,Sf,100x,0.179,0.035,0.326,0.656441717791411
5/5/2022,2,M5,2-2-M5,6.48,0.216,5,M,Azithromycin,1,10.0,S. flexneri,M90T,Sf,100x,0.179,0.037000000000000005,0.37,0.5837837837837838
5/5/2022,2,M5,2-2-M5,7.57,0.216,5,M,Azithromycin,1,10.0,S. flexneri,M90T,Sf,100x,0.178,0.038000000000000006,0.404,0.5346534653465346
5/5/2022,2,M5,2-2-M5,8.65,0.217,5,M,Azithromycin,1,10.0,S. flexneri,M90T,Sf,100x,0.179,0.038000000000000006,0.435,0.49885057471264366
5/5/2022,2,M5,2-2-M5,9.73,0.226,5,M,Azithromycin,1,10.0,S. flexneri,M90T,Sf,100x,0.178,0.048000000000000015,0.465,0.4860215053763441
5/5/2022,2,M5,2-2-M5,10.81,0.231,5,M,Azithromycin,1,10.0,S. flexneri,M90T,Sf,100x,0.178,0.05300000000000002,0.475,0.48631578947368426
5/5/2022,2,M5,2-2-M5,11.89,0.25,5,M,Azithromycin,1,10.0,S. flexneri,M90T,Sf,100x,0.178,0.07200000000000001,0.49,0.5102040816326531
5/5/2022,2,M5,2-2-M5,12.97,0.275,5,M,Azithromycin,1,10.0,S. flexneri,M90T,Sf,100x,0.179,0.09600000000000003,0.499,0.5511022044088176
5/5/2022,2,M7,2-2-M7,0.0,0.211,7,M,Azithromycin,1,3.0,S. flexneri,M90T,Sf,100x,0.173,0.038000000000000006,0.182,1.1593406593406594
5/5/2022,2,M7,2-2-M7,1.08,0.225,7,M,Azithromycin,1,3.0,S. flexneri,M90T,Sf,100x,0.182,0.04300000000000001,0.197,1.1421319796954315
5/5/2022,2,M7,2-2-M7,2.16,0.22,7,M,Azithromycin,1,3.0,S. flexneri,M90T,Sf,100x,0.179,0.04100000000000001,0.19,1.1578947368421053
5/5/2022,2,M7,2-2-M7,3.24,0.224,7,M,Azithromycin,1,3.0,S. flexneri,M90T,Sf,100x,0.18,0.04400000000000001,0.217,1.032258064516129
5/5/2022,2,M7,2-2-M7,4.32,0.239,7,M,Azithromycin,1,3.0,S. flexneri,M90T,Sf,100x,0.179,0.06,0.27,0.8851851851851851
5/5/2022,2,M7,2-2-M7,5.4,0.262,7,M,Azithromycin,1,3.0,S. flexneri,M90T,Sf,100x,0.179,0.08300000000000002,0.326,0.803680981595092
5/5/2022,2,M7,2-2-M7,6.48,0.286,7,M,Azithromycin,1,3.0,S. flexneri,M90T,Sf,100x,0.179,0.10699999999999998,0.37,0.772972972972973
5/5/2022,2,M7,2-2-M7,7.57,0.312,7,M,Azithromycin,1,3.0,S. flexneri,M90T,Sf,100x,0.178,0.134,0.404,0.7722772277227722
5/5/2022,2,M7,2-2-M7,8.65,0.336,7,M,Azithromycin,1,3.0,S. flexneri,M90T,Sf,100x,0.179,0.15700000000000003,0.435,0.7724137931034484
5/5/2022,2,M7,2-2-M7,9.73,0.35,7,M,Azithromycin,1,3.0,S. flexneri,M90T,Sf,100x,0.178,0.172,0.465,0.7526881720430106
5/5/2022,2,M7,2-2-M7,10.81,0.368,7,M,Azithromycin,1,3.0,S. flexneri,M90T,Sf,100x,0.178,0.19,0.475,0.7747368421052632
5/5/2022,2,M7,2-2-M7,11.89,0.382,7,M,Azithromycin,1,3.0,S. flexneri,M90T,Sf,100x,0.178,0.20400000000000001,0.49,0.7795918367346939
5/5/2022,2,M7,2-2-M7,12.97,0.39,7,M,Azithromycin,1,3.0,S. flexneri,M90T,Sf,100x,0.179,0.21100000000000002,0.499,0.781563126252505
5/5/2022,2,M9,2-2-M9,0.0,0.202,9,M,Azithromycin,1,1.0,S. flexneri,M90T,Sf,100x,0.173,0.03,0.182,1.10989010989011
5/5/2022,2,M9,2-2-M9,1.08,0.219,9,M,Azithromycin,1,1.0,S. flexneri,M90T,Sf,100x,0.182,0.037000000000000005,0.197,1.1116751269035532
5/5/2022,2,M9,2-2-M9,2.16,0.216,9,M,Azithromycin,1,1.0,S. flexneri,M90T,Sf,100x,0.179,0.037000000000000005,0.19,1.1368421052631579
5/5/2022,2,M9,2-2-M9,3.24,0.228,9,M,Azithromycin,1,1.0,S. flexneri,M90T,Sf,100x,0.18,0.048000000000000015,0.217,1.0506912442396314
5/5/2022,2,M9,2-2-M9,4.32,0.271,9,M,Azithromycin,1,1.0,S. flexneri,M90T,Sf,100x,0.179,0.09200000000000003,0.27,1.0037037037037038
5/5/2022,2,M9,2-2-M9,5.4,0.328,9,M,Azithromycin,1,1.0,S. flexneri,M90T,Sf,100x,0.179,0.14900000000000002,0.326,1.0061349693251533
5/5/2022,2,M9,2-2-M9,6.48,0.377,9,M,Azithromycin,1,1.0,S. flexneri,M90T,Sf,100x,0.179,0.198,0.37,1.018918918918919
5/5/2022,2,M9,2-2-M9,7.57,0.409,9,M,Azithromycin,1,1.0,S. flexneri,M90T,Sf,100x,0.178,0.23099999999999998,0.404,1.0123762376237622
5/5/2022,2,M9,2-2-M9,8.65,0.439,9,M,Azithromycin,1,1.0,S. flexneri,M90T,Sf,100x,0.179,0.26,0.435,1.0091954022988505
5/5/2022,2,M9,2-2-M9,9.73,0.461,9,M,Azithromycin,1,1.0,S. flexneri,M90T,Sf,100x,0.178,0.28300000000000003,0.465,0.9913978494623655
5/5/2022,2,M9,2-2-M9,10.81,0.463,9,M,Azithromycin,1,1.0,S. flexneri,M90T,Sf,100x,0.178,0.28500000000000003,0.475,0.9747368421052632
5/5/2022,2,M9,2-2-M9,11.89,0.467,9,M,Azithromycin,1,1.0,S. flexneri,M90T,Sf,100x,0.178,0.28900000000000003,0.49,0.953061224489796
5/5/2022,2,M9,2-2-M9,12.97,0.478,9,M,Azithromycin,1,1.0,S. flexneri,M90T,Sf,100x,0.179,0.299,0.499,0.9579158316633266
5/13/2022,1,M1,3-1-M1,0.0,0.207,1,M,Azithromycin,1,100.0,S. flexneri,M90T,Sf,100x,0.171,0.035999999999999976,0.168,1.232142857142857
5/13/2022,1,M1,3-1-M1,1.08,0.265,1,M,Azithromycin,1,100.0,S. flexneri,M90T,Sf,100x,0.19,0.07500000000000001,0.206,1.2864077669902914
5/13/2022,1,M1,3-1-M1,2.16,0.216,1,M,Azithromycin,1,100.0,S. flexneri,M90T,Sf,100x,0.183,0.033,0.18,1.2
5/13/2022,1,M1,3-1-M1,3.24,0.218,1,M,Azithromycin,1,100.0,S. flexneri,M90T,Sf,100x,0.185,0.033,0.194,1.1237113402061856
5/13/2022,1,M1,3-1-M1,4.32,0.213,1,M,Azithromycin,1,100.0,S. flexneri,M90T,Sf,100x,0.184,0.03,0.242,0.8801652892561983
5/13/2022,1,M1,3-1-M1,5.4,0.215,1,M,Azithromycin,1,100.0,S. flexneri,M90T,Sf,100x,0.186,0.03,0.317,0.6782334384858044
5/13/2022,1,M1,3-1-M1,6.48,0.212,1,M,Azithromycin,1,100.0,S. flexneri,M90T,Sf,100x,0.184,0.03,0.377,0.5623342175066313
5/13/2022,1,M1,3-1-M1,7.56,0.208,1,M,Azithromycin,1,100.0,S. flexneri,M90T,Sf,100x,0.184,0.03,0.414,0.5024154589371981
5/13/2022,1,M1,3-1-M1,8.64,0.212,1,M,Azithromycin,1,100.0,S. flexneri,M90T,Sf,100x,0.183,0.03,0.439,0.4829157175398633
5/13/2022,1,M1,3-1-M1,9.73,0.213,1,M,Azithromycin,1,100.0,S. flexneri,M90T,Sf,100x,0.182,0.031,0.464,0.459051724137931
5/13/2022,1,M1,3-1-M1,10.81,0.209,1,M,Azithromycin,1,100.0,S. flexneri,M90T,Sf,100x,0.181,0.03,0.482,0.4336099585062241
5/13/2022,1,M1,3-1-M1,11.89,0.211,1,M,Azithromycin,1,100.0,S. flexneri,M90T,Sf,100x,0.181,0.03,0.49,0.4306122448979592
5/13/2022,1,M1,3-1-M1,12.97,0.212,1,M,Azithromycin,1,100.0,S. flexneri,M90T,Sf,100x,0.182,0.03,0.498,0.4257028112449799
5/13/2022,1,M11,3-1-M11,0.0,0.178,11,M,Azithromycin,1,0.3,S. flexneri,M90T,Sf,100x,0.171,0.03,0.168,1.0595238095238093
5/13/2022,1,M11,3-1-M11,1.08,0.226,11,M,Azithromycin,1,0.3,S. flexneri,M90T,Sf,100x,0.19,0.036000000000000004,0.206,1.0970873786407769
5/13/2022,1,M11,3-1-M11,2.16,0.216,11,M,Azithromycin,1,0.3,S. flexneri,M90T,Sf,100x,0.183,0.033,0.18,1.2
5/13/2022,1,M11,3-1-M11,3.24,0.22,11,M,Azithromycin,1,0.3,S. flexneri,M90T,Sf,100x,0.185,0.035,0.194,1.134020618556701
5/13/2022,1,M11,3-1-M11,4.32,0.245,11,M,Azithromycin,1,0.3,S. flexneri,M90T,Sf,100x,0.184,0.061,0.242,1.012396694214876
5/13/2022,1,M11,3-1-M11,5.4,0.308,11,M,Azithromycin,1,0.3,S. flexneri,M90T,Sf,100x,0.186,0.122,0.317,0.9716088328075709
5/13/2022,1,M11,3-1-M11,6.48,0.37,11,M,Azithromycin,1,0.3,S. flexneri,M90T,Sf,100x,0.184,0.186,0.377,0.9814323607427056
5/13/2022,1,M11,3-1-M11,7.56,0.409,11,M,Azithromycin,1,0.3,S. flexneri,M90T,Sf,100x,0.184,0.22499999999999998,0.414,0.9879227053140096
5/13/2022,1,M11,3-1-M11,8.64,0.439,11,M,Azithromycin,1,0.3,S. flexneri,M90T,Sf,100x,0.183,0.256,0.439,1.0
5/13/2022,1,M11,3-1-M11,9.73,0.456,11,M,Azithromycin,1,0.3,S. flexneri,M90T,Sf,100x,0.182,0.274,0.464,0.9827586206896551
5/13/2022,1,M11,3-1-M11,10.81,0.473,11,M,Azithromycin,1,0.3,S. flexneri,M90T,Sf,100x,0.181,0.292,0.482,0.9813278008298755
5/13/2022,1,M11,3-1-M11,11.89,0.483,11,M,Azithromycin,1,0.3,S. flexneri,M90T,Sf,100x,0.181,0.302,0.49,0.9857142857142857
5/13/2022,1,M11,3-1-M11,12.97,0.488,11,M,Azithromycin,1,0.3,S. flexneri,M90T,Sf,100x,0.182,0.306,0.498,0.9799196787148594
5/13/2022,1,M13,3-1-M13,0.0,0.169,13,M,Azithromycin,1,0.1,S. flexneri,M90T,Sf,100x,0.171,0.03,0.168,1.005952380952381
5/13/2022,1,M13,3-1-M13,1.08,0.222,13,M,Azithromycin,1,0.1,S. flexneri,M90T,Sf,100x,0.19,0.032,0.206,1.0776699029126213
5/13/2022,1,M13,3-1-M13,2.16,0.196,13,M,Azithromycin,1,0.1,S. flexneri,M90T,Sf,100x,0.183,0.03,0.18,1.088888888888889
5/13/2022,1,M13,3-1-M13,3.24,0.213,13,M,Azithromycin,1,0.1,S. flexneri,M90T,Sf,100x,0.185,0.03,0.194,1.0979381443298968
5/13/2022,1,M13,3-1-M13,4.32,0.249,13,M,Azithromycin,1,0.1,S. flexneri,M90T,Sf,100x,0.184,0.065,0.242,1.0289256198347108
5/13/2022,1,M13,3-1-M13,5.4,0.337,13,M,Azithromycin,1,0.1,S. flexneri,M90T,Sf,100x,0.186,0.15100000000000002,0.317,1.0630914826498423
5/13/2022,1,M13,3-1-M13,6.48,0.406,13,M,Azithromycin,1,0.1,S. flexneri,M90T,Sf,100x,0.184,0.22200000000000003,0.377,1.076923076923077
5/13/2022,1,M13,3-1-M13,7.56,0.446,13,M,Azithromycin,1,0.1,S. flexneri,M90T,Sf,100x,0.184,0.262,0.414,1.0772946859903383
5/13/2022,1,M13,3-1-M13,8.64,0.477,13,M,Azithromycin,1,0.1,S. flexneri,M90T,Sf,100x,0.183,0.294,0.439,1.0865603644646924
5/13/2022,1,M13,3-1-M13,9.73,0.5,13,M,Azithromycin,1,0.1,S. flexneri,M90T,Sf,100x,0.182,0.318,0.464,1.0775862068965516
5/13/2022,1,M13,3-1-M13,10.81,0.52,13,M,Azithromycin,1,0.1,S. flexneri,M90T,Sf,100x,0.181,0.339,0.482,1.078838174273859
5/13/2022,1,M13,3-1-M13,11.89,0.531,13,M,Azithromycin,1,0.1,S. flexneri,M90T,Sf,100x,0.181,0.35000000000000003,0.49,1.0836734693877552
5/13/2022,1,M13,3-1-M13,12.97,0.541,13,M,Azithromycin,1,0.1,S. flexneri,M90T,Sf,100x,0.182,0.35900000000000004,0.498,1.0863453815261046
5/13/2022,1,M15,3-1-M15,0.0,0.171,15,M,Azithromycin,1,0.03,S. flexneri,M90T,Sf,100x,0.171,0.03,0.168,1.0178571428571428
5/13/2022,1,M15,3-1-M15,1.08,0.229,15,M,Azithromycin,1,0.03,S. flexneri,M90T,Sf,100x,0.19,0.03900000000000001,0.206,1.1116504854368934
5/13/2022,1,M15,3-1-M15,2.16,0.189,15,M,Azithromycin,1,0.03,S. flexneri,M90T,Sf,100x,0.183,0.03,0.18,1.05
5/13/2022,1,M15,3-1-M15,3.24,0.206,15,M,Azithromycin,1,0.03,S. flexneri,M90T,Sf,100x,0.185,0.03,0.194,1.0618556701030928
5/13/2022,1,M15,3-1-M15,4.32,0.229,15,M,Azithromycin,1,0.03,S. flexneri,M90T,Sf,100x,0.184,0.04500000000000001,0.242,0.9462809917355373
5/13/2022,1,M15,3-1-M15,5.4,0.289,15,M,Azithromycin,1,0.03,S. flexneri,M90T,Sf,100x,0.186,0.10299999999999998,0.317,0.9116719242902207
5/13/2022,1,M15,3-1-M15,6.48,0.347,15,M,Azithromycin,1,0.03,S. flexneri,M90T,Sf,100x,0.184,0.16299999999999998,0.377,0.9204244031830238
5/13/2022,1,M15,3-1-M15,7.56,0.385,15,M,Azithromycin,1,0.03,S. flexneri,M90T,Sf,100x,0.184,0.201,0.414,0.9299516908212561
5/13/2022,1,M15,3-1-M15,8.64,0.412,15,M,Azithromycin,1,0.03,S. flexneri,M90T,Sf,100x,0.183,0.22899999999999998,0.439,0.9384965831435079
5/13/2022,1,M15,3-1-M15,9.73,0.435,15,M,Azithromycin,1,0.03,S. flexneri,M90T,Sf,100x,0.182,0.253,0.464,0.9375
5/13/2022,1,M15,3-1-M15,10.81,0.453,15,M,Azithromycin,1,0.03,S. flexneri,M90T,Sf,100x,0.181,0.272,0.482,0.9398340248962657
5/13/2022,1,M15,3-1-M15,11.89,0.46,15,M,Azithromycin,1,0.03,S. flexneri,M90T,Sf,100x,0.181,0.279,0.49,0.9387755102040817
5/13/2022,1,M15,3-1-M15,12.97,0.473,15,M,Azithromycin,1,0.03,S. flexneri,M90T,Sf,100x,0.182,0.291,0.498,0.9497991967871485
5/13/2022,1,M17,3-1-M17,0.0,0.176,17,M,Azithromycin,1,0.01,S. flexneri,M90T,Sf,100x,0.171,0.03,0.168,1.0476190476190474
5/13/2022,1,M17,3-1-M17,1.08,0.21,17,M,Azithromycin,1,0.01,S. flexneri,M90T,Sf,100x,0.19,0.03,0.206,1.0194174757281553
5/13/2022,1,M17,3-1-M17,2.16,0.2,17,M,Azithromycin,1,0.01,S. flexneri,M90T,Sf,100x,0.183,0.03,0.18,1.1111111111111112
5/13/2022,1,M17,3-1-M17,3.24,0.211,17,M,Azithromycin,1,0.01,S. flexneri,M90T,Sf,100x,0.185,0.03,0.194,1.0876288659793814
5/13/2022,1,M17,3-1-M17,4.32,0.254,17,M,Azithromycin,1,0.01,S. flexneri,M90T,Sf,100x,0.184,0.07,0.242,1.0495867768595042
5/13/2022,1,M17,3-1-M17,5.4,0.341,17,M,Azithromycin,1,0.01,S. flexneri,M90T,Sf,100x,0.186,0.15500000000000003,0.317,1.0757097791798107
5/13/2022,1,M17,3-1-M17,6.48,0.421,17,M,Azithromycin,1,0.01,S. flexneri,M90T,Sf,100x,0.184,0.237,0.377,1.1167108753315649
5/13/2022,1,M17,3-1-M17,7.56,0.463,17,M,Azithromycin,1,0.01,S. flexneri,M90T,Sf,100x,0.184,0.279,0.414,1.1183574879227054
5/13/2022,1,M17,3-1-M17,8.64,0.501,17,M,Azithromycin,1,0.01,S. flexneri,M90T,Sf,100x,0.183,0.318,0.439,1.14123006833713
5/13/2022,1,M17,3-1-M17,9.73,0.523,17,M,Azithromycin,1,0.01,S. flexneri,M90T,Sf,100x,0.182,0.341,0.464,1.1271551724137931
5/13/2022,1,M17,3-1-M17,10.81,0.541,17,M,Azithromycin,1,0.01,S. flexneri,M90T,Sf,100x,0.181,0.36000000000000004,0.482,1.1224066390041494
5/13/2022,1,M17,3-1-M17,11.89,0.548,17,M,Azithromycin,1,0.01,S. flexneri,M90T,Sf,100x,0.181,0.36700000000000005,0.49,1.1183673469387756
5/13/2022,1,M17,3-1-M17,12.97,0.554,17,M,Azithromycin,1,0.01,S. flexneri,M90T,Sf,100x,0.182,0.37200000000000005,0.498,1.1124497991967872
5/13/2022,1,M19,3-1-M19,0.0,0.162,19,M,Azithromycin,1,0.003,S. flexneri,M90T,Sf,100x,0.171,0.03,0.168,0.9642857142857143
5/13/2022,1,M19,3-1-M19,1.08,0.183,19,M,Azithromycin,1,0.003,S. flexneri,M90T,Sf,100x,0.19,0.03,0.206,0.8883495145631068
5/13/2022,1,M19,3-1-M19,2.16,0.183,19,M,Azithromycin,1,0.003,S. flexneri,M90T,Sf,100x,0.183,0.03,0.18,1.0166666666666666
5/13/2022,1,M19,3-1-M19,3.24,0.195,19,M,Azithromycin,1,0.003,S. flexneri,M90T,Sf,100x,0.185,0.03,0.194,1.0051546391752577
5/13/2022,1,M19,3-1-M19,4.32,0.24,19,M,Azithromycin,1,0.003,S. flexneri,M90T,Sf,100x,0.184,0.055999999999999994,0.242,0.9917355371900827
5/13/2022,1,M19,3-1-M19,5.4,0.322,19,M,Azithromycin,1,0.003,S. flexneri,M90T,Sf,100x,0.186,0.136,0.317,1.0157728706624607
5/13/2022,1,M19,3-1-M19,6.48,0.39,19,M,Azithromycin,1,0.003,S. flexneri,M90T,Sf,100x,0.184,0.20600000000000002,0.377,1.0344827586206897
5/13/2022,1,M19,3-1-M19,7.56,0.43,19,M,Azithromycin,1,0.003,S. flexneri,M90T,Sf,100x,0.184,0.246,0.414,1.038647342995169
5/13/2022,1,M19,3-1-M19,8.64,0.455,19,M,Azithromycin,1,0.003,S. flexneri,M90T,Sf,100x,0.183,0.272,0.439,1.0364464692482915
5/13/2022,1,M19,3-1-M19,9.73,0.478,19,M,Azithromycin,1,0.003,S. flexneri,M90T,Sf,100x,0.182,0.296,0.464,1.0301724137931034
5/13/2022,1,M19,3-1-M19,10.81,0.494,19,M,Azithromycin,1,0.003,S. flexneri,M90T,Sf,100x,0.181,0.313,0.482,1.024896265560166
5/13/2022,1,M19,3-1-M19,11.89,0.505,19,M,Azithromycin,1,0.003,S. flexneri,M90T,Sf,100x,0.181,0.324,0.49,1.030612244897959
5/13/2022,1,M19,3-1-M19,12.97,0.511,19,M,Azithromycin,1,0.003,S. flexneri,M90T,Sf,100x,0.182,0.329,0.498,1.0261044176706828
5/13/2022,1,M21,3-1-M21,0.0,0.168,21,M,Azithromycin,1,0.0,S. flexneri,M90T,Sf,100x,0.171,0.03,0.168,1.0
5/13/2022,1,M21,3-1-M21,1.08,0.206,21,M,Azithromycin,1,0.0,S. flexneri,M90T,Sf,100x,0.19,0.03,0.206,1.0
5/13/2022,1,M21,3-1-M21,2.16,0.18,21,M,Azithromycin,1,0.0,S. flexneri,M90T,Sf,100x,0.183,0.03,0.18,1.0
5/13/2022,1,M21,3-1-M21,3.24,0.194,21,M,Azithromycin,1,0.0,S. flexneri,M90T,Sf,100x,0.185,0.03,0.194,1.0
5/13/2022,1,M21,3-1-M21,4.32,0.242,21,M,Azithromycin,1,0.0,S. flexneri,M90T,Sf,100x,0.184,0.057999999999999996,0.242,1.0
5/13/2022,1,M21,3-1-M21,5.4,0.317,21,M,Azithromycin,1,0.0,S. flexneri,M90T,Sf,100x,0.186,0.131,0.317,1.0
5/13/2022,1,M21,3-1-M21,6.48,0.377,21,M,Azithromycin,1,0.0,S. flexneri,M90T,Sf,100x,0.184,0.193,0.377,1.0
5/13/2022,1,M21,3-1-M21,7.56,0.414,21,M,Azithromycin,1,0.0,S. flexneri,M90T,Sf,100x,0.184,0.22999999999999998,0.414,1.0
5/13/2022,1,M21,3-1-M21,8.64,0.439,21,M,Azithromycin,1,0.0,S. flexneri,M90T,Sf,100x,0.183,0.256,0.439,1.0
5/13/2022,1,M21,3-1-M21,9.73,0.464,21,M,Azithromycin,1,0.0,S. flexneri,M90T,Sf,100x,0.182,0.28200000000000003,0.464,1.0
5/13/2022,1,M21,3-1-M21,10.81,0.482,21,M,Azithromycin,1,0.0,S. flexneri,M90T,Sf,100x,0.181,0.301,0.482,1.0
5/13/2022,1,M21,3-1-M21,11.89,0.49,21,M,Azithromycin,1,0.0,S. flexneri,M90T,Sf,100x,0.181,0.309,0.49,1.0
5/13/2022,1,M21,3-1-M21,12.97,0.498,21,M,Azithromycin,1,0.0,S. flexneri,M90T,Sf,100x,0.182,0.316,0.498,1.0
5/13/2022,1,M23,3-1-M23,0.0,0.171,23,M,Azithromycin,1,-1.0,S. flexneri,M90T,Sf,100x,0.171,0.03,0.168,1.0178571428571428
5/13/2022,1,M23,3-1-M23,1.08,0.19,23,M,Azithromycin,1,-1.0,S. flexneri,M90T,Sf,100x,0.19,0.03,0.206,0.9223300970873787
5/13/2022,1,M23,3-1-M23,2.16,0.183,23,M,Azithromycin,1,-1.0,S. flexneri,M90T,Sf,100x,0.183,0.03,0.18,1.0166666666666666
5/13/2022,1,M23,3-1-M23,3.24,0.185,23,M,Azithromycin,1,-1.0,S. flexneri,M90T,Sf,100x,0.185,0.03,0.194,0.9536082474226804
5/13/2022,1,M23,3-1-M23,4.32,0.184,23,M,Azithromycin,1,-1.0,S. flexneri,M90T,Sf,100x,0.184,0.03,0.242,0.7603305785123967
5/13/2022,1,M23,3-1-M23,5.4,0.186,23,M,Azithromycin,1,-1.0,S. flexneri,M90T,Sf,100x,0.186,0.03,0.317,0.5867507886435331
5/13/2022,1,M23,3-1-M23,6.48,0.184,23,M,Azithromycin,1,-1.0,S. flexneri,M90T,Sf,100x,0.184,0.03,0.377,0.4880636604774536
5/13/2022,1,M23,3-1-M23,7.56,0.184,23,M,Azithromycin,1,-1.0,S. flexneri,M90T,Sf,100x,0.184,0.03,0.414,0.4444444444444445
5/13/2022,1,M23,3-1-M23,8.64,0.183,23,M,Azithromycin,1,-1.0,S. flexneri,M90T,Sf,100x,0.183,0.03,0.439,0.4168564920273348
5/13/2022,1,M23,3-1-M23,9.73,0.182,23,M,Azithromycin,1,-1.0,S. flexneri,M90T,Sf,100x,0.182,0.03,0.464,0.3922413793103448
5/13/2022,1,M23,3-1-M23,10.81,0.181,23,M,Azithromycin,1,-1.0,S. flexneri,M90T,Sf,100x,0.181,0.03,0.482,0.3755186721991701
5/13/2022,1,M23,3-1-M23,11.89,0.181,23,M,Azithromycin,1,-1.0,S. flexneri,M90T,Sf,100x,0.181,0.03,0.49,0.3693877551020408
5/13/2022,1,M23,3-1-M23,12.97,0.182,23,M,Azithromycin,1,-1.0,S. flexneri,M90T,Sf,100x,0.182,0.03,0.498,0.3654618473895582
5/13/2022,1,M3,3-1-M3,0.0,0.216,3,M,Azithromycin,1,30.0,S. flexneri,M90T,Sf,100x,0.171,0.044999999999999984,0.168,1.2857142857142856
5/13/2022,1,M3,3-1-M3,1.08,0.275,3,M,Azithromycin,1,30.0,S. flexneri,M90T,Sf,100x,0.19,0.08500000000000002,0.206,1.3349514563106797
5/13/2022,1,M3,3-1-M3,2.16,0.223,3,M,Azithromycin,1,30.0,S. flexneri,M90T,Sf,100x,0.183,0.04000000000000001,0.18,1.238888888888889
5/13/2022,1,M3,3-1-M3,3.24,0.23,3,M,Azithromycin,1,30.0,S. flexneri,M90T,Sf,100x,0.185,0.04500000000000001,0.194,1.1855670103092784
5/13/2022,1,M3,3-1-M3,4.32,0.22,3,M,Azithromycin,1,30.0,S. flexneri,M90T,Sf,100x,0.184,0.036000000000000004,0.242,0.9090909090909092
5/13/2022,1,M3,3-1-M3,5.4,0.226,3,M,Azithromycin,1,30.0,S. flexneri,M90T,Sf,100x,0.186,0.04000000000000001,0.317,0.7129337539432177
5/13/2022,1,M3,3-1-M3,6.48,0.23,3,M,Azithromycin,1,30.0,S. flexneri,M90T,Sf,100x,0.184,0.04600000000000001,0.377,0.610079575596817
5/13/2022,1,M3,3-1-M3,7.56,0.229,3,M,Azithromycin,1,30.0,S. flexneri,M90T,Sf,100x,0.184,0.04500000000000001,0.414,0.5531400966183575
5/13/2022,1,M3,3-1-M3,8.64,0.222,3,M,Azithromycin,1,30.0,S. flexneri,M90T,Sf,100x,0.183,0.03900000000000001,0.439,0.5056947608200456
5/13/2022,1,M3,3-1-M3,9.73,0.226,3,M,Azithromycin,1,30.0,S. flexneri,M90T,Sf,100x,0.182,0.04400000000000001,0.464,0.4870689655172414
5/13/2022,1,M3,3-1-M3,10.81,0.219,3,M,Azithromycin,1,30.0,S. flexneri,M90T,Sf,100x,0.181,0.038000000000000006,0.482,0.45435684647302904
5/13/2022,1,M3,3-1-M3,11.89,0.223,3,M,Azithromycin,1,30.0,S. flexneri,M90T,Sf,100x,0.181,0.04200000000000001,0.49,0.45510204081632655
5/13/2022,1,M3,3-1-M3,12.97,0.227,3,M,Azithromycin,1,30.0,S. flexneri,M90T,Sf,100x,0.182,0.04500000000000001,0.498,0.45582329317269077
5/13/2022,1,M5,3-1-M5,0.0,0.205,5,M,Azithromycin,1,10.0,S. flexneri,M90T,Sf,100x,0.171,0.033999999999999975,0.168,1.2202380952380951
5/13/2022,1,M5,3-1-M5,1.08,0.27,5,M,Azithromycin,1,10.0,S. flexneri,M90T,Sf,100x,0.19,0.08000000000000002,0.206,1.3106796116504855
5/13/2022,1,M5,3-1-M5,2.16,0.243,5,M,Azithromycin,1,10.0,S. flexneri,M90T,Sf,100x,0.183,0.06,0.18,1.35
5/13/2022,1,M5,3-1-M5,3.24,0.254,5,M,Azithromycin,1,10.0,S. flexneri,M90T,Sf,100x,0.185,0.069,0.194,1.309278350515464
5/13/2022,1,M5,3-1-M5,4.32,0.241,5,M,Azithromycin,1,10.0,S. flexneri,M90T,Sf,100x,0.184,0.056999999999999995,0.242,0.9958677685950413
5/13/2022,1,M5,3-1-M5,5.4,0.262,5,M,Azithromycin,1,10.0,S. flexneri,M90T,Sf,100x,0.186,0.07600000000000001,0.317,0.8264984227129337
5/13/2022,1,M5,3-1-M5,6.48,0.277,5,M,Azithromycin,1,10.0,S. flexneri,M90T,Sf,100x,0.184,0.09300000000000003,0.377,0.7347480106100797
5/13/2022,1,M5,3-1-M5,7.56,0.287,5,M,Azithromycin,1,10.0,S. flexneri,M90T,Sf,100x,0.184,0.10299999999999998,0.414,0.6932367149758454
5/13/2022,1,M5,3-1-M5,8.64,0.301,5,M,Azithromycin,1,10.0,S. flexneri,M90T,Sf,100x,0.183,0.118,0.439,0.6856492027334852
5/13/2022,1,M5,3-1-M5,9.73,0.334,5,M,Azithromycin,1,10.0,S. flexneri,M90T,Sf,100x,0.182,0.15200000000000002,0.464,0.7198275862068966
5/13/2022,1,M5,3-1-M5,10.81,0.354,5,M,Azithromycin,1,10.0,S. flexneri,M90T,Sf,100x,0.181,0.173,0.482,0.7344398340248962
5/13/2022,1,M5,3-1-M5,11.89,0.384,5,M,Azithromycin,1,10.0,S. flexneri,M90T,Sf,100x,0.181,0.203,0.49,0.7836734693877552
5/13/2022,1,M5,3-1-M5,12.97,0.399,5,M,Azithromycin,1,10.0,S. flexneri,M90T,Sf,100x,0.182,0.21700000000000003,0.498,0.8012048192771085
5/13/2022,1,M7,3-1-M7,0.0,0.201,7,M,Azithromycin,1,3.0,S. flexneri,M90T,Sf,100x,0.171,0.03,0.168,1.1964285714285714
5/13/2022,1,M7,3-1-M7,1.08,0.223,7,M,Azithromycin,1,3.0,S. flexneri,M90T,Sf,100x,0.19,0.033,0.206,1.0825242718446604
5/13/2022,1,M7,3-1-M7,2.16,0.21,7,M,Azithromycin,1,3.0,S. flexneri,M90T,Sf,100x,0.183,0.03,0.18,1.1666666666666667
5/13/2022,1,M7,3-1-M7,3.24,0.216,7,M,Azithromycin,1,3.0,S. flexneri,M90T,Sf,100x,0.185,0.031,0.194,1.1134020618556701
5/13/2022,1,M7,3-1-M7,4.32,0.23,7,M,Azithromycin,1,3.0,S. flexneri,M90T,Sf,100x,0.184,0.04600000000000001,0.242,0.9504132231404959
5/13/2022,1,M7,3-1-M7,5.4,0.283,7,M,Azithromycin,1,3.0,S. flexneri,M90T,Sf,100x,0.186,0.09699999999999998,0.317,0.892744479495268
5/13/2022,1,M7,3-1-M7,6.48,0.342,7,M,Azithromycin,1,3.0,S. flexneri,M90T,Sf,100x,0.184,0.15800000000000003,0.377,0.907161803713528
5/13/2022,1,M7,3-1-M7,7.56,0.399,7,M,Azithromycin,1,3.0,S. flexneri,M90T,Sf,100x,0.184,0.21500000000000002,0.414,0.963768115942029
5/13/2022,1,M7,3-1-M7,8.64,0.43,7,M,Azithromycin,1,3.0,S. flexneri,M90T,Sf,100x,0.183,0.247,0.439,0.979498861047836
5/13/2022,1,M7,3-1-M7,9.73,0.441,7,M,Azithromycin,1,3.0,S. flexneri,M90T,Sf,100x,0.182,0.259,0.464,0.9504310344827586
5/13/2022,1,M7,3-1-M7,10.81,0.44,7,M,Azithromycin,1,3.0,S. flexneri,M90T,Sf,100x,0.181,0.259,0.482,0.9128630705394192
5/13/2022,1,M7,3-1-M7,11.89,0.444,7,M,Azithromycin,1,3.0,S. flexneri,M90T,Sf,100x,0.181,0.263,0.49,0.9061224489795918
5/13/2022,1,M7,3-1-M7,12.97,0.45,7,M,Azithromycin,1,3.0,S. flexneri,M90T,Sf,100x,0.182,0.268,0.498,0.9036144578313253
5/13/2022,1,M9,3-1-M9,0.0,0.185,9,M,Azithromycin,1,1.0,S. flexneri,M90T,Sf,100x,0.171,0.03,0.168,1.101190476190476
5/13/2022,1,M9,3-1-M9,1.08,0.221,9,M,Azithromycin,1,1.0,S. flexneri,M90T,Sf,100x,0.19,0.031,0.206,1.0728155339805825
5/13/2022,1,M9,3-1-M9,2.16,0.216,9,M,Azithromycin,1,1.0,S. flexneri,M90T,Sf,100x,0.183,0.033,0.18,1.2
5/13/2022,1,M9,3-1-M9,3.24,0.222,9,M,Azithromycin,1,1.0,S. flexneri,M90T,Sf,100x,0.185,0.037000000000000005,0.194,1.1443298969072164
5/13/2022,1,M9,3-1-M9,4.32,0.247,9,M,Azithromycin,1,1.0,S. flexneri,M90T,Sf,100x,0.184,0.063,0.242,1.0206611570247934
5/13/2022,1,M9,3-1-M9,5.4,0.311,9,M,Azithromycin,1,1.0,S. flexneri,M90T,Sf,100x,0.186,0.125,0.317,0.9810725552050473
5/13/2022,1,M9,3-1-M9,6.48,0.372,9,M,Azithromycin,1,1.0,S. flexneri,M90T,Sf,100x,0.184,0.188,0.377,0.986737400530504
5/13/2022,1,M9,3-1-M9,7.56,0.418,9,M,Azithromycin,1,1.0,S. flexneri,M90T,Sf,100x,0.184,0.23399999999999999,0.414,1.0096618357487923
5/13/2022,1,M9,3-1-M9,8.64,0.449,9,M,Azithromycin,1,1.0,S. flexneri,M90T,Sf,100x,0.183,0.266,0.439,1.0227790432801822
5/13/2022,1,M9,3-1-M9,9.73,0.46,9,M,Azithromycin,1,1.0,S. flexneri,M90T,Sf,100x,0.182,0.278,0.464,0.9913793103448276
5/13/2022,1,M9,3-1-M9,10.81,0.467,9,M,Azithromycin,1,1.0,S. flexneri,M90T,Sf,100x,0.181,0.28600000000000003,0.482,0.9688796680497926
5/13/2022,1,M9,3-1-M9,11.89,0.476,9,M,Azithromycin,1,1.0,S. flexneri,M90T,Sf,100x,0.181,0.295,0.49,0.9714285714285714
5/13/2022,1,M9,3-1-M9,12.97,0.48,9,M,Azithromycin,1,1.0,S. flexneri,M90T,Sf,100x,0.182,0.298,0.498,0.963855421686747
5/13/2022,6,M1,3-6-M1,0.0,0.206,1,M,Azithromycin,1,100.0,S. flexneri,M90T,Sf,100x,0.154,0.05199999999999999,0.187,1.1016042780748663
5/13/2022,6,M1,3-6-M1,1.09,0.209,1,M,Azithromycin,1,100.0,S. flexneri,M90T,Sf,100x,0.165,0.043999999999999984,0.19,1.0999999999999999
5/13/2022,6,M1,3-6-M1,2.17,0.207,1,M,Azithromycin,1,100.0,S. flexneri,M90T,Sf,100x,0.168,0.03899999999999998,0.196,1.0561224489795917
5/13/2022,6,M1,3-6-M1,3.25,0.206,1,M,Azithromycin,1,100.0,S. flexneri,M90T,Sf,100x,0.169,0.03699999999999998,0.199,1.0351758793969847
5/13/2022,6,M1,3-6-M1,4.33,0.204,1,M,Azithromycin,1,100.0,S. flexneri,M90T,Sf,100x,0.169,0.034999999999999976,0.216,0.9444444444444444
5/13/2022,6,M1,3-6-M1,5.41,0.202,1,M,Azithromycin,1,100.0,S. flexneri,M90T,Sf,100x,0.169,0.033,0.26,0.7769230769230769
5/13/2022,6,M1,3-6-M1,6.5,0.2,1,M,Azithromycin,1,100.0,S. flexneri,M90T,Sf,100x,0.168,0.032,0.315,0.634920634920635
5/13/2022,6,M1,3-6-M1,7.58,0.2,1,M,Azithromycin,1,100.0,S. flexneri,M90T,Sf,100x,0.169,0.031,0.367,0.5449591280653951
5/13/2022,6,M1,3-6-M1,8.66,0.199,1,M,Azithromycin,1,100.0,S. flexneri,M90T,Sf,100x,0.168,0.031,0.409,0.4865525672371639
5/13/2022,6,M1,3-6-M1,9.74,0.197,1,M,Azithromycin,1,100.0,S. flexneri,M90T,Sf,100x,0.166,0.031,0.44,0.44772727272727275
5/13/2022,6,M1,3-6-M1,10.82,0.197,1,M,Azithromycin,1,100.0,S. flexneri,M90T,Sf,100x,0.166,0.031,0.469,0.420042643923241
5/13/2022,6,M1,3-6-M1,11.91,0.196,1,M,Azithromycin,1,100.0,S. flexneri,M90T,Sf,100x,0.166,0.03,0.489,0.4008179959100205
5/13/2022,6,M1,3-6-M1,12.99,0.197,1,M,Azithromycin,1,100.0,S. flexneri,M90T,Sf,100x,0.169,0.03,0.499,0.39478957915831664
5/13/2022,6,M11,3-6-M11,0.0,0.187,11,M,Azithromycin,1,0.3,S. flexneri,M90T,Sf,100x,0.154,0.033,0.187,1.0
5/13/2022,6,M11,3-6-M11,1.09,0.189,11,M,Azithromycin,1,0.3,S. flexneri,M90T,Sf,100x,0.165,0.03,0.19,0.9947368421052631
5/13/2022,6,M11,3-6-M11,2.17,0.191,11,M,Azithromycin,1,0.3,S. flexneri,M90T,Sf,100x,0.168,0.03,0.196,0.9744897959183674
5/13/2022,6,M11,3-6-M11,3.25,0.194,11,M,Azithromycin,1,0.3,S. flexneri,M90T,Sf,100x,0.169,0.03,0.199,0.9748743718592965
5/13/2022,6,M11,3-6-M11,4.33,0.211,11,M,Azithromycin,1,0.3,S. flexneri,M90T,Sf,100x,0.169,0.04199999999999998,0.216,0.9768518518518519
5/13/2022,6,M11,3-6-M11,5.41,0.254,11,M,Azithromycin,1,0.3,S. flexneri,M90T,Sf,100x,0.169,0.08499999999999999,0.26,0.9769230769230769
5/13/2022,6,M11,3-6-M11,6.5,0.302,11,M,Azithromycin,1,0.3,S. flexneri,M90T,Sf,100x,0.168,0.13399999999999998,0.315,0.9587301587301587
5/13/2022,6,M11,3-6-M11,7.58,0.347,11,M,Azithromycin,1,0.3,S. flexneri,M90T,Sf,100x,0.169,0.17799999999999996,0.367,0.9455040871934605
5/13/2022,6,M11,3-6-M11,8.66,0.38,11,M,Azithromycin,1,0.3,S. flexneri,M90T,Sf,100x,0.168,0.212,0.409,0.9290953545232274
5/13/2022,6,M11,3-6-M11,9.74,0.407,11,M,Azithromycin,1,0.3,S. flexneri,M90T,Sf,100x,0.166,0.24099999999999996,0.44,0.9249999999999999
5/13/2022,6,M11,3-6-M11,10.82,0.426,11,M,Azithromycin,1,0.3,S. flexneri,M90T,Sf,100x,0.166,0.26,0.469,0.908315565031983
5/13/2022,6,M11,3-6-M11,11.91,0.44,11,M,Azithromycin,1,0.3,S. flexneri,M90T,Sf,100x,0.166,0.274,0.489,0.899795501022495
5/13/2022,6,M11,3-6-M11,12.99,0.449,11,M,Azithromycin,1,0.3,S. flexneri,M90T,Sf,100x,0.169,0.28,0.499,0.8997995991983968
5/13/2022,6,M13,3-6-M13,0.0,0.18,13,M,Azithromycin,1,0.1,S. flexneri,M90T,Sf,100x,0.154,0.03,0.187,0.9625668449197861
5/13/2022,6,M13,3-6-M13,1.09,0.184,13,M,Azithromycin,1,0.1,S. flexneri,M90T,Sf,100x,0.165,0.03,0.19,0.968421052631579
5/13/2022,6,M13,3-6-M13,2.17,0.186,13,M,Azithromycin,1,0.1,S. flexneri,M90T,Sf,100x,0.168,0.03,0.196,0.9489795918367346
5/13/2022,6,M13,3-6-M13,3.25,0.191,13,M,Azithromycin,1,0.1,S. flexneri,M90T,Sf,100x,0.169,0.03,0.199,0.9597989949748743
5/13/2022,6,M13,3-6-M13,4.33,0.214,13,M,Azithromycin,1,0.1,S. flexneri,M90T,Sf,100x,0.169,0.044999999999999984,0.216,0.9907407407407407
5/13/2022,6,M13,3-6-M13,5.41,0.28,13,M,Azithromycin,1,0.1,S. flexneri,M90T,Sf,100x,0.169,0.11100000000000002,0.26,1.076923076923077
5/13/2022,6,M13,3-6-M13,6.5,0.355,13,M,Azithromycin,1,0.1,S. flexneri,M90T,Sf,100x,0.168,0.18699999999999997,0.315,1.126984126984127
5/13/2022,6,M13,3-6-M13,7.58,0.405,13,M,Azithromycin,1,0.1,S. flexneri,M90T,Sf,100x,0.169,0.23600000000000002,0.367,1.1035422343324253
5/13/2022,6,M13,3-6-M13,8.66,0.435,13,M,Azithromycin,1,0.1,S. flexneri,M90T,Sf,100x,0.168,0.267,0.409,1.0635696821515892
5/13/2022,6,M13,3-6-M13,9.74,0.458,13,M,Azithromycin,1,0.1,S. flexneri,M90T,Sf,100x,0.166,0.29200000000000004,0.44,1.040909090909091
5/13/2022,6,M13,3-6-M13,10.82,0.476,13,M,Azithromycin,1,0.1,S. flexneri,M90T,Sf,100x,0.166,0.30999999999999994,0.469,1.0149253731343284
5/13/2022,6,M13,3-6-M13,11.91,0.486,13,M,Azithromycin,1,0.1,S. flexneri,M90T,Sf,100x,0.166,0.31999999999999995,0.489,0.9938650306748467
5/13/2022,6,M13,3-6-M13,12.99,0.498,13,M,Azithromycin,1,0.1,S. flexneri,M90T,Sf,100x,0.169,0.32899999999999996,0.499,0.9979959919839679
5/13/2022,6,M15,3-6-M15,0.0,0.182,15,M,Azithromycin,1,0.03,S. flexneri,M90T,Sf,100x,0.154,0.03,0.187,0.9732620320855615
5/13/2022,6,M15,3-6-M15,1.09,0.189,15,M,Azithromycin,1,0.03,S. flexneri,M90T,Sf,100x,0.165,0.03,0.19,0.9947368421052631
5/13/2022,6,M15,3-6-M15,2.17,0.19,15,M,Azithromycin,1,0.03,S. flexneri,M90T,Sf,100x,0.168,0.03,0.196,0.9693877551020408
5/13/2022,6,M15,3-6-M15,3.25,0.193,15,M,Azithromycin,1,0.03,S. flexneri,M90T,Sf,100x,0.169,0.03,0.199,0.9698492462311558
5/13/2022,6,M15,3-6-M15,4.33,0.209,15,M,Azithromycin,1,0.03,S. flexneri,M90T,Sf,100x,0.169,0.03999999999999998,0.216,0.9675925925925926
5/13/2022,6,M15,3-6-M15,5.41,0.256,15,M,Azithromycin,1,0.03,S. flexneri,M90T,Sf,100x,0.169,0.087,0.26,0.9846153846153846
5/13/2022,6,M15,3-6-M15,6.5,0.311,15,M,Azithromycin,1,0.03,S. flexneri,M90T,Sf,100x,0.168,0.143,0.315,0.9873015873015872
5/13/2022,6,M15,3-6-M15,7.58,0.36,15,M,Azithromycin,1,0.03,S. flexneri,M90T,Sf,100x,0.169,0.19099999999999998,0.367,0.9809264305177111
5/13/2022,6,M15,3-6-M15,8.66,0.398,15,M,Azithromycin,1,0.03,S. flexneri,M90T,Sf,100x,0.168,0.23,0.409,0.9731051344743278
5/13/2022,6,M15,3-6-M15,9.74,0.428,15,M,Azithromycin,1,0.03,S. flexneri,M90T,Sf,100x,0.166,0.262,0.44,0.9727272727272727
5/13/2022,6,M15,3-6-M15,10.82,0.453,15,M,Azithromycin,1,0.03,S. flexneri,M90T,Sf,100x,0.166,0.28700000000000003,0.469,0.9658848614072496
5/13/2022,6,M15,3-6-M15,11.91,0.473,15,M,Azithromycin,1,0.03,S. flexneri,M90T,Sf,100x,0.166,0.30699999999999994,0.489,0.967280163599182
5/13/2022,6,M15,3-6-M15,12.99,0.486,15,M,Azithromycin,1,0.03,S. flexneri,M90T,Sf,100x,0.169,0.31699999999999995,0.499,0.9739478957915831
5/13/2022,6,M17,3-6-M17,0.0,0.154,17,M,Azithromycin,1,0.01,S. flexneri,M90T,Sf,100x,0.154,0.03,0.187,0.8235294117647058
5/13/2022,6,M17,3-6-M17,1.09,0.166,17,M,Azithromycin,1,0.01,S. flexneri,M90T,Sf,100x,0.165,0.03,0.19,0.8736842105263158
5/13/2022,6,M17,3-6-M17,2.17,0.169,17,M,Azithromycin,1,0.01,S. flexneri,M90T,Sf,100x,0.168,0.03,0.196,0.8622448979591837
5/13/2022,6,M17,3-6-M17,3.25,0.172,17,M,Azithromycin,1,0.01,S. flexneri,M90T,Sf,100x,0.169,0.03,0.199,0.8643216080402009
5/13/2022,6,M17,3-6-M17,4.33,0.192,17,M,Azithromycin,1,0.01,S. flexneri,M90T,Sf,100x,0.169,0.03,0.216,0.888888888888889
5/13/2022,6,M17,3-6-M17,5.41,0.239,17,M,Azithromycin,1,0.01,S. flexneri,M90T,Sf,100x,0.169,0.06999999999999998,0.26,0.9192307692307692
5/13/2022,6,M17,3-6-M17,6.5,0.292,17,M,Azithromycin,1,0.01,S. flexneri,M90T,Sf,100x,0.168,0.12399999999999997,0.315,0.9269841269841269
5/13/2022,6,M17,3-6-M17,7.58,0.333,17,M,Azithromycin,1,0.01,S. flexneri,M90T,Sf,100x,0.169,0.164,0.367,0.9073569482288829
5/13/2022,6,M17,3-6-M17,8.66,0.365,17,M,Azithromycin,1,0.01,S. flexneri,M90T,Sf,100x,0.168,0.19699999999999998,0.409,0.8924205378973106
5/13/2022,6,M17,3-6-M17,9.74,0.386,17,M,Azithromycin,1,0.01,S. flexneri,M90T,Sf,100x,0.166,0.22,0.44,0.8772727272727273
5/13/2022,6,M17,3-6-M17,10.82,0.402,17,M,Azithromycin,1,0.01,S. flexneri,M90T,Sf,100x,0.166,0.23600000000000002,0.469,0.8571428571428572
5/13/2022,6,M17,3-6-M17,11.91,0.417,17,M,Azithromycin,1,0.01,S. flexneri,M90T,Sf,100x,0.166,0.251,0.489,0.852760736196319
5/13/2022,6,M17,3-6-M17,12.99,0.429,17,M,Azithromycin,1,0.01,S. flexneri,M90T,Sf,100x,0.169,0.26,0.499,0.8597194388777555
5/13/2022,6,M19,3-6-M19,0.0,0.162,19,M,Azithromycin,1,0.003,S. flexneri,M90T,Sf,100x,0.154,0.03,0.187,0.8663101604278075
5/13/2022,6,M19,3-6-M19,1.09,0.176,19,M,Azithromycin,1,0.003,S. flexneri,M90T,Sf,100x,0.165,0.03,0.19,0.9263157894736841
5/13/2022,6,M19,3-6-M19,2.17,0.178,19,M,Azithromycin,1,0.003,S. flexneri,M90T,Sf,100x,0.168,0.03,0.196,0.9081632653061223
5/13/2022,6,M19,3-6-M19,3.25,0.184,19,M,Azithromycin,1,0.003,S. flexneri,M90T,Sf,100x,0.169,0.03,0.199,0.9246231155778893
5/13/2022,6,M19,3-6-M19,4.33,0.212,19,M,Azithromycin,1,0.003,S. flexneri,M90T,Sf,100x,0.169,0.04299999999999998,0.216,0.9814814814814815
5/13/2022,6,M19,3-6-M19,5.41,0.275,19,M,Azithromycin,1,0.003,S. flexneri,M90T,Sf,100x,0.169,0.10600000000000001,0.26,1.0576923076923077
5/13/2022,6,M19,3-6-M19,6.5,0.346,19,M,Azithromycin,1,0.003,S. flexneri,M90T,Sf,100x,0.168,0.17799999999999996,0.315,1.0984126984126983
5/13/2022,6,M19,3-6-M19,7.58,0.402,19,M,Azithromycin,1,0.003,S. flexneri,M90T,Sf,100x,0.169,0.233,0.367,1.0953678474114443
5/13/2022,6,M19,3-6-M19,8.66,0.431,19,M,Azithromycin,1,0.003,S. flexneri,M90T,Sf,100x,0.168,0.263,0.409,1.0537897310513449
5/13/2022,6,M19,3-6-M19,9.74,0.461,19,M,Azithromycin,1,0.003,S. flexneri,M90T,Sf,100x,0.166,0.29500000000000004,0.44,1.0477272727272728
5/13/2022,6,M19,3-6-M19,10.82,0.484,19,M,Azithromycin,1,0.003,S. flexneri,M90T,Sf,100x,0.166,0.31799999999999995,0.469,1.0319829424307037
5/13/2022,6,M19,3-6-M19,11.91,0.503,19,M,Azithromycin,1,0.003,S. flexneri,M90T,Sf,100x,0.166,0.33699999999999997,0.489,1.0286298568507157
5/13/2022,6,M19,3-6-M19,12.99,0.511,19,M,Azithromycin,1,0.003,S. flexneri,M90T,Sf,100x,0.169,0.34199999999999997,0.499,1.0240480961923848
5/13/2022,6,M21,3-6-M21,0.0,0.187,21,M,Azithromycin,1,0.0,S. flexneri,M90T,Sf,100x,0.154,0.033,0.187,1.0
5/13/2022,6,M21,3-6-M21,1.09,0.19,21,M,Azithromycin,1,0.0,S. flexneri,M90T,Sf,100x,0.165,0.03,0.19,1.0
5/13/2022,6,M21,3-6-M21,2.17,0.196,21,M,Azithromycin,1,0.0,S. flexneri,M90T,Sf,100x,0.168,0.03,0.196,1.0
5/13/2022,6,M21,3-6-M21,3.25,0.199,21,M,Azithromycin,1,0.0,S. flexneri,M90T,Sf,100x,0.169,0.03,0.199,1.0
5/13/2022,6,M21,3-6-M21,4.33,0.216,21,M,Azithromycin,1,0.0,S. flexneri,M90T,Sf,100x,0.169,0.046999999999999986,0.216,1.0
5/13/2022,6,M21,3-6-M21,5.41,0.26,21,M,Azithromycin,1,0.0,S. flexneri,M90T,Sf,100x,0.169,0.091,0.26,1.0
5/13/2022,6,M21,3-6-M21,6.5,0.315,21,M,Azithromycin,1,0.0,S. flexneri,M90T,Sf,100x,0.168,0.147,0.315,1.0
5/13/2022,6,M21,3-6-M21,7.58,0.367,21,M,Azithromycin,1,0.0,S. flexneri,M90T,Sf,100x,0.169,0.19799999999999998,0.367,1.0
5/13/2022,6,M21,3-6-M21,8.66,0.409,21,M,Azithromycin,1,0.0,S. flexneri,M90T,Sf,100x,0.168,0.24099999999999996,0.409,1.0
5/13/2022,6,M21,3-6-M21,9.74,0.44,21,M,Azithromycin,1,0.0,S. flexneri,M90T,Sf,100x,0.166,0.274,0.44,1.0
5/13/2022,6,M21,3-6-M21,10.82,0.469,21,M,Azithromycin,1,0.0,S. flexneri,M90T,Sf,100x,0.166,0.30299999999999994,0.469,1.0
5/13/2022,6,M21,3-6-M21,11.91,0.489,21,M,Azithromycin,1,0.0,S. flexneri,M90T,Sf,100x,0.166,0.32299999999999995,0.489,1.0
5/13/2022,6,M21,3-6-M21,12.99,0.499,21,M,Azithromycin,1,0.0,S. flexneri,M90T,Sf,100x,0.169,0.32999999999999996,0.499,1.0
5/13/2022,6,M23,3-6-M23,0.0,0.154,23,M,Azithromycin,1,-1.0,S. flexneri,M90T,Sf,100x,0.154,0.03,0.187,0.8235294117647058
5/13/2022,6,M23,3-6-M23,1.09,0.165,23,M,Azithromycin,1,-1.0,S. flexneri,M90T,Sf,100x,0.165,0.03,0.19,0.868421052631579
5/13/2022,6,M23,3-6-M23,2.17,0.168,23,M,Azithromycin,1,-1.0,S. flexneri,M90T,Sf,100x,0.168,0.03,0.196,0.8571428571428572
5/13/2022,6,M23,3-6-M23,3.25,0.169,23,M,Azithromycin,1,-1.0,S. flexneri,M90T,Sf,100x,0.169,0.03,0.199,0.8492462311557789
5/13/2022,6,M23,3-6-M23,4.33,0.169,23,M,Azithromycin,1,-1.0,S. flexneri,M90T,Sf,100x,0.169,0.03,0.216,0.7824074074074074
5/13/2022,6,M23,3-6-M23,5.41,0.169,23,M,Azithromycin,1,-1.0,S. flexneri,M90T,Sf,100x,0.169,0.03,0.26,0.65
5/13/2022,6,M23,3-6-M23,6.5,0.168,23,M,Azithromycin,1,-1.0,S. flexneri,M90T,Sf,100x,0.168,0.03,0.315,0.5333333333333333
5/13/2022,6,M23,3-6-M23,7.58,0.169,23,M,Azithromycin,1,-1.0,S. flexneri,M90T,Sf,100x,0.169,0.03,0.367,0.4604904632152589
5/13/2022,6,M23,3-6-M23,8.66,0.168,23,M,Azithromycin,1,-1.0,S. flexneri,M90T,Sf,100x,0.168,0.03,0.409,0.410757946210269
5/13/2022,6,M23,3-6-M23,9.74,0.166,23,M,Azithromycin,1,-1.0,S. flexneri,M90T,Sf,100x,0.166,0.03,0.44,0.3772727272727273
5/13/2022,6,M23,3-6-M23,10.82,0.166,23,M,Azithromycin,1,-1.0,S. flexneri,M90T,Sf,100x,0.166,0.03,0.469,0.3539445628997868
5/13/2022,6,M23,3-6-M23,11.91,0.166,23,M,Azithromycin,1,-1.0,S. flexneri,M90T,Sf,100x,0.166,0.03,0.489,0.3394683026584867
5/13/2022,6,M23,3-6-M23,12.99,0.169,23,M,Azithromycin,1,-1.0,S. flexneri,M90T,Sf,100x,0.169,0.03,0.499,0.33867735470941884
5/13/2022,6,M3,3-6-M3,0.0,0.194,3,M,Azithromycin,1,30.0,S. flexneri,M90T,Sf,100x,0.154,0.04000000000000001,0.187,1.0374331550802138
5/13/2022,6,M3,3-6-M3,1.09,0.198,3,M,Azithromycin,1,30.0,S. flexneri,M90T,Sf,100x,0.165,0.033,0.19,1.0421052631578949
5/13/2022,6,M3,3-6-M3,2.17,0.196,3,M,Azithromycin,1,30.0,S. flexneri,M90T,Sf,100x,0.168,0.03,0.196,1.0
5/13/2022,6,M3,3-6-M3,3.25,0.197,3,M,Azithromycin,1,30.0,S. flexneri,M90T,Sf,100x,0.169,0.03,0.199,0.9899497487437185
5/13/2022,6,M3,3-6-M3,4.33,0.195,3,M,Azithromycin,1,30.0,S. flexneri,M90T,Sf,100x,0.169,0.03,0.216,0.9027777777777778
5/13/2022,6,M3,3-6-M3,5.41,0.194,3,M,Azithromycin,1,30.0,S. flexneri,M90T,Sf,100x,0.169,0.03,0.26,0.7461538461538462
5/13/2022,6,M3,3-6-M3,6.5,0.194,3,M,Azithromycin,1,30.0,S. flexneri,M90T,Sf,100x,0.168,0.03,0.315,0.6158730158730159
5/13/2022,6,M3,3-6-M3,7.58,0.195,3,M,Azithromycin,1,30.0,S. flexneri,M90T,Sf,100x,0.169,0.03,0.367,0.5313351498637603
5/13/2022,6,M3,3-6-M3,8.66,0.194,3,M,Azithromycin,1,30.0,S. flexneri,M90T,Sf,100x,0.168,0.03,0.409,0.4743276283618582
5/13/2022,6,M3,3-6-M3,9.74,0.193,3,M,Azithromycin,1,30.0,S. flexneri,M90T,Sf,100x,0.166,0.03,0.44,0.43863636363636366
5/13/2022,6,M3,3-6-M3,10.82,0.193,3,M,Azithromycin,1,30.0,S. flexneri,M90T,Sf,100x,0.166,0.03,0.469,0.41151385927505335
5/13/2022,6,M3,3-6-M3,11.91,0.191,3,M,Azithromycin,1,30.0,S. flexneri,M90T,Sf,100x,0.166,0.03,0.489,0.39059304703476483
5/13/2022,6,M3,3-6-M3,12.99,0.193,3,M,Azithromycin,1,30.0,S. flexneri,M90T,Sf,100x,0.169,0.03,0.499,0.3867735470941884
5/13/2022,6,M5,3-6-M5,0.0,0.196,5,M,Azithromycin,1,10.0,S. flexneri,M90T,Sf,100x,0.154,0.04200000000000001,0.187,1.0481283422459893
5/13/2022,6,M5,3-6-M5,1.09,0.198,5,M,Azithromycin,1,10.0,S. flexneri,M90T,Sf,100x,0.165,0.033,0.19,1.0421052631578949
5/13/2022,6,M5,3-6-M5,2.17,0.203,5,M,Azithromycin,1,10.0,S. flexneri,M90T,Sf,100x,0.168,0.035,0.196,1.0357142857142858
5/13/2022,6,M5,3-6-M5,3.25,0.203,5,M,Azithromycin,1,10.0,S. flexneri,M90T,Sf,100x,0.169,0.034,0.199,1.020100502512563
5/13/2022,6,M5,3-6-M5,4.33,0.203,5,M,Azithromycin,1,10.0,S. flexneri,M90T,Sf,100x,0.169,0.034,0.216,0.9398148148148149
5/13/2022,6,M5,3-6-M5,5.41,0.202,5,M,Azithromycin,1,10.0,S. flexneri,M90T,Sf,100x,0.169,0.033,0.26,0.7769230769230769
5/13/2022,6,M5,3-6-M5,6.5,0.204,5,M,Azithromycin,1,10.0,S. flexneri,M90T,Sf,100x,0.168,0.035999999999999976,0.315,0.6476190476190475
5/13/2022,6,M5,3-6-M5,7.58,0.208,5,M,Azithromycin,1,10.0,S. flexneri,M90T,Sf,100x,0.169,0.03899999999999998,0.367,0.5667574931880108
5/13/2022,6,M5,3-6-M5,8.66,0.214,5,M,Azithromycin,1,10.0,S. flexneri,M90T,Sf,100x,0.168,0.045999999999999985,0.409,0.5232273838630807
5/13/2022,6,M5,3-6-M5,9.74,0.226,5,M,Azithromycin,1,10.0,S. flexneri,M90T,Sf,100x,0.166,0.06,0.44,0.5136363636363637
5/13/2022,6,M5,3-6-M5,10.82,0.25,5,M,Azithromycin,1,10.0,S. flexneri,M90T,Sf,100x,0.166,0.08399999999999999,0.469,0.5330490405117271
5/13/2022,6,M5,3-6-M5,11.91,0.286,5,M,Azithromycin,1,10.0,S. flexneri,M90T,Sf,100x,0.166,0.11999999999999997,0.489,0.5848670756646216
5/13/2022,6,M5,3-6-M5,12.99,0.319,5,M,Azithromycin,1,10.0,S. flexneri,M90T,Sf,100x,0.169,0.15,0.499,0.6392785571142284
5/13/2022,6,M7,3-6-M7,0.0,0.195,7,M,Azithromycin,1,3.0,S. flexneri,M90T,Sf,100x,0.154,0.04100000000000001,0.187,1.0427807486631016
5/13/2022,6,M7,3-6-M7,1.09,0.197,7,M,Azithromycin,1,3.0,S. flexneri,M90T,Sf,100x,0.165,0.032,0.19,1.036842105263158
5/13/2022,6,M7,3-6-M7,2.17,0.205,7,M,Azithromycin,1,3.0,S. flexneri,M90T,Sf,100x,0.168,0.03699999999999998,0.196,1.0459183673469388
5/13/2022,6,M7,3-6-M7,3.25,0.205,7,M,Azithromycin,1,3.0,S. flexneri,M90T,Sf,100x,0.169,0.035999999999999976,0.199,1.0301507537688441
5/13/2022,6,M7,3-6-M7,4.33,0.212,7,M,Azithromycin,1,3.0,S. flexneri,M90T,Sf,100x,0.169,0.04299999999999998,0.216,0.9814814814814815
5/13/2022,6,M7,3-6-M7,5.41,0.239,7,M,Azithromycin,1,3.0,S. flexneri,M90T,Sf,100x,0.169,0.06999999999999998,0.26,0.9192307692307692
5/13/2022,6,M7,3-6-M7,6.5,0.287,7,M,Azithromycin,1,3.0,S. flexneri,M90T,Sf,100x,0.168,0.11899999999999997,0.315,0.911111111111111
5/13/2022,6,M7,3-6-M7,7.58,0.339,7,M,Azithromycin,1,3.0,S. flexneri,M90T,Sf,100x,0.169,0.17,0.367,0.9237057220708448
5/13/2022,6,M7,3-6-M7,8.66,0.378,7,M,Azithromycin,1,3.0,S. flexneri,M90T,Sf,100x,0.168,0.21,0.409,0.9242053789731052
5/13/2022,6,M7,3-6-M7,9.74,0.409,7,M,Azithromycin,1,3.0,S. flexneri,M90T,Sf,100x,0.166,0.24299999999999997,0.44,0.9295454545454545
5/13/2022,6,M7,3-6-M7,10.82,0.423,7,M,Azithromycin,1,3.0,S. flexneri,M90T,Sf,100x,0.166,0.257,0.469,0.9019189765458422
5/13/2022,6,M7,3-6-M7,11.91,0.433,7,M,Azithromycin,1,3.0,S. flexneri,M90T,Sf,100x,0.166,0.267,0.489,0.885480572597137
5/13/2022,6,M7,3-6-M7,12.99,0.437,7,M,Azithromycin,1,3.0,S. flexneri,M90T,Sf,100x,0.169,0.268,0.499,0.875751503006012
5/13/2022,6,M9,3-6-M9,0.0,0.198,9,M,Azithromycin,1,1.0,S. flexneri,M90T,Sf,100x,0.154,0.04400000000000001,0.187,1.0588235294117647
5/13/2022,6,M9,3-6-M9,1.09,0.199,9,M,Azithromycin,1,1.0,S. flexneri,M90T,Sf,100x,0.165,0.034,0.19,1.0473684210526317
5/13/2022,6,M9,3-6-M9,2.17,0.201,9,M,Azithromycin,1,1.0,S. flexneri,M90T,Sf,100x,0.168,0.033,0.196,1.0255102040816326
5/13/2022,6,M9,3-6-M9,3.25,0.202,9,M,Azithromycin,1,1.0,S. flexneri,M90T,Sf,100x,0.169,0.033,0.199,1.015075376884422
5/13/2022,6,M9,3-6-M9,4.33,0.217,9,M,Azithromycin,1,1.0,S. flexneri,M90T,Sf,100x,0.169,0.04799999999999999,0.216,1.0046296296296295
5/13/2022,6,M9,3-6-M9,5.41,0.261,9,M,Azithromycin,1,1.0,S. flexneri,M90T,Sf,100x,0.169,0.092,0.26,1.0038461538461538
5/13/2022,6,M9,3-6-M9,6.5,0.325,9,M,Azithromycin,1,1.0,S. flexneri,M90T,Sf,100x,0.168,0.157,0.315,1.0317460317460319
5/13/2022,6,M9,3-6-M9,7.58,0.385,9,M,Azithromycin,1,1.0,S. flexneri,M90T,Sf,100x,0.169,0.216,0.367,1.0490463215258856
5/13/2022,6,M9,3-6-M9,8.66,0.431,9,M,Azithromycin,1,1.0,S. flexneri,M90T,Sf,100x,0.168,0.263,0.409,1.0537897310513449
5/13/2022,6,M9,3-6-M9,9.74,0.466,9,M,Azithromycin,1,1.0,S. flexneri,M90T,Sf,100x,0.166,0.30000000000000004,0.44,1.059090909090909
5/13/2022,6,M9,3-6-M9,10.82,0.479,9,M,Azithromycin,1,1.0,S. flexneri,M90T,Sf,100x,0.166,0.31299999999999994,0.469,1.0213219616204692
5/13/2022,6,M9,3-6-M9,11.91,0.492,9,M,Azithromycin,1,1.0,S. flexneri,M90T,Sf,100x,0.166,0.32599999999999996,0.489,1.0061349693251533
5/13/2022,6,M9,3-6-M9,12.99,0.491,9,M,Azithromycin,1,1.0,S. flexneri,M90T,Sf,100x,0.169,0.32199999999999995,0.499,0.9839679358717435
