date,plt,well,wellid,time_h,rawod,col,row,cpd,qrt,um,species,strain,nick,dil,OD_minus1_of_each_group_replicate_timepoint,od_corrected,OD_zero_mean_of_each_group_replicate_timepoint,od_normalized
5/4/2022,4,M1,1-4-M1,0.0,0.217,1,M,Azithromycin,1,100.0,S. flexneri,M90T,Sf,100x,0.187,0.03,0.03,1.0
5/4/2022,4,M1,1-4-M1,1.08,0.233,1,M,Azithromycin,1,100.0,S. flexneri,M90T,Sf,100x,0.193,0.04000000000000001,0.03,1.3333333333333337
5/4/2022,4,M1,1-4-M1,2.16,0.213,1,M,Azithromycin,1,100.0,S. flexneri,M90T,Sf,100x,0.195,0.03,0.04099999999999998,0.731707317073171
5/4/2022,4,M1,1-4-M1,3.24,0.213,1,M,Azithromycin,1,100.0,S. flexneri,M90T,Sf,100x,0.192,0.03,0.121,0.24793388429752067
5/4/2022,4,M1,1-4-M1,4.32,0.212,1,M,Azithromycin,1,100.0,S. flexneri,M90T,Sf,100x,0.19,0.03,0.192,0.15625
5/4/2022,4,M1,1-4-M1,5.41,0.211,1,M,Azithromycin,1,100.0,S. flexneri,M90T,Sf,100x,0.189,0.03,0.242,0.12396694214876033
5/4/2022,4,M1,1-4-M1,6.49,0.21,1,M,Azithromycin,1,100.0,S. flexneri,M90T,Sf,100x,0.187,0.03,0.282,0.10638297872340426
5/4/2022,4,M1,1-4-M1,7.57,0.21,1,M,Azithromycin,1,100.0,S. flexneri,M90T,Sf,100x,0.187,0.03,0.308,0.0974025974025974
5/4/2022,4,M1,1-4-M1,8.65,0.209,1,M,Azithromycin,1,100.0,S. flexneri,M90T,Sf,100x,0.186,0.03,0.325,0.0923076923076923
5/4/2022,4,M1,1-4-M1,9.73,0.209,1,M,Azithromycin,1,100.0,S. flexneri,M90T,Sf,100x,0.186,0.03,0.339,0.08849557522123892
5/4/2022,4,M1,1-4-M1,10.82,0.208,1,M,Azithromycin,1,100.0,S. flexneri,M90T,Sf,100x,0.186,0.03,0.34400000000000003,0.08720930232558138
5/4/2022,4,M1,1-4-M1,11.9,0.208,1,M,Azithromycin,1,100.0,S. flexneri,M90T,Sf,100x,0.187,0.03,0.35100000000000003,0.08547008547008546
5/4/2022,4,M1,1-4-M1,12.98,0.208,1,M,Azithromycin,1,100.0,S. flexneri,M90T,Sf,100x,0.187,0.03,0.35300000000000004,0.08498583569405098
5/4/2022,4,M1,1-4-M1,14.06,0.207,1,M,Azithromycin,1,100.0,S. flexneri,M90T,Sf,100x,0.186,0.03,0.36000000000000004,0.08333333333333331
5/4/2022,4,M1,1-4-M1,15.14,0.208,1,M,Azithromycin,1,100.0,S. flexneri,M90T,Sf,100x,0.187,0.03,0.36400000000000005,0.0824175824175824
5/4/2022,4,M11,1-4-M11,0.0,0.209,11,M,Azithromycin,1,0.3,S. flexneri,M90T,Sf,100x,0.187,0.03,0.03,1.0
5/4/2022,4,M11,1-4-M11,1.08,0.221,11,M,Azithromycin,1,0.3,S. flexneri,M90T,Sf,100x,0.193,0.03,0.03,1.0
5/4/2022,4,M11,1-4-M11,2.16,0.253,11,M,Azithromycin,1,0.3,S. flexneri,M90T,Sf,100x,0.195,0.057999999999999996,0.04099999999999998,1.414634146341464
5/4/2022,4,M11,1-4-M11,3.24,0.319,11,M,Azithromycin,1,0.3,S. flexneri,M90T,Sf,100x,0.192,0.127,0.121,1.0495867768595042
5/4/2022,4,M11,1-4-M11,4.32,0.377,11,M,Azithromycin,1,0.3,S. flexneri,M90T,Sf,100x,0.19,0.187,0.192,0.9739583333333333
5/4/2022,4,M11,1-4-M11,5.41,0.42,11,M,Azithromycin,1,0.3,S. flexneri,M90T,Sf,100x,0.189,0.23099999999999998,0.242,0.9545454545454545
5/4/2022,4,M11,1-4-M11,6.49,0.456,11,M,Azithromycin,1,0.3,S. flexneri,M90T,Sf,100x,0.187,0.269,0.282,0.9539007092198583
5/4/2022,4,M11,1-4-M11,7.57,0.488,11,M,Azithromycin,1,0.3,S. flexneri,M90T,Sf,100x,0.187,0.301,0.308,0.9772727272727273
5/4/2022,4,M11,1-4-M11,8.65,0.502,11,M,Azithromycin,1,0.3,S. flexneri,M90T,Sf,100x,0.186,0.316,0.325,0.9723076923076923
5/4/2022,4,M11,1-4-M11,9.73,0.522,11,M,Azithromycin,1,0.3,S. flexneri,M90T,Sf,100x,0.186,0.336,0.339,0.9911504424778761
5/4/2022,4,M11,1-4-M11,10.82,0.53,11,M,Azithromycin,1,0.3,S. flexneri,M90T,Sf,100x,0.186,0.34400000000000003,0.34400000000000003,1.0
5/4/2022,4,M11,1-4-M11,11.9,0.54,11,M,Azithromycin,1,0.3,S. flexneri,M90T,Sf,100x,0.187,0.35300000000000004,0.35100000000000003,1.0056980056980056
5/4/2022,4,M11,1-4-M11,12.98,0.539,11,M,Azithromycin,1,0.3,S. flexneri,M90T,Sf,100x,0.187,0.35200000000000004,0.35300000000000004,0.9971671388101983
5/4/2022,4,M11,1-4-M11,14.06,0.547,11,M,Azithromycin,1,0.3,S. flexneri,M90T,Sf,100x,0.186,0.36100000000000004,0.36000000000000004,1.0027777777777778
5/4/2022,4,M11,1-4-M11,15.14,0.551,11,M,Azithromycin,1,0.3,S. flexneri,M90T,Sf,100x,0.187,0.36400000000000005,0.36400000000000005,1.0
5/4/2022,4,M13,1-4-M13,0.0,0.209,13,M,Azithromycin,1,0.1,S. flexneri,M90T,Sf,100x,0.187,0.03,0.03,1.0
5/4/2022,4,M13,1-4-M13,1.08,0.22,13,M,Azithromycin,1,0.1,S. flexneri,M90T,Sf,100x,0.193,0.03,0.03,1.0
5/4/2022,4,M13,1-4-M13,2.16,0.253,13,M,Azithromycin,1,0.1,S. flexneri,M90T,Sf,100x,0.195,0.057999999999999996,0.04099999999999998,1.414634146341464
5/4/2022,4,M13,1-4-M13,3.24,0.314,13,M,Azithromycin,1,0.1,S. flexneri,M90T,Sf,100x,0.192,0.122,0.121,1.0082644628099173
5/4/2022,4,M13,1-4-M13,4.32,0.369,13,M,Azithromycin,1,0.1,S. flexneri,M90T,Sf,100x,0.19,0.179,0.192,0.9322916666666666
5/4/2022,4,M13,1-4-M13,5.41,0.412,13,M,Azithromycin,1,0.1,S. flexneri,M90T,Sf,100x,0.189,0.22299999999999998,0.242,0.921487603305785
5/4/2022,4,M13,1-4-M13,6.49,0.444,13,M,Azithromycin,1,0.1,S. flexneri,M90T,Sf,100x,0.187,0.257,0.282,0.9113475177304966
5/4/2022,4,M13,1-4-M13,7.57,0.476,13,M,Azithromycin,1,0.1,S. flexneri,M90T,Sf,100x,0.187,0.289,0.308,0.9383116883116882
5/4/2022,4,M13,1-4-M13,8.65,0.488,13,M,Azithromycin,1,0.1,S. flexneri,M90T,Sf,100x,0.186,0.302,0.325,0.9292307692307692
5/4/2022,4,M13,1-4-M13,9.73,0.505,13,M,Azithromycin,1,0.1,S. flexneri,M90T,Sf,100x,0.186,0.319,0.339,0.9410029498525073
5/4/2022,4,M13,1-4-M13,10.82,0.517,13,M,Azithromycin,1,0.1,S. flexneri,M90T,Sf,100x,0.186,0.331,0.34400000000000003,0.9622093023255813
5/4/2022,4,M13,1-4-M13,11.9,0.529,13,M,Azithromycin,1,0.1,S. flexneri,M90T,Sf,100x,0.187,0.342,0.35100000000000003,0.9743589743589743
5/4/2022,4,M13,1-4-M13,12.98,0.526,13,M,Azithromycin,1,0.1,S. flexneri,M90T,Sf,100x,0.187,0.339,0.35300000000000004,0.9603399433427762
5/4/2022,4,M13,1-4-M13,14.06,0.54,13,M,Azithromycin,1,0.1,S. flexneri,M90T,Sf,100x,0.186,0.35400000000000004,0.36000000000000004,0.9833333333333333
5/4/2022,4,M13,1-4-M13,15.14,0.544,13,M,Azithromycin,1,0.1,S. flexneri,M90T,Sf,100x,0.187,0.35700000000000004,0.36400000000000005,0.9807692307692307
5/4/2022,4,M15,1-4-M15,0.0,0.189,15,M,Azithromycin,1,0.03,S. flexneri,M90T,Sf,100x,0.187,0.03,0.03,1.0
5/4/2022,4,M15,1-4-M15,1.08,0.204,15,M,Azithromycin,1,0.03,S. flexneri,M90T,Sf,100x,0.193,0.03,0.03,1.0
5/4/2022,4,M15,1-4-M15,2.16,0.241,15,M,Azithromycin,1,0.03,S. flexneri,M90T,Sf,100x,0.195,0.045999999999999985,0.04099999999999998,1.1219512195121952
5/4/2022,4,M15,1-4-M15,3.24,0.314,15,M,Azithromycin,1,0.03,S. flexneri,M90T,Sf,100x,0.192,0.122,0.121,1.0082644628099173
5/4/2022,4,M15,1-4-M15,4.32,0.371,15,M,Azithromycin,1,0.03,S. flexneri,M90T,Sf,100x,0.19,0.181,0.192,0.9427083333333333
5/4/2022,4,M15,1-4-M15,5.41,0.408,15,M,Azithromycin,1,0.03,S. flexneri,M90T,Sf,100x,0.189,0.21899999999999997,0.242,0.9049586776859503
5/4/2022,4,M15,1-4-M15,6.49,0.434,15,M,Azithromycin,1,0.03,S. flexneri,M90T,Sf,100x,0.187,0.247,0.282,0.8758865248226951
5/4/2022,4,M15,1-4-M15,7.57,0.457,15,M,Azithromycin,1,0.03,S. flexneri,M90T,Sf,100x,0.187,0.27,0.308,0.8766233766233766
5/4/2022,4,M15,1-4-M15,8.65,0.475,15,M,Azithromycin,1,0.03,S. flexneri,M90T,Sf,100x,0.186,0.289,0.325,0.8892307692307692
5/4/2022,4,M15,1-4-M15,9.73,0.485,15,M,Azithromycin,1,0.03,S. flexneri,M90T,Sf,100x,0.186,0.299,0.339,0.8820058997050146
5/4/2022,4,M15,1-4-M15,10.82,0.497,15,M,Azithromycin,1,0.03,S. flexneri,M90T,Sf,100x,0.186,0.311,0.34400000000000003,0.9040697674418604
5/4/2022,4,M15,1-4-M15,11.9,0.509,15,M,Azithromycin,1,0.03,S. flexneri,M90T,Sf,100x,0.187,0.322,0.35100000000000003,0.9173789173789173
5/4/2022,4,M15,1-4-M15,12.98,0.513,15,M,Azithromycin,1,0.03,S. flexneri,M90T,Sf,100x,0.187,0.326,0.35300000000000004,0.9235127478753541
5/4/2022,4,M15,1-4-M15,14.06,0.52,15,M,Azithromycin,1,0.03,S. flexneri,M90T,Sf,100x,0.186,0.334,0.36000000000000004,0.9277777777777777
5/4/2022,4,M15,1-4-M15,15.14,0.528,15,M,Azithromycin,1,0.03,S. flexneri,M90T,Sf,100x,0.187,0.341,0.36400000000000005,0.9368131868131868
5/4/2022,4,M17,1-4-M17,0.0,0.188,17,M,Azithromycin,1,0.01,S. flexneri,M90T,Sf,100x,0.187,0.03,0.03,1.0
5/4/2022,4,M17,1-4-M17,1.08,0.206,17,M,Azithromycin,1,0.01,S. flexneri,M90T,Sf,100x,0.193,0.03,0.03,1.0
5/4/2022,4,M17,1-4-M17,2.16,0.241,17,M,Azithromycin,1,0.01,S. flexneri,M90T,Sf,100x,0.195,0.045999999999999985,0.04099999999999998,1.1219512195121952
5/4/2022,4,M17,1-4-M17,3.24,0.318,17,M,Azithromycin,1,0.01,S. flexneri,M90T,Sf,100x,0.192,0.126,0.121,1.0413223140495869
5/4/2022,4,M17,1-4-M17,4.32,0.38,17,M,Azithromycin,1,0.01,S. flexneri,M90T,Sf,100x,0.19,0.19,0.192,0.9895833333333334
5/4/2022,4,M17,1-4-M17,5.41,0.417,17,M,Azithromycin,1,0.01,S. flexneri,M90T,Sf,100x,0.189,0.22799999999999998,0.242,0.9421487603305785
5/4/2022,4,M17,1-4-M17,6.49,0.44,17,M,Azithromycin,1,0.01,S. flexneri,M90T,Sf,100x,0.187,0.253,0.282,0.897163120567376
5/4/2022,4,M17,1-4-M17,7.57,0.462,17,M,Azithromycin,1,0.01,S. flexneri,M90T,Sf,100x,0.187,0.275,0.308,0.8928571428571429
5/4/2022,4,M17,1-4-M17,8.65,0.479,17,M,Azithromycin,1,0.01,S. flexneri,M90T,Sf,100x,0.186,0.293,0.325,0.9015384615384614
5/4/2022,4,M17,1-4-M17,9.73,0.491,17,M,Azithromycin,1,0.01,S. flexneri,M90T,Sf,100x,0.186,0.305,0.339,0.8997050147492625
5/4/2022,4,M17,1-4-M17,10.82,0.501,17,M,Azithromycin,1,0.01,S. flexneri,M90T,Sf,100x,0.186,0.315,0.34400000000000003,0.9156976744186046
5/4/2022,4,M17,1-4-M17,11.9,0.514,17,M,Azithromycin,1,0.01,S. flexneri,M90T,Sf,100x,0.187,0.327,0.35100000000000003,0.9316239316239315
5/4/2022,4,M17,1-4-M17,12.98,0.518,17,M,Azithromycin,1,0.01,S. flexneri,M90T,Sf,100x,0.187,0.331,0.35300000000000004,0.9376770538243625
5/4/2022,4,M17,1-4-M17,14.06,0.524,17,M,Azithromycin,1,0.01,S. flexneri,M90T,Sf,100x,0.186,0.338,0.36000000000000004,0.9388888888888889
5/4/2022,4,M17,1-4-M17,15.14,0.532,17,M,Azithromycin,1,0.01,S. flexneri,M90T,Sf,100x,0.187,0.34500000000000003,0.36400000000000005,0.9478021978021978
5/4/2022,4,M19,1-4-M19,0.0,0.19,19,M,Azithromycin,1,0.003,S. flexneri,M90T,Sf,100x,0.187,0.03,0.03,1.0
5/4/2022,4,M19,1-4-M19,1.08,0.202,19,M,Azithromycin,1,0.003,S. flexneri,M90T,Sf,100x,0.193,0.03,0.03,1.0
5/4/2022,4,M19,1-4-M19,2.16,0.237,19,M,Azithromycin,1,0.003,S. flexneri,M90T,Sf,100x,0.195,0.04199999999999998,0.04099999999999998,1.024390243902439
5/4/2022,4,M19,1-4-M19,3.24,0.305,19,M,Azithromycin,1,0.003,S. flexneri,M90T,Sf,100x,0.192,0.11299999999999999,0.121,0.933884297520661
5/4/2022,4,M19,1-4-M19,4.32,0.362,19,M,Azithromycin,1,0.003,S. flexneri,M90T,Sf,100x,0.19,0.172,0.192,0.8958333333333333
5/4/2022,4,M19,1-4-M19,5.41,0.402,19,M,Azithromycin,1,0.003,S. flexneri,M90T,Sf,100x,0.189,0.21300000000000002,0.242,0.8801652892561984
5/4/2022,4,M19,1-4-M19,6.49,0.432,19,M,Azithromycin,1,0.003,S. flexneri,M90T,Sf,100x,0.187,0.245,0.282,0.8687943262411348
5/4/2022,4,M19,1-4-M19,7.57,0.456,19,M,Azithromycin,1,0.003,S. flexneri,M90T,Sf,100x,0.187,0.269,0.308,0.8733766233766235
5/4/2022,4,M19,1-4-M19,8.65,0.475,19,M,Azithromycin,1,0.003,S. flexneri,M90T,Sf,100x,0.186,0.289,0.325,0.8892307692307692
5/4/2022,4,M19,1-4-M19,9.73,0.489,19,M,Azithromycin,1,0.003,S. flexneri,M90T,Sf,100x,0.186,0.303,0.339,0.8938053097345132
5/4/2022,4,M19,1-4-M19,10.82,0.5,19,M,Azithromycin,1,0.003,S. flexneri,M90T,Sf,100x,0.186,0.314,0.34400000000000003,0.9127906976744186
5/4/2022,4,M19,1-4-M19,11.9,0.514,19,M,Azithromycin,1,0.003,S. flexneri,M90T,Sf,100x,0.187,0.327,0.35100000000000003,0.9316239316239315
5/4/2022,4,M19,1-4-M19,12.98,0.518,19,M,Azithromycin,1,0.003,S. flexneri,M90T,Sf,100x,0.187,0.331,0.35300000000000004,0.9376770538243625
5/4/2022,4,M19,1-4-M19,14.06,0.524,19,M,Azithromycin,1,0.003,S. flexneri,M90T,Sf,100x,0.186,0.338,0.36000000000000004,0.9388888888888889
5/4/2022,4,M19,1-4-M19,15.14,0.532,19,M,Azithromycin,1,0.003,S. flexneri,M90T,Sf,100x,0.187,0.34500000000000003,0.36400000000000005,0.9478021978021978
5/4/2022,4,M21,1-4-M21,0.0,0.188,21,M,Azithromycin,1,0.0,S. flexneri,M90T,Sf,100x,0.187,0.03,0.03,1.0
5/4/2022,4,M21,1-4-M21,1.08,0.202,21,M,Azithromycin,1,0.0,S. flexneri,M90T,Sf,100x,0.193,0.03,0.03,1.0
5/4/2022,4,M21,1-4-M21,2.16,0.236,21,M,Azithromycin,1,0.0,S. flexneri,M90T,Sf,100x,0.195,0.04099999999999998,0.04099999999999998,1.0
5/4/2022,4,M21,1-4-M21,3.24,0.313,21,M,Azithromycin,1,0.0,S. flexneri,M90T,Sf,100x,0.192,0.121,0.121,1.0
5/4/2022,4,M21,1-4-M21,4.32,0.382,21,M,Azithromycin,1,0.0,S. flexneri,M90T,Sf,100x,0.19,0.192,0.192,1.0
5/4/2022,4,M21,1-4-M21,5.41,0.431,21,M,Azithromycin,1,0.0,S. flexneri,M90T,Sf,100x,0.189,0.242,0.242,1.0
5/4/2022,4,M21,1-4-M21,6.49,0.469,21,M,Azithromycin,1,0.0,S. flexneri,M90T,Sf,100x,0.187,0.282,0.282,1.0
5/4/2022,4,M21,1-4-M21,7.57,0.495,21,M,Azithromycin,1,0.0,S. flexneri,M90T,Sf,100x,0.187,0.308,0.308,1.0
5/4/2022,4,M21,1-4-M21,8.65,0.511,21,M,Azithromycin,1,0.0,S. flexneri,M90T,Sf,100x,0.186,0.325,0.325,1.0
5/4/2022,4,M21,1-4-M21,9.73,0.525,21,M,Azithromycin,1,0.0,S. flexneri,M90T,Sf,100x,0.186,0.339,0.339,1.0
5/4/2022,4,M21,1-4-M21,10.82,0.53,21,M,Azithromycin,1,0.0,S. flexneri,M90T,Sf,100x,0.186,0.34400000000000003,0.34400000000000003,1.0
5/4/2022,4,M21,1-4-M21,11.9,0.538,21,M,Azithromycin,1,0.0,S. flexneri,M90T,Sf,100x,0.187,0.35100000000000003,0.35100000000000003,1.0
5/4/2022,4,M21,1-4-M21,12.98,0.54,21,M,Azithromycin,1,0.0,S. flexneri,M90T,Sf,100x,0.187,0.35300000000000004,0.35300000000000004,1.0
5/4/2022,4,M21,1-4-M21,14.06,0.546,21,M,Azithromycin,1,0.0,S. flexneri,M90T,Sf,100x,0.186,0.36000000000000004,0.36000000000000004,1.0
5/4/2022,4,M21,1-4-M21,15.14,0.551,21,M,Azithromycin,1,0.0,S. flexneri,M90T,Sf,100x,0.187,0.36400000000000005,0.36400000000000005,1.0
5/4/2022,4,M23,1-4-M23,0.0,0.187,23,M,Azithromycin,1,-1.0,S. flexneri,M90T,Sf,100x,0.187,0.03,0.03,1.0
5/4/2022,4,M23,1-4-M23,1.08,0.193,23,M,Azithromycin,1,-1.0,S. flexneri,M90T,Sf,100x,0.193,0.03,0.03,1.0
5/4/2022,4,M23,1-4-M23,2.16,0.195,23,M,Azithromycin,1,-1.0,S. flexneri,M90T,Sf,100x,0.195,0.03,0.04099999999999998,0.731707317073171
5/4/2022,4,M23,1-4-M23,3.24,0.192,23,M,Azithromycin,1,-1.0,S. flexneri,M90T,Sf,100x,0.192,0.03,0.121,0.24793388429752067
5/4/2022,4,M23,1-4-M23,4.32,0.19,23,M,Azithromycin,1,-1.0,S. flexneri,M90T,Sf,100x,0.19,0.03,0.192,0.15625
5/4/2022,4,M23,1-4-M23,5.41,0.189,23,M,Azithromycin,1,-1.0,S. flexneri,M90T,Sf,100x,0.189,0.03,0.242,0.12396694214876033
5/4/2022,4,M23,1-4-M23,6.49,0.187,23,M,Azithromycin,1,-1.0,S. flexneri,M90T,Sf,100x,0.187,0.03,0.282,0.10638297872340426
5/4/2022,4,M23,1-4-M23,7.57,0.187,23,M,Azithromycin,1,-1.0,S. flexneri,M90T,Sf,100x,0.187,0.03,0.308,0.0974025974025974
5/4/2022,4,M23,1-4-M23,8.65,0.186,23,M,Azithromycin,1,-1.0,S. flexneri,M90T,Sf,100x,0.186,0.03,0.325,0.0923076923076923
5/4/2022,4,M23,1-4-M23,9.73,0.186,23,M,Azithromycin,1,-1.0,S. flexneri,M90T,Sf,100x,0.186,0.03,0.339,0.08849557522123892
5/4/2022,4,M23,1-4-M23,10.82,0.186,23,M,Azithromycin,1,-1.0,S. flexneri,M90T,Sf,100x,0.186,0.03,0.34400000000000003,0.08720930232558138
5/4/2022,4,M23,1-4-M23,11.9,0.187,23,M,Azithromycin,1,-1.0,S. flexneri,M90T,Sf,100x,0.187,0.03,0.35100000000000003,0.08547008547008546
5/4/2022,4,M23,1-4-M23,12.98,0.187,23,M,Azithromycin,1,-1.0,S. flexneri,M90T,Sf,100x,0.187,0.03,0.35300000000000004,0.08498583569405098
5/4/2022,4,M23,1-4-M23,14.06,0.186,23,M,Azithromycin,1,-1.0,S. flexneri,M90T,Sf,100x,0.186,0.03,0.36000000000000004,0.08333333333333331
5/4/2022,4,M23,1-4-M23,15.14,0.187,23,M,Azithromycin,1,-1.0,S. flexneri,M90T,Sf,100x,0.187,0.03,0.36400000000000005,0.0824175824175824
5/4/2022,4,M3,1-4-M3,0.0,0.196,3,M,Azithromycin,1,30.0,S. flexneri,M90T,Sf,100x,0.187,0.03,0.03,1.0
5/4/2022,4,M3,1-4-M3,1.08,0.2,3,M,Azithromycin,1,30.0,S. flexneri,M90T,Sf,100x,0.193,0.03,0.03,1.0
5/4/2022,4,M3,1-4-M3,2.16,0.202,3,M,Azithromycin,1,30.0,S. flexneri,M90T,Sf,100x,0.195,0.03,0.04099999999999998,0.731707317073171
5/4/2022,4,M3,1-4-M3,3.24,0.204,3,M,Azithromycin,1,30.0,S. flexneri,M90T,Sf,100x,0.192,0.03,0.121,0.24793388429752067
5/4/2022,4,M3,1-4-M3,4.32,0.206,3,M,Azithromycin,1,30.0,S. flexneri,M90T,Sf,100x,0.19,0.03,0.192,0.15625
5/4/2022,4,M3,1-4-M3,5.41,0.21,3,M,Azithromycin,1,30.0,S. flexneri,M90T,Sf,100x,0.189,0.03,0.242,0.12396694214876033
5/4/2022,4,M3,1-4-M3,6.49,0.215,3,M,Azithromycin,1,30.0,S. flexneri,M90T,Sf,100x,0.187,0.03,0.282,0.10638297872340426
5/4/2022,4,M3,1-4-M3,7.57,0.223,3,M,Azithromycin,1,30.0,S. flexneri,M90T,Sf,100x,0.187,0.036000000000000004,0.308,0.1168831168831169
5/4/2022,4,M3,1-4-M3,8.65,0.236,3,M,Azithromycin,1,30.0,S. flexneri,M90T,Sf,100x,0.186,0.04999999999999999,0.325,0.1538461538461538
5/4/2022,4,M3,1-4-M3,9.73,0.252,3,M,Azithromycin,1,30.0,S. flexneri,M90T,Sf,100x,0.186,0.066,0.339,0.19469026548672566
5/4/2022,4,M3,1-4-M3,10.82,0.268,3,M,Azithromycin,1,30.0,S. flexneri,M90T,Sf,100x,0.186,0.08200000000000002,0.34400000000000003,0.23837209302325585
5/4/2022,4,M3,1-4-M3,11.9,0.287,3,M,Azithromycin,1,30.0,S. flexneri,M90T,Sf,100x,0.187,0.09999999999999998,0.35100000000000003,0.2849002849002848
5/4/2022,4,M3,1-4-M3,12.98,0.306,3,M,Azithromycin,1,30.0,S. flexneri,M90T,Sf,100x,0.187,0.119,0.35300000000000004,0.3371104815864022
5/4/2022,4,M3,1-4-M3,14.06,0.322,3,M,Azithromycin,1,30.0,S. flexneri,M90T,Sf,100x,0.186,0.136,0.36000000000000004,0.37777777777777777
5/4/2022,4,M3,1-4-M3,15.14,0.338,3,M,Azithromycin,1,30.0,S. flexneri,M90T,Sf,100x,0.187,0.15100000000000002,0.36400000000000005,0.41483516483516486
5/4/2022,4,M5,1-4-M5,0.0,0.216,5,M,Azithromycin,1,10.0,S. flexneri,M90T,Sf,100x,0.187,0.03,0.03,1.0
5/4/2022,4,M5,1-4-M5,1.08,0.226,5,M,Azithromycin,1,10.0,S. flexneri,M90T,Sf,100x,0.193,0.033,0.03,1.1
5/4/2022,4,M5,1-4-M5,2.16,0.236,5,M,Azithromycin,1,10.0,S. flexneri,M90T,Sf,100x,0.195,0.04099999999999998,0.04099999999999998,1.0
5/4/2022,4,M5,1-4-M5,3.24,0.262,5,M,Azithromycin,1,10.0,S. flexneri,M90T,Sf,100x,0.192,0.07,0.121,0.578512396694215
5/4/2022,4,M5,1-4-M5,4.32,0.292,5,M,Azithromycin,1,10.0,S. flexneri,M90T,Sf,100x,0.19,0.10199999999999998,0.192,0.5312499999999999
5/4/2022,4,M5,1-4-M5,5.41,0.323,5,M,Azithromycin,1,10.0,S. flexneri,M90T,Sf,100x,0.189,0.134,0.242,0.5537190082644629
5/4/2022,4,M5,1-4-M5,6.49,0.359,5,M,Azithromycin,1,10.0,S. flexneri,M90T,Sf,100x,0.187,0.172,0.282,0.6099290780141844
5/4/2022,4,M5,1-4-M5,7.57,0.387,5,M,Azithromycin,1,10.0,S. flexneri,M90T,Sf,100x,0.187,0.2,0.308,0.6493506493506493
5/4/2022,4,M5,1-4-M5,8.65,0.401,5,M,Azithromycin,1,10.0,S. flexneri,M90T,Sf,100x,0.186,0.21500000000000002,0.325,0.6615384615384616
5/4/2022,4,M5,1-4-M5,9.73,0.409,5,M,Azithromycin,1,10.0,S. flexneri,M90T,Sf,100x,0.186,0.22299999999999998,0.339,0.6578171091445426
5/4/2022,4,M5,1-4-M5,10.82,0.416,5,M,Azithromycin,1,10.0,S. flexneri,M90T,Sf,100x,0.186,0.22999999999999998,0.34400000000000003,0.6686046511627906
5/4/2022,4,M5,1-4-M5,11.9,0.419,5,M,Azithromycin,1,10.0,S. flexneri,M90T,Sf,100x,0.187,0.23199999999999998,0.35100000000000003,0.6609686609686608
5/4/2022,4,M5,1-4-M5,12.98,0.418,5,M,Azithromycin,1,10.0,S. flexneri,M90T,Sf,100x,0.187,0.23099999999999998,0.35300000000000004,0.6543909348441925
5/4/2022,4,M5,1-4-M5,14.06,0.422,5,M,Azithromycin,1,10.0,S. flexneri,M90T,Sf,100x,0.186,0.236,0.36000000000000004,0.6555555555555554
5/4/2022,4,M5,1-4-M5,15.14,0.43,5,M,Azithromycin,1,10.0,S. flexneri,M90T,Sf,100x,0.187,0.243,0.36400000000000005,0.6675824175824174
5/4/2022,4,M7,1-4-M7,0.0,0.22,7,M,Azithromycin,1,3.0,S. flexneri,M90T,Sf,100x,0.187,0.033,0.03,1.1
5/4/2022,4,M7,1-4-M7,1.08,0.232,7,M,Azithromycin,1,3.0,S. flexneri,M90T,Sf,100x,0.193,0.03900000000000001,0.03,1.3000000000000003
5/4/2022,4,M7,1-4-M7,2.16,0.259,7,M,Azithromycin,1,3.0,S. flexneri,M90T,Sf,100x,0.195,0.064,0.04099999999999998,1.5609756097560983
5/4/2022,4,M7,1-4-M7,3.24,0.321,7,M,Azithromycin,1,3.0,S. flexneri,M90T,Sf,100x,0.192,0.129,0.121,1.0661157024793388
5/4/2022,4,M7,1-4-M7,4.32,0.379,7,M,Azithromycin,1,3.0,S. flexneri,M90T,Sf,100x,0.19,0.189,0.192,0.984375
5/4/2022,4,M7,1-4-M7,5.41,0.42,7,M,Azithromycin,1,3.0,S. flexneri,M90T,Sf,100x,0.189,0.23099999999999998,0.242,0.9545454545454545
5/4/2022,4,M7,1-4-M7,6.49,0.446,7,M,Azithromycin,1,3.0,S. flexneri,M90T,Sf,100x,0.187,0.259,0.282,0.9184397163120569
5/4/2022,4,M7,1-4-M7,7.57,0.466,7,M,Azithromycin,1,3.0,S. flexneri,M90T,Sf,100x,0.187,0.279,0.308,0.9058441558441559
5/4/2022,4,M7,1-4-M7,8.65,0.475,7,M,Azithromycin,1,3.0,S. flexneri,M90T,Sf,100x,0.186,0.289,0.325,0.8892307692307692
5/4/2022,4,M7,1-4-M7,9.73,0.482,7,M,Azithromycin,1,3.0,S. flexneri,M90T,Sf,100x,0.186,0.296,0.339,0.8731563421828907
5/4/2022,4,M7,1-4-M7,10.82,0.484,7,M,Azithromycin,1,3.0,S. flexneri,M90T,Sf,100x,0.186,0.298,0.34400000000000003,0.8662790697674417
5/4/2022,4,M7,1-4-M7,11.9,0.502,7,M,Azithromycin,1,3.0,S. flexneri,M90T,Sf,100x,0.187,0.315,0.35100000000000003,0.8974358974358974
5/4/2022,4,M7,1-4-M7,12.98,0.504,7,M,Azithromycin,1,3.0,S. flexneri,M90T,Sf,100x,0.187,0.317,0.35300000000000004,0.8980169971671387
5/4/2022,4,M7,1-4-M7,14.06,0.504,7,M,Azithromycin,1,3.0,S. flexneri,M90T,Sf,100x,0.186,0.318,0.36000000000000004,0.8833333333333332
5/4/2022,4,M7,1-4-M7,15.14,0.506,7,M,Azithromycin,1,3.0,S. flexneri,M90T,Sf,100x,0.187,0.319,0.36400000000000005,0.8763736263736263
5/4/2022,4,M9,1-4-M9,0.0,0.198,9,M,Azithromycin,1,1.0,S. flexneri,M90T,Sf,100x,0.187,0.03,0.03,1.0
5/4/2022,4,M9,1-4-M9,1.08,0.217,9,M,Azithromycin,1,1.0,S. flexneri,M90T,Sf,100x,0.193,0.03,0.03,1.0
5/4/2022,4,M9,1-4-M9,2.16,0.246,9,M,Azithromycin,1,1.0,S. flexneri,M90T,Sf,100x,0.195,0.05099999999999999,0.04099999999999998,1.2439024390243907
5/4/2022,4,M9,1-4-M9,3.24,0.312,9,M,Azithromycin,1,1.0,S. flexneri,M90T,Sf,100x,0.192,0.12,0.121,0.9917355371900827
5/4/2022,4,M9,1-4-M9,4.32,0.377,9,M,Azithromycin,1,1.0,S. flexneri,M90T,Sf,100x,0.19,0.187,0.192,0.9739583333333333
5/4/2022,4,M9,1-4-M9,5.41,0.423,9,M,Azithromycin,1,1.0,S. flexneri,M90T,Sf,100x,0.189,0.23399999999999999,0.242,0.9669421487603306
5/4/2022,4,M9,1-4-M9,6.49,0.46,9,M,Azithromycin,1,1.0,S. flexneri,M90T,Sf,100x,0.187,0.273,0.282,0.9680851063829788
5/4/2022,4,M9,1-4-M9,7.57,0.482,9,M,Azithromycin,1,1.0,S. flexneri,M90T,Sf,100x,0.187,0.295,0.308,0.9577922077922078
5/4/2022,4,M9,1-4-M9,8.65,0.499,9,M,Azithromycin,1,1.0,S. flexneri,M90T,Sf,100x,0.186,0.313,0.325,0.963076923076923
5/4/2022,4,M9,1-4-M9,9.73,0.505,9,M,Azithromycin,1,1.0,S. flexneri,M90T,Sf,100x,0.186,0.319,0.339,0.9410029498525073
5/4/2022,4,M9,1-4-M9,10.82,0.508,9,M,Azithromycin,1,1.0,S. flexneri,M90T,Sf,100x,0.186,0.322,0.34400000000000003,0.936046511627907
5/4/2022,4,M9,1-4-M9,11.9,0.515,9,M,Azithromycin,1,1.0,S. flexneri,M90T,Sf,100x,0.187,0.328,0.35100000000000003,0.9344729344729344
5/4/2022,4,M9,1-4-M9,12.98,0.517,9,M,Azithromycin,1,1.0,S. flexneri,M90T,Sf,100x,0.187,0.33,0.35300000000000004,0.9348441926345609
5/4/2022,4,M9,1-4-M9,14.06,0.522,9,M,Azithromycin,1,1.0,S. flexneri,M90T,Sf,100x,0.186,0.336,0.36000000000000004,0.9333333333333332
5/4/2022,4,M9,1-4-M9,15.14,0.52,9,M,Azithromycin,1,1.0,S. flexneri,M90T,Sf,100x,0.187,0.333,0.36400000000000005,0.9148351648351648
5/5/2022,2,M1,2-2-M1,0.0,0.202,1,M,Azithromycin,1,100.0,S. flexneri,M90T,Sf,100x,0.173,0.03,0.03,1.0
5/5/2022,2,M1,2-2-M1,1.08,0.214,1,M,Azithromycin,1,100.0,S. flexneri,M90T,Sf,100x,0.182,0.032,0.03,1.0666666666666667
5/5/2022,2,M1,2-2-M1,2.16,0.209,1,M,Azithromycin,1,100.0,S. flexneri,M90T,Sf,100x,0.179,0.03,0.03,1.0
5/5/2022,2,M1,2-2-M1,3.24,0.207,1,M,Azithromycin,1,100.0,S. flexneri,M90T,Sf,100x,0.18,0.03,0.037000000000000005,0.8108108108108106
5/5/2022,2,M1,2-2-M1,4.32,0.208,1,M,Azithromycin,1,100.0,S. flexneri,M90T,Sf,100x,0.179,0.03,0.09100000000000003,0.32967032967032955
5/5/2022,2,M1,2-2-M1,5.4,0.207,1,M,Azithromycin,1,100.0,S. flexneri,M90T,Sf,100x,0.179,0.03,0.14700000000000002,0.2040816326530612
5/5/2022,2,M1,2-2-M1,6.48,0.206,1,M,Azithromycin,1,100.0,S. flexneri,M90T,Sf,100x,0.179,0.03,0.191,0.15706806282722513
5/5/2022,2,M1,2-2-M1,7.57,0.205,1,M,Azithromycin,1,100.0,S. flexneri,M90T,Sf,100x,0.178,0.03,0.22600000000000003,0.1327433628318584
5/5/2022,2,M1,2-2-M1,8.65,0.203,1,M,Azithromycin,1,100.0,S. flexneri,M90T,Sf,100x,0.179,0.03,0.256,0.1171875
5/5/2022,2,M1,2-2-M1,9.73,0.205,1,M,Azithromycin,1,100.0,S. flexneri,M90T,Sf,100x,0.178,0.03,0.28700000000000003,0.10452961672473866
5/5/2022,2,M1,2-2-M1,10.81,0.203,1,M,Azithromycin,1,100.0,S. flexneri,M90T,Sf,100x,0.178,0.03,0.297,0.10101010101010101
5/5/2022,2,M1,2-2-M1,11.89,0.201,1,M,Azithromycin,1,100.0,S. flexneri,M90T,Sf,100x,0.178,0.03,0.312,0.09615384615384615
5/5/2022,2,M1,2-2-M1,12.97,0.201,1,M,Azithromycin,1,100.0,S. flexneri,M90T,Sf,100x,0.179,0.03,0.32,0.09375
5/5/2022,2,M11,2-2-M11,0.0,0.202,11,M,Azithromycin,1,0.3,S. flexneri,M90T,Sf,100x,0.173,0.03,0.03,1.0
5/5/2022,2,M11,2-2-M11,1.08,0.228,11,M,Azithromycin,1,0.3,S. flexneri,M90T,Sf,100x,0.182,0.04600000000000001,0.03,1.5333333333333339
5/5/2022,2,M11,2-2-M11,2.16,0.211,11,M,Azithromycin,1,0.3,S. flexneri,M90T,Sf,100x,0.179,0.032,0.03,1.0666666666666667
5/5/2022,2,M11,2-2-M11,3.24,0.228,11,M,Azithromycin,1,0.3,S. flexneri,M90T,Sf,100x,0.18,0.048000000000000015,0.037000000000000005,1.2972972972972976
5/5/2022,2,M11,2-2-M11,4.32,0.276,11,M,Azithromycin,1,0.3,S. flexneri,M90T,Sf,100x,0.179,0.09700000000000003,0.09100000000000003,1.065934065934066
5/5/2022,2,M11,2-2-M11,5.4,0.333,11,M,Azithromycin,1,0.3,S. flexneri,M90T,Sf,100x,0.179,0.15400000000000003,0.14700000000000002,1.0476190476190477
5/5/2022,2,M11,2-2-M11,6.48,0.381,11,M,Azithromycin,1,0.3,S. flexneri,M90T,Sf,100x,0.179,0.202,0.191,1.0575916230366493
5/5/2022,2,M11,2-2-M11,7.57,0.408,11,M,Azithromycin,1,0.3,S. flexneri,M90T,Sf,100x,0.178,0.22999999999999998,0.22600000000000003,1.0176991150442476
5/5/2022,2,M11,2-2-M11,8.65,0.438,11,M,Azithromycin,1,0.3,S. flexneri,M90T,Sf,100x,0.179,0.259,0.256,1.01171875
5/5/2022,2,M11,2-2-M11,9.73,0.463,11,M,Azithromycin,1,0.3,S. flexneri,M90T,Sf,100x,0.178,0.28500000000000003,0.28700000000000003,0.9930313588850174
5/5/2022,2,M11,2-2-M11,10.81,0.469,11,M,Azithromycin,1,0.3,S. flexneri,M90T,Sf,100x,0.178,0.291,0.297,0.9797979797979798
5/5/2022,2,M11,2-2-M11,11.89,0.473,11,M,Azithromycin,1,0.3,S. flexneri,M90T,Sf,100x,0.178,0.295,0.312,0.9455128205128205
5/5/2022,2,M11,2-2-M11,12.97,0.479,11,M,Azithromycin,1,0.3,S. flexneri,M90T,Sf,100x,0.179,0.3,0.32,0.9375
5/5/2022,2,M13,2-2-M13,0.0,0.226,13,M,Azithromycin,1,0.1,S. flexneri,M90T,Sf,100x,0.173,0.05300000000000002,0.03,1.7666666666666673
5/5/2022,2,M13,2-2-M13,1.08,0.233,13,M,Azithromycin,1,0.1,S. flexneri,M90T,Sf,100x,0.182,0.05100000000000002,0.03,1.7000000000000006
5/5/2022,2,M13,2-2-M13,2.16,0.233,13,M,Azithromycin,1,0.1,S. flexneri,M90T,Sf,100x,0.179,0.05400000000000002,0.03,1.8000000000000007
5/5/2022,2,M13,2-2-M13,3.24,0.258,13,M,Azithromycin,1,0.1,S. flexneri,M90T,Sf,100x,0.18,0.07800000000000001,0.037000000000000005,2.1081081081081083
5/5/2022,2,M13,2-2-M13,4.32,0.318,13,M,Azithromycin,1,0.1,S. flexneri,M90T,Sf,100x,0.179,0.139,0.09100000000000003,1.5274725274725272
5/5/2022,2,M13,2-2-M13,5.4,0.381,13,M,Azithromycin,1,0.1,S. flexneri,M90T,Sf,100x,0.179,0.202,0.14700000000000002,1.3741496598639455
5/5/2022,2,M13,2-2-M13,6.48,0.426,13,M,Azithromycin,1,0.1,S. flexneri,M90T,Sf,100x,0.179,0.247,0.191,1.2931937172774868
5/5/2022,2,M13,2-2-M13,7.57,0.458,13,M,Azithromycin,1,0.1,S. flexneri,M90T,Sf,100x,0.178,0.28,0.22600000000000003,1.238938053097345
5/5/2022,2,M13,2-2-M13,8.65,0.489,13,M,Azithromycin,1,0.1,S. flexneri,M90T,Sf,100x,0.179,0.31,0.256,1.2109375
5/5/2022,2,M13,2-2-M13,9.73,0.511,13,M,Azithromycin,1,0.1,S. flexneri,M90T,Sf,100x,0.178,0.333,0.28700000000000003,1.1602787456445993
5/5/2022,2,M13,2-2-M13,10.81,0.523,13,M,Azithromycin,1,0.1,S. flexneri,M90T,Sf,100x,0.178,0.34500000000000003,0.297,1.1616161616161618
5/5/2022,2,M13,2-2-M13,11.89,0.53,13,M,Azithromycin,1,0.1,S. flexneri,M90T,Sf,100x,0.178,0.35200000000000004,0.312,1.1282051282051284
5/5/2022,2,M13,2-2-M13,12.97,0.536,13,M,Azithromycin,1,0.1,S. flexneri,M90T,Sf,100x,0.179,0.35700000000000004,0.32,1.115625
5/5/2022,2,M15,2-2-M15,0.0,0.202,15,M,Azithromycin,1,0.03,S. flexneri,M90T,Sf,100x,0.173,0.03,0.03,1.0
5/5/2022,2,M15,2-2-M15,1.08,0.219,15,M,Azithromycin,1,0.03,S. flexneri,M90T,Sf,100x,0.182,0.037000000000000005,0.03,1.2333333333333336
5/5/2022,2,M15,2-2-M15,2.16,0.216,15,M,Azithromycin,1,0.03,S. flexneri,M90T,Sf,100x,0.179,0.037000000000000005,0.03,1.2333333333333336
5/5/2022,2,M15,2-2-M15,3.24,0.242,15,M,Azithromycin,1,0.03,S. flexneri,M90T,Sf,100x,0.18,0.062,0.037000000000000005,1.6756756756756754
5/5/2022,2,M15,2-2-M15,4.32,0.294,15,M,Azithromycin,1,0.03,S. flexneri,M90T,Sf,100x,0.179,0.11499999999999999,0.09100000000000003,1.2637362637362632
5/5/2022,2,M15,2-2-M15,5.4,0.346,15,M,Azithromycin,1,0.03,S. flexneri,M90T,Sf,100x,0.179,0.16699999999999998,0.14700000000000002,1.1360544217687072
5/5/2022,2,M15,2-2-M15,6.48,0.387,15,M,Azithromycin,1,0.03,S. flexneri,M90T,Sf,100x,0.179,0.20800000000000002,0.191,1.0890052356020943
5/5/2022,2,M15,2-2-M15,7.57,0.419,15,M,Azithromycin,1,0.03,S. flexneri,M90T,Sf,100x,0.178,0.241,0.22600000000000003,1.066371681415929
5/5/2022,2,M15,2-2-M15,8.65,0.447,15,M,Azithromycin,1,0.03,S. flexneri,M90T,Sf,100x,0.179,0.268,0.256,1.046875
5/5/2022,2,M15,2-2-M15,9.73,0.471,15,M,Azithromycin,1,0.03,S. flexneri,M90T,Sf,100x,0.178,0.293,0.28700000000000003,1.0209059233449476
5/5/2022,2,M15,2-2-M15,10.81,0.48,15,M,Azithromycin,1,0.03,S. flexneri,M90T,Sf,100x,0.178,0.302,0.297,1.0168350168350169
5/5/2022,2,M15,2-2-M15,11.89,0.488,15,M,Azithromycin,1,0.03,S. flexneri,M90T,Sf,100x,0.178,0.31,0.312,0.9935897435897436
5/5/2022,2,M15,2-2-M15,12.97,0.498,15,M,Azithromycin,1,0.03,S. flexneri,M90T,Sf,100x,0.179,0.319,0.32,0.996875
5/5/2022,2,M17,2-2-M17,0.0,0.222,17,M,Azithromycin,1,0.01,S. flexneri,M90T,Sf,100x,0.173,0.049000000000000016,0.03,1.633333333333334
5/5/2022,2,M17,2-2-M17,1.08,0.233,17,M,Azithromycin,1,0.01,S. flexneri,M90T,Sf,100x,0.182,0.05100000000000002,0.03,1.7000000000000006
5/5/2022,2,M17,2-2-M17,2.16,0.231,17,M,Azithromycin,1,0.01,S. flexneri,M90T,Sf,100x,0.179,0.05200000000000002,0.03,1.733333333333334
5/5/2022,2,M17,2-2-M17,3.24,0.259,17,M,Azithromycin,1,0.01,S. flexneri,M90T,Sf,100x,0.18,0.07900000000000001,0.037000000000000005,2.135135135135135
5/5/2022,2,M17,2-2-M17,4.32,0.329,17,M,Azithromycin,1,0.01,S. flexneri,M90T,Sf,100x,0.179,0.15000000000000002,0.09100000000000003,1.648351648351648
5/5/2022,2,M17,2-2-M17,5.4,0.407,17,M,Azithromycin,1,0.01,S. flexneri,M90T,Sf,100x,0.179,0.22799999999999998,0.14700000000000002,1.551020408163265
5/5/2022,2,M17,2-2-M17,6.48,0.467,17,M,Azithromycin,1,0.01,S. flexneri,M90T,Sf,100x,0.179,0.28800000000000003,0.191,1.5078534031413615
5/5/2022,2,M17,2-2-M17,7.57,0.514,17,M,Azithromycin,1,0.01,S. flexneri,M90T,Sf,100x,0.178,0.336,0.22600000000000003,1.486725663716814
5/5/2022,2,M17,2-2-M17,8.65,0.548,17,M,Azithromycin,1,0.01,S. flexneri,M90T,Sf,100x,0.179,0.36900000000000005,0.256,1.4414062500000002
5/5/2022,2,M17,2-2-M17,9.73,0.569,17,M,Azithromycin,1,0.01,S. flexneri,M90T,Sf,100x,0.178,0.39099999999999996,0.28700000000000003,1.3623693379790938
5/5/2022,2,M17,2-2-M17,10.81,0.582,17,M,Azithromycin,1,0.01,S. flexneri,M90T,Sf,100x,0.178,0.40399999999999997,0.297,1.3602693602693603
5/5/2022,2,M17,2-2-M17,11.89,0.587,17,M,Azithromycin,1,0.01,S. flexneri,M90T,Sf,100x,0.178,0.409,0.312,1.310897435897436
5/5/2022,2,M17,2-2-M17,12.97,0.59,17,M,Azithromycin,1,0.01,S. flexneri,M90T,Sf,100x,0.179,0.411,0.32,1.2843749999999998
5/5/2022,2,M19,2-2-M19,0.0,0.185,19,M,Azithromycin,1,0.003,S. flexneri,M90T,Sf,100x,0.173,0.03,0.03,1.0
5/5/2022,2,M19,2-2-M19,1.08,0.201,19,M,Azithromycin,1,0.003,S. flexneri,M90T,Sf,100x,0.182,0.03,0.03,1.0
5/5/2022,2,M19,2-2-M19,2.16,0.2,19,M,Azithromycin,1,0.003,S. flexneri,M90T,Sf,100x,0.179,0.03,0.03,1.0
5/5/2022,2,M19,2-2-M19,3.24,0.228,19,M,Azithromycin,1,0.003,S. flexneri,M90T,Sf,100x,0.18,0.048000000000000015,0.037000000000000005,1.2972972972972976
5/5/2022,2,M19,2-2-M19,4.32,0.285,19,M,Azithromycin,1,0.003,S. flexneri,M90T,Sf,100x,0.179,0.10599999999999998,0.09100000000000003,1.1648351648351642
5/5/2022,2,M19,2-2-M19,5.4,0.336,19,M,Azithromycin,1,0.003,S. flexneri,M90T,Sf,100x,0.179,0.15700000000000003,0.14700000000000002,1.0680272108843538
5/5/2022,2,M19,2-2-M19,6.48,0.38,19,M,Azithromycin,1,0.003,S. flexneri,M90T,Sf,100x,0.179,0.201,0.191,1.0523560209424083
5/5/2022,2,M19,2-2-M19,7.57,0.41,19,M,Azithromycin,1,0.003,S. flexneri,M90T,Sf,100x,0.178,0.23199999999999998,0.22600000000000003,1.0265486725663715
5/5/2022,2,M19,2-2-M19,8.65,0.437,19,M,Azithromycin,1,0.003,S. flexneri,M90T,Sf,100x,0.179,0.258,0.256,1.0078125
5/5/2022,2,M19,2-2-M19,9.73,0.458,19,M,Azithromycin,1,0.003,S. flexneri,M90T,Sf,100x,0.178,0.28,0.28700000000000003,0.975609756097561
5/5/2022,2,M19,2-2-M19,10.81,0.473,19,M,Azithromycin,1,0.003,S. flexneri,M90T,Sf,100x,0.178,0.295,0.297,0.9932659932659933
5/5/2022,2,M19,2-2-M19,11.89,0.483,19,M,Azithromycin,1,0.003,S. flexneri,M90T,Sf,100x,0.178,0.305,0.312,0.9775641025641025
5/5/2022,2,M19,2-2-M19,12.97,0.492,19,M,Azithromycin,1,0.003,S. flexneri,M90T,Sf,100x,0.179,0.313,0.32,0.978125
5/5/2022,2,M21,2-2-M21,0.0,0.182,21,M,Azithromycin,1,0.0,S. flexneri,M90T,Sf,100x,0.173,0.03,0.03,1.0
5/5/2022,2,M21,2-2-M21,1.08,0.197,21,M,Azithromycin,1,0.0,S. flexneri,M90T,Sf,100x,0.182,0.03,0.03,1.0
5/5/2022,2,M21,2-2-M21,2.16,0.19,21,M,Azithromycin,1,0.0,S. flexneri,M90T,Sf,100x,0.179,0.03,0.03,1.0
5/5/2022,2,M21,2-2-M21,3.24,0.217,21,M,Azithromycin,1,0.0,S. flexneri,M90T,Sf,100x,0.18,0.037000000000000005,0.037000000000000005,1.0
5/5/2022,2,M21,2-2-M21,4.32,0.27,21,M,Azithromycin,1,0.0,S. flexneri,M90T,Sf,100x,0.179,0.09100000000000003,0.09100000000000003,1.0
5/5/2022,2,M21,2-2-M21,5.4,0.326,21,M,Azithromycin,1,0.0,S. flexneri,M90T,Sf,100x,0.179,0.14700000000000002,0.14700000000000002,1.0
5/5/2022,2,M21,2-2-M21,6.48,0.37,21,M,Azithromycin,1,0.0,S. flexneri,M90T,Sf,100x,0.179,0.191,0.191,1.0
5/5/2022,2,M21,2-2-M21,7.57,0.404,21,M,Azithromycin,1,0.0,S. flexneri,M90T,Sf,100x,0.178,0.22600000000000003,0.22600000000000003,1.0
5/5/2022,2,M21,2-2-M21,8.65,0.435,21,M,Azithromycin,1,0.0,S. flexneri,M90T,Sf,100x,0.179,0.256,0.256,1.0
5/5/2022,2,M21,2-2-M21,9.73,0.465,21,M,Azithromycin,1,0.0,S. flexneri,M90T,Sf,100x,0.178,0.28700000000000003,0.28700000000000003,1.0
5/5/2022,2,M21,2-2-M21,10.81,0.475,21,M,Azithromycin,1,0.0,S. flexneri,M90T,Sf,100x,0.178,0.297,0.297,1.0
5/5/2022,2,M21,2-2-M21,11.89,0.49,21,M,Azithromycin,1,0.0,S. flexneri,M90T,Sf,100x,0.178,0.312,0.312,1.0
5/5/2022,2,M21,2-2-M21,12.97,0.499,21,M,Azithromycin,1,0.0,S. flexneri,M90T,Sf,100x,0.179,0.32,0.32,1.0
5/5/2022,2,M23,2-2-M23,0.0,0.173,23,M,Azithromycin,1,-1.0,S. flexneri,M90T,Sf,100x,0.173,0.03,0.03,1.0
5/5/2022,2,M23,2-2-M23,1.08,0.182,23,M,Azithromycin,1,-1.0,S. flexneri,M90T,Sf,100x,0.182,0.03,0.03,1.0
5/5/2022,2,M23,2-2-M23,2.16,0.179,23,M,Azithromycin,1,-1.0,S. flexneri,M90T,Sf,100x,0.179,0.03,0.03,1.0
5/5/2022,2,M23,2-2-M23,3.24,0.18,23,M,Azithromycin,1,-1.0,S. flexneri,M90T,Sf,100x,0.18,0.03,0.037000000000000005,0.8108108108108106
5/5/2022,2,M23,2-2-M23,4.32,0.179,23,M,Azithromycin,1,-1.0,S. flexneri,M90T,Sf,100x,0.179,0.03,0.09100000000000003,0.32967032967032955
5/5/2022,2,M23,2-2-M23,5.4,0.179,23,M,Azithromycin,1,-1.0,S. flexneri,M90T,Sf,100x,0.179,0.03,0.14700000000000002,0.2040816326530612
5/5/2022,2,M23,2-2-M23,6.48,0.179,23,M,Azithromycin,1,-1.0,S. flexneri,M90T,Sf,100x,0.179,0.03,0.191,0.15706806282722513
5/5/2022,2,M23,2-2-M23,7.57,0.178,23,M,Azithromycin,1,-1.0,S. flexneri,M90T,Sf,100x,0.178,0.03,0.22600000000000003,0.1327433628318584
5/5/2022,2,M23,2-2-M23,8.65,0.179,23,M,Azithromycin,1,-1.0,S. flexneri,M90T,Sf,100x,0.179,0.03,0.256,0.1171875
5/5/2022,2,M23,2-2-M23,9.73,0.178,23,M,Azithromycin,1,-1.0,S. flexneri,M90T,Sf,100x,0.178,0.03,0.28700000000000003,0.10452961672473866
5/5/2022,2,M23,2-2-M23,10.81,0.178,23,M,Azithromycin,1,-1.0,S. flexneri,M90T,Sf,100x,0.178,0.03,0.297,0.10101010101010101
5/5/2022,2,M23,2-2-M23,11.89,0.178,23,M,Azithromycin,1,-1.0,S. flexneri,M90T,Sf,100x,0.178,0.03,0.312,0.09615384615384615
5/5/2022,2,M23,2-2-M23,12.97,0.179,23,M,Azithromycin,1,-1.0,S. flexneri,M90T,Sf,100x,0.179,0.03,0.32,0.09375
5/5/2022,2,M3,2-2-M3,0.0,0.191,3,M,Azithromycin,1,30.0,S. flexneri,M90T,Sf,100x,0.173,0.03,0.03,1.0
5/5/2022,2,M3,2-2-M3,1.08,0.202,3,M,Azithromycin,1,30.0,S. flexneri,M90T,Sf,100x,0.182,0.03,0.03,1.0
5/5/2022,2,M3,2-2-M3,2.16,0.197,3,M,Azithromycin,1,30.0,S. flexneri,M90T,Sf,100x,0.179,0.03,0.03,1.0
5/5/2022,2,M3,2-2-M3,3.24,0.196,3,M,Azithromycin,1,30.0,S. flexneri,M90T,Sf,100x,0.18,0.03,0.037000000000000005,0.8108108108108106
5/5/2022,2,M3,2-2-M3,4.32,0.199,3,M,Azithromycin,1,30.0,S. flexneri,M90T,Sf,100x,0.179,0.03,0.09100000000000003,0.32967032967032955
5/5/2022,2,M3,2-2-M3,5.4,0.199,3,M,Azithromycin,1,30.0,S. flexneri,M90T,Sf,100x,0.179,0.03,0.14700000000000002,0.2040816326530612
5/5/2022,2,M3,2-2-M3,6.48,0.199,3,M,Azithromycin,1,30.0,S. flexneri,M90T,Sf,100x,0.179,0.03,0.191,0.15706806282722513
5/5/2022,2,M3,2-2-M3,7.57,0.198,3,M,Azithromycin,1,30.0,S. flexneri,M90T,Sf,100x,0.178,0.03,0.22600000000000003,0.1327433628318584
5/5/2022,2,M3,2-2-M3,8.65,0.198,3,M,Azithromycin,1,30.0,S. flexneri,M90T,Sf,100x,0.179,0.03,0.256,0.1171875
5/5/2022,2,M3,2-2-M3,9.73,0.201,3,M,Azithromycin,1,30.0,S. flexneri,M90T,Sf,100x,0.178,0.03,0.28700000000000003,0.10452961672473866
5/5/2022,2,M3,2-2-M3,10.81,0.194,3,M,Azithromycin,1,30.0,S. flexneri,M90T,Sf,100x,0.178,0.03,0.297,0.10101010101010101
5/5/2022,2,M3,2-2-M3,11.89,0.194,3,M,Azithromycin,1,30.0,S. flexneri,M90T,Sf,100x,0.178,0.03,0.312,0.09615384615384615
5/5/2022,2,M3,2-2-M3,12.97,0.194,3,M,Azithromycin,1,30.0,S. flexneri,M90T,Sf,100x,0.179,0.03,0.32,0.09375
5/5/2022,2,M5,2-2-M5,0.0,0.204,5,M,Azithromycin,1,10.0,S. flexneri,M90T,Sf,100x,0.173,0.031,0.03,1.0333333333333334
5/5/2022,2,M5,2-2-M5,1.08,0.222,5,M,Azithromycin,1,10.0,S. flexneri,M90T,Sf,100x,0.182,0.04000000000000001,0.03,1.3333333333333337
5/5/2022,2,M5,2-2-M5,2.16,0.214,5,M,Azithromycin,1,10.0,S. flexneri,M90T,Sf,100x,0.179,0.035,0.03,1.1666666666666667
5/5/2022,2,M5,2-2-M5,3.24,0.215,5,M,Azithromycin,1,10.0,S. flexneri,M90T,Sf,100x,0.18,0.035,0.037000000000000005,0.9459459459459459
5/5/2022,2,M5,2-2-M5,4.32,0.215,5,M,Azithromycin,1,10.0,S. flexneri,M90T,Sf,100x,0.179,0.036000000000000004,0.09100000000000003,0.39560439560439553
5/5/2022,2,M5,2-2-M5,5.4,0.214,5,M,Azithromycin,1,10.0,S. flexneri,M90T,Sf,100x,0.179,0.035,0.14700000000000002,0.23809523809523808
5/5/2022,2,M5,2-2-M5,6.48,0.216,5,M,Azithromycin,1,10.0,S. flexneri,M90T,Sf,100x,0.179,0.037000000000000005,0.191,0.193717277486911
5/5/2022,2,M5,2-2-M5,7.57,0.216,5,M,Azithromycin,1,10.0,S. flexneri,M90T,Sf,100x,0.178,0.038000000000000006,0.22600000000000003,0.168141592920354
5/5/2022,2,M5,2-2-M5,8.65,0.217,5,M,Azithromycin,1,10.0,S. flexneri,M90T,Sf,100x,0.179,0.038000000000000006,0.256,0.14843750000000003
5/5/2022,2,M5,2-2-M5,9.73,0.226,5,M,Azithromycin,1,10.0,S. flexneri,M90T,Sf,100x,0.178,0.048000000000000015,0.28700000000000003,0.16724738675958192
5/5/2022,2,M5,2-2-M5,10.81,0.231,5,M,Azithromycin,1,10.0,S. flexneri,M90T,Sf,100x,0.178,0.05300000000000002,0.297,0.17845117845117853
5/5/2022,2,M5,2-2-M5,11.89,0.25,5,M,Azithromycin,1,10.0,S. flexneri,M90T,Sf,100x,0.178,0.07200000000000001,0.312,0.2307692307692308
5/5/2022,2,M5,2-2-M5,12.97,0.275,5,M,Azithromycin,1,10.0,S. flexneri,M90T,Sf,100x,0.179,0.09600000000000003,0.32,0.3000000000000001
5/5/2022,2,M7,2-2-M7,0.0,0.211,7,M,Azithromycin,1,3.0,S. flexneri,M90T,Sf,100x,0.173,0.038000000000000006,0.03,1.2666666666666668
5/5/2022,2,M7,2-2-M7,1.08,0.225,7,M,Azithromycin,1,3.0,S. flexneri,M90T,Sf,100x,0.182,0.04300000000000001,0.03,1.4333333333333338
5/5/2022,2,M7,2-2-M7,2.16,0.22,7,M,Azithromycin,1,3.0,S. flexneri,M90T,Sf,100x,0.179,0.04100000000000001,0.03,1.366666666666667
5/5/2022,2,M7,2-2-M7,3.24,0.224,7,M,Azithromycin,1,3.0,S. flexneri,M90T,Sf,100x,0.18,0.04400000000000001,0.037000000000000005,1.1891891891891893
5/5/2022,2,M7,2-2-M7,4.32,0.239,7,M,Azithromycin,1,3.0,S. flexneri,M90T,Sf,100x,0.179,0.06,0.09100000000000003,0.6593406593406591
5/5/2022,2,M7,2-2-M7,5.4,0.262,7,M,Azithromycin,1,3.0,S. flexneri,M90T,Sf,100x,0.179,0.08300000000000002,0.14700000000000002,0.5646258503401361
5/5/2022,2,M7,2-2-M7,6.48,0.286,7,M,Azithromycin,1,3.0,S. flexneri,M90T,Sf,100x,0.179,0.10699999999999998,0.191,0.5602094240837695
5/5/2022,2,M7,2-2-M7,7.57,0.312,7,M,Azithromycin,1,3.0,S. flexneri,M90T,Sf,100x,0.178,0.134,0.22600000000000003,0.5929203539823008
5/5/2022,2,M7,2-2-M7,8.65,0.336,7,M,Azithromycin,1,3.0,S. flexneri,M90T,Sf,100x,0.179,0.15700000000000003,0.256,0.6132812500000001
5/5/2022,2,M7,2-2-M7,9.73,0.35,7,M,Azithromycin,1,3.0,S. flexneri,M90T,Sf,100x,0.178,0.172,0.28700000000000003,0.5993031358885016
5/5/2022,2,M7,2-2-M7,10.81,0.368,7,M,Azithromycin,1,3.0,S. flexneri,M90T,Sf,100x,0.178,0.19,0.297,0.6397306397306398
5/5/2022,2,M7,2-2-M7,11.89,0.382,7,M,Azithromycin,1,3.0,S. flexneri,M90T,Sf,100x,0.178,0.20400000000000001,0.312,0.6538461538461539
5/5/2022,2,M7,2-2-M7,12.97,0.39,7,M,Azithromycin,1,3.0,S. flexneri,M90T,Sf,100x,0.179,0.21100000000000002,0.32,0.659375
5/5/2022,2,M9,2-2-M9,0.0,0.202,9,M,Azithromycin,1,1.0,S. flexneri,M90T,Sf,100x,0.173,0.03,0.03,1.0
5/5/2022,2,M9,2-2-M9,1.08,0.219,9,M,Azithromycin,1,1.0,S. flexneri,M90T,Sf,100x,0.182,0.037000000000000005,0.03,1.2333333333333336
5/5/2022,2,M9,2-2-M9,2.16,0.216,9,M,Azithromycin,1,1.0,S. flexneri,M90T,Sf,100x,0.179,0.037000000000000005,0.03,1.2333333333333336
5/5/2022,2,M9,2-2-M9,3.24,0.228,9,M,Azithromycin,1,1.0,S. flexneri,M90T,Sf,100x,0.18,0.048000000000000015,0.037000000000000005,1.2972972972972976
5/5/2022,2,M9,2-2-M9,4.32,0.271,9,M,Azithromycin,1,1.0,S. flexneri,M90T,Sf,100x,0.179,0.09200000000000003,0.09100000000000003,1.010989010989011
5/5/2022,2,M9,2-2-M9,5.4,0.328,9,M,Azithromycin,1,1.0,S. flexneri,M90T,Sf,100x,0.179,0.14900000000000002,0.14700000000000002,1.0136054421768708
5/5/2022,2,M9,2-2-M9,6.48,0.377,9,M,Azithromycin,1,1.0,S. flexneri,M90T,Sf,100x,0.179,0.198,0.191,1.036649214659686
5/5/2022,2,M9,2-2-M9,7.57,0.409,9,M,Azithromycin,1,1.0,S. flexneri,M90T,Sf,100x,0.178,0.23099999999999998,0.22600000000000003,1.0221238938053094
5/5/2022,2,M9,2-2-M9,8.65,0.439,9,M,Azithromycin,1,1.0,S. flexneri,M90T,Sf,100x,0.179,0.26,0.256,1.015625
5/5/2022,2,M9,2-2-M9,9.73,0.461,9,M,Azithromycin,1,1.0,S. flexneri,M90T,Sf,100x,0.178,0.28300000000000003,0.28700000000000003,0.9860627177700348
5/5/2022,2,M9,2-2-M9,10.81,0.463,9,M,Azithromycin,1,1.0,S. flexneri,M90T,Sf,100x,0.178,0.28500000000000003,0.297,0.9595959595959598
5/5/2022,2,M9,2-2-M9,11.89,0.467,9,M,Azithromycin,1,1.0,S. flexneri,M90T,Sf,100x,0.178,0.28900000000000003,0.312,0.9262820512820514
5/5/2022,2,M9,2-2-M9,12.97,0.478,9,M,Azithromycin,1,1.0,S. flexneri,M90T,Sf,100x,0.179,0.299,0.32,0.934375
5/13/2022,1,M1,3-1-M1,0.0,0.207,1,M,Azithromycin,1,100.0,S. flexneri,M90T,Sf,100x,0.171,0.035999999999999976,0.03,1.1999999999999993
5/13/2022,1,M1,3-1-M1,1.08,0.265,1,M,Azithromycin,1,100.0,S. flexneri,M90T,Sf,100x,0.19,0.07500000000000001,0.03,2.5000000000000004
5/13/2022,1,M1,3-1-M1,2.16,0.216,1,M,Azithromycin,1,100.0,S. flexneri,M90T,Sf,100x,0.183,0.033,0.03,1.1
5/13/2022,1,M1,3-1-M1,3.24,0.218,1,M,Azithromycin,1,100.0,S. flexneri,M90T,Sf,100x,0.185,0.033,0.03,1.1
5/13/2022,1,M1,3-1-M1,4.32,0.213,1,M,Azithromycin,1,100.0,S. flexneri,M90T,Sf,100x,0.184,0.03,0.057999999999999996,0.5172413793103449
5/13/2022,1,M1,3-1-M1,5.4,0.215,1,M,Azithromycin,1,100.0,S. flexneri,M90T,Sf,100x,0.186,0.03,0.131,0.22900763358778625
5/13/2022,1,M1,3-1-M1,6.48,0.212,1,M,Azithromycin,1,100.0,S. flexneri,M90T,Sf,100x,0.184,0.03,0.193,0.15544041450777202
5/13/2022,1,M1,3-1-M1,7.56,0.208,1,M,Azithromycin,1,100.0,S. flexneri,M90T,Sf,100x,0.184,0.03,0.22999999999999998,0.13043478260869565
5/13/2022,1,M1,3-1-M1,8.64,0.212,1,M,Azithromycin,1,100.0,S. flexneri,M90T,Sf,100x,0.183,0.03,0.256,0.1171875
5/13/2022,1,M1,3-1-M1,9.73,0.213,1,M,Azithromycin,1,100.0,S. flexneri,M90T,Sf,100x,0.182,0.031,0.28200000000000003,0.10992907801418439
5/13/2022,1,M1,3-1-M1,10.81,0.209,1,M,Azithromycin,1,100.0,S. flexneri,M90T,Sf,100x,0.181,0.03,0.301,0.09966777408637874
5/13/2022,1,M1,3-1-M1,11.89,0.211,1,M,Azithromycin,1,100.0,S. flexneri,M90T,Sf,100x,0.181,0.03,0.309,0.0970873786407767
5/13/2022,1,M1,3-1-M1,12.97,0.212,1,M,Azithromycin,1,100.0,S. flexneri,M90T,Sf,100x,0.182,0.03,0.316,0.09493670886075949
5/13/2022,1,M11,3-1-M11,0.0,0.178,11,M,Azithromycin,1,0.3,S. flexneri,M90T,Sf,100x,0.171,0.03,0.03,1.0
5/13/2022,1,M11,3-1-M11,1.08,0.226,11,M,Azithromycin,1,0.3,S. flexneri,M90T,Sf,100x,0.19,0.036000000000000004,0.03,1.2000000000000002
5/13/2022,1,M11,3-1-M11,2.16,0.216,11,M,Azithromycin,1,0.3,S. flexneri,M90T,Sf,100x,0.183,0.033,0.03,1.1
5/13/2022,1,M11,3-1-M11,3.24,0.22,11,M,Azithromycin,1,0.3,S. flexneri,M90T,Sf,100x,0.185,0.035,0.03,1.1666666666666667
5/13/2022,1,M11,3-1-M11,4.32,0.245,11,M,Azithromycin,1,0.3,S. flexneri,M90T,Sf,100x,0.184,0.061,0.057999999999999996,1.0517241379310345
5/13/2022,1,M11,3-1-M11,5.4,0.308,11,M,Azithromycin,1,0.3,S. flexneri,M90T,Sf,100x,0.186,0.122,0.131,0.9312977099236641
5/13/2022,1,M11,3-1-M11,6.48,0.37,11,M,Azithromycin,1,0.3,S. flexneri,M90T,Sf,100x,0.184,0.186,0.193,0.9637305699481865
5/13/2022,1,M11,3-1-M11,7.56,0.409,11,M,Azithromycin,1,0.3,S. flexneri,M90T,Sf,100x,0.184,0.22499999999999998,0.22999999999999998,0.9782608695652174
5/13/2022,1,M11,3-1-M11,8.64,0.439,11,M,Azithromycin,1,0.3,S. flexneri,M90T,Sf,100x,0.183,0.256,0.256,1.0
5/13/2022,1,M11,3-1-M11,9.73,0.456,11,M,Azithromycin,1,0.3,S. flexneri,M90T,Sf,100x,0.182,0.274,0.28200000000000003,0.9716312056737588
5/13/2022,1,M11,3-1-M11,10.81,0.473,11,M,Azithromycin,1,0.3,S. flexneri,M90T,Sf,100x,0.181,0.292,0.301,0.9700996677740864
5/13/2022,1,M11,3-1-M11,11.89,0.483,11,M,Azithromycin,1,0.3,S. flexneri,M90T,Sf,100x,0.181,0.302,0.309,0.977346278317152
5/13/2022,1,M11,3-1-M11,12.97,0.488,11,M,Azithromycin,1,0.3,S. flexneri,M90T,Sf,100x,0.182,0.306,0.316,0.9683544303797468
5/13/2022,1,M13,3-1-M13,0.0,0.169,13,M,Azithromycin,1,0.1,S. flexneri,M90T,Sf,100x,0.171,0.03,0.03,1.0
5/13/2022,1,M13,3-1-M13,1.08,0.222,13,M,Azithromycin,1,0.1,S. flexneri,M90T,Sf,100x,0.19,0.032,0.03,1.0666666666666667
5/13/2022,1,M13,3-1-M13,2.16,0.196,13,M,Azithromycin,1,0.1,S. flexneri,M90T,Sf,100x,0.183,0.03,0.03,1.0
5/13/2022,1,M13,3-1-M13,3.24,0.213,13,M,Azithromycin,1,0.1,S. flexneri,M90T,Sf,100x,0.185,0.03,0.03,1.0
5/13/2022,1,M13,3-1-M13,4.32,0.249,13,M,Azithromycin,1,0.1,S. flexneri,M90T,Sf,100x,0.184,0.065,0.057999999999999996,1.120689655172414
5/13/2022,1,M13,3-1-M13,5.4,0.337,13,M,Azithromycin,1,0.1,S. flexneri,M90T,Sf,100x,0.186,0.15100000000000002,0.131,1.1526717557251909
5/13/2022,1,M13,3-1-M13,6.48,0.406,13,M,Azithromycin,1,0.1,S. flexneri,M90T,Sf,100x,0.184,0.22200000000000003,0.193,1.150259067357513
5/13/2022,1,M13,3-1-M13,7.56,0.446,13,M,Azithromycin,1,0.1,S. flexneri,M90T,Sf,100x,0.184,0.262,0.22999999999999998,1.1391304347826088
5/13/2022,1,M13,3-1-M13,8.64,0.477,13,M,Azithromycin,1,0.1,S. flexneri,M90T,Sf,100x,0.183,0.294,0.256,1.1484375
5/13/2022,1,M13,3-1-M13,9.73,0.5,13,M,Azithromycin,1,0.1,S. flexneri,M90T,Sf,100x,0.182,0.318,0.28200000000000003,1.127659574468085
5/13/2022,1,M13,3-1-M13,10.81,0.52,13,M,Azithromycin,1,0.1,S. flexneri,M90T,Sf,100x,0.181,0.339,0.301,1.12624584717608
5/13/2022,1,M13,3-1-M13,11.89,0.531,13,M,Azithromycin,1,0.1,S. flexneri,M90T,Sf,100x,0.181,0.35000000000000003,0.309,1.132686084142395
5/13/2022,1,M13,3-1-M13,12.97,0.541,13,M,Azithromycin,1,0.1,S. flexneri,M90T,Sf,100x,0.182,0.35900000000000004,0.316,1.1360759493670887
5/13/2022,1,M15,3-1-M15,0.0,0.171,15,M,Azithromycin,1,0.03,S. flexneri,M90T,Sf,100x,0.171,0.03,0.03,1.0
5/13/2022,1,M15,3-1-M15,1.08,0.229,15,M,Azithromycin,1,0.03,S. flexneri,M90T,Sf,100x,0.19,0.03900000000000001,0.03,1.3000000000000003
5/13/2022,1,M15,3-1-M15,2.16,0.189,15,M,Azithromycin,1,0.03,S. flexneri,M90T,Sf,100x,0.183,0.03,0.03,1.0
5/13/2022,1,M15,3-1-M15,3.24,0.206,15,M,Azithromycin,1,0.03,S. flexneri,M90T,Sf,100x,0.185,0.03,0.03,1.0
5/13/2022,1,M15,3-1-M15,4.32,0.229,15,M,Azithromycin,1,0.03,S. flexneri,M90T,Sf,100x,0.184,0.04500000000000001,0.057999999999999996,0.7758620689655175
5/13/2022,1,M15,3-1-M15,5.4,0.289,15,M,Azithromycin,1,0.03,S. flexneri,M90T,Sf,100x,0.186,0.10299999999999998,0.131,0.7862595419847327
5/13/2022,1,M15,3-1-M15,6.48,0.347,15,M,Azithromycin,1,0.03,S. flexneri,M90T,Sf,100x,0.184,0.16299999999999998,0.193,0.8445595854922279
5/13/2022,1,M15,3-1-M15,7.56,0.385,15,M,Azithromycin,1,0.03,S. flexneri,M90T,Sf,100x,0.184,0.201,0.22999999999999998,0.873913043478261
5/13/2022,1,M15,3-1-M15,8.64,0.412,15,M,Azithromycin,1,0.03,S. flexneri,M90T,Sf,100x,0.183,0.22899999999999998,0.256,0.8945312499999999
5/13/2022,1,M15,3-1-M15,9.73,0.435,15,M,Azithromycin,1,0.03,S. flexneri,M90T,Sf,100x,0.182,0.253,0.28200000000000003,0.8971631205673758
5/13/2022,1,M15,3-1-M15,10.81,0.453,15,M,Azithromycin,1,0.03,S. flexneri,M90T,Sf,100x,0.181,0.272,0.301,0.903654485049834
5/13/2022,1,M15,3-1-M15,11.89,0.46,15,M,Azithromycin,1,0.03,S. flexneri,M90T,Sf,100x,0.181,0.279,0.309,0.9029126213592233
5/13/2022,1,M15,3-1-M15,12.97,0.473,15,M,Azithromycin,1,0.03,S. flexneri,M90T,Sf,100x,0.182,0.291,0.316,0.920886075949367
5/13/2022,1,M17,3-1-M17,0.0,0.176,17,M,Azithromycin,1,0.01,S. flexneri,M90T,Sf,100x,0.171,0.03,0.03,1.0
5/13/2022,1,M17,3-1-M17,1.08,0.21,17,M,Azithromycin,1,0.01,S. flexneri,M90T,Sf,100x,0.19,0.03,0.03,1.0
5/13/2022,1,M17,3-1-M17,2.16,0.2,17,M,Azithromycin,1,0.01,S. flexneri,M90T,Sf,100x,0.183,0.03,0.03,1.0
5/13/2022,1,M17,3-1-M17,3.24,0.211,17,M,Azithromycin,1,0.01,S. flexneri,M90T,Sf,100x,0.185,0.03,0.03,1.0
5/13/2022,1,M17,3-1-M17,4.32,0.254,17,M,Azithromycin,1,0.01,S. flexneri,M90T,Sf,100x,0.184,0.07,0.057999999999999996,1.2068965517241381
5/13/2022,1,M17,3-1-M17,5.4,0.341,17,M,Azithromycin,1,0.01,S. flexneri,M90T,Sf,100x,0.186,0.15500000000000003,0.131,1.183206106870229
5/13/2022,1,M17,3-1-M17,6.48,0.421,17,M,Azithromycin,1,0.01,S. flexneri,M90T,Sf,100x,0.184,0.237,0.193,1.2279792746113989
5/13/2022,1,M17,3-1-M17,7.56,0.463,17,M,Azithromycin,1,0.01,S. flexneri,M90T,Sf,100x,0.184,0.279,0.22999999999999998,1.2130434782608697
5/13/2022,1,M17,3-1-M17,8.64,0.501,17,M,Azithromycin,1,0.01,S. flexneri,M90T,Sf,100x,0.183,0.318,0.256,1.2421875
5/13/2022,1,M17,3-1-M17,9.73,0.523,17,M,Azithromycin,1,0.01,S. flexneri,M90T,Sf,100x,0.182,0.341,0.28200000000000003,1.2092198581560283
5/13/2022,1,M17,3-1-M17,10.81,0.541,17,M,Azithromycin,1,0.01,S. flexneri,M90T,Sf,100x,0.181,0.36000000000000004,0.301,1.1960132890365451
5/13/2022,1,M17,3-1-M17,11.89,0.548,17,M,Azithromycin,1,0.01,S. flexneri,M90T,Sf,100x,0.181,0.36700000000000005,0.309,1.1877022653721685
5/13/2022,1,M17,3-1-M17,12.97,0.554,17,M,Azithromycin,1,0.01,S. flexneri,M90T,Sf,100x,0.182,0.37200000000000005,0.316,1.1772151898734178
5/13/2022,1,M19,3-1-M19,0.0,0.162,19,M,Azithromycin,1,0.003,S. flexneri,M90T,Sf,100x,0.171,0.03,0.03,1.0
5/13/2022,1,M19,3-1-M19,1.08,0.183,19,M,Azithromycin,1,0.003,S. flexneri,M90T,Sf,100x,0.19,0.03,0.03,1.0
5/13/2022,1,M19,3-1-M19,2.16,0.183,19,M,Azithromycin,1,0.003,S. flexneri,M90T,Sf,100x,0.183,0.03,0.03,1.0
5/13/2022,1,M19,3-1-M19,3.24,0.195,19,M,Azithromycin,1,0.003,S. flexneri,M90T,Sf,100x,0.185,0.03,0.03,1.0
5/13/2022,1,M19,3-1-M19,4.32,0.24,19,M,Azithromycin,1,0.003,S. flexneri,M90T,Sf,100x,0.184,0.055999999999999994,0.057999999999999996,0.9655172413793103
5/13/2022,1,M19,3-1-M19,5.4,0.322,19,M,Azithromycin,1,0.003,S. flexneri,M90T,Sf,100x,0.186,0.136,0.131,1.0381679389312977
5/13/2022,1,M19,3-1-M19,6.48,0.39,19,M,Azithromycin,1,0.003,S. flexneri,M90T,Sf,100x,0.184,0.20600000000000002,0.193,1.067357512953368
5/13/2022,1,M19,3-1-M19,7.56,0.43,19,M,Azithromycin,1,0.003,S. flexneri,M90T,Sf,100x,0.184,0.246,0.22999999999999998,1.0695652173913044
5/13/2022,1,M19,3-1-M19,8.64,0.455,19,M,Azithromycin,1,0.003,S. flexneri,M90T,Sf,100x,0.183,0.272,0.256,1.0625
5/13/2022,1,M19,3-1-M19,9.73,0.478,19,M,Azithromycin,1,0.003,S. flexneri,M90T,Sf,100x,0.182,0.296,0.28200000000000003,1.0496453900709217
5/13/2022,1,M19,3-1-M19,10.81,0.494,19,M,Azithromycin,1,0.003,S. flexneri,M90T,Sf,100x,0.181,0.313,0.301,1.0398671096345515
5/13/2022,1,M19,3-1-M19,11.89,0.505,19,M,Azithromycin,1,0.003,S. flexneri,M90T,Sf,100x,0.181,0.324,0.309,1.0485436893203883
5/13/2022,1,M19,3-1-M19,12.97,0.511,19,M,Azithromycin,1,0.003,S. flexneri,M90T,Sf,100x,0.182,0.329,0.316,1.0411392405063291
5/13/2022,1,M21,3-1-M21,0.0,0.168,21,M,Azithromycin,1,0.0,S. flexneri,M90T,Sf,100x,0.171,0.03,0.03,1.0
5/13/2022,1,M21,3-1-M21,1.08,0.206,21,M,Azithromycin,1,0.0,S. flexneri,M90T,Sf,100x,0.19,0.03,0.03,1.0
5/13/2022,1,M21,3-1-M21,2.16,0.18,21,M,Azithromycin,1,0.0,S. flexneri,M90T,Sf,100x,0.183,0.03,0.03,1.0
5/13/2022,1,M21,3-1-M21,3.24,0.194,21,M,Azithromycin,1,0.0,S. flexneri,M90T,Sf,100x,0.185,0.03,0.03,1.0
5/13/2022,1,M21,3-1-M21,4.32,0.242,21,M,Azithromycin,1,0.0,S. flexneri,M90T,Sf,100x,0.184,0.057999999999999996,0.057999999999999996,1.0
5/13/2022,1,M21,3-1-M21,5.4,0.317,21,M,Azithromycin,1,0.0,S. flexneri,M90T,Sf,100x,0.186,0.131,0.131,1.0
5/13/2022,1,M21,3-1-M21,6.48,0.377,21,M,Azithromycin,1,0.0,S. flexneri,M90T,Sf,100x,0.184,0.193,0.193,1.0
5/13/2022,1,M21,3-1-M21,7.56,0.414,21,M,Azithromycin,1,0.0,S. flexneri,M90T,Sf,100x,0.184,0.22999999999999998,0.22999999999999998,1.0
5/13/2022,1,M21,3-1-M21,8.64,0.439,21,M,Azithromycin,1,0.0,S. flexneri,M90T,Sf,100x,0.183,0.256,0.256,1.0
5/13/2022,1,M21,3-1-M21,9.73,0.464,21,M,Azithromycin,1,0.0,S. flexneri,M90T,Sf,100x,0.182,0.28200000000000003,0.28200000000000003,1.0
5/13/2022,1,M21,3-1-M21,10.81,0.482,21,M,Azithromycin,1,0.0,S. flexneri,M90T,Sf,100x,0.181,0.301,0.301,1.0
5/13/2022,1,M21,3-1-M21,11.89,0.49,21,M,Azithromycin,1,0.0,S. flexneri,M90T,Sf,100x,0.181,0.309,0.309,1.0
5/13/2022,1,M21,3-1-M21,12.97,0.498,21,M,Azithromycin,1,0.0,S. flexneri,M90T,Sf,100x,0.182,0.316,0.316,1.0
5/13/2022,1,M23,3-1-M23,0.0,0.171,23,M,Azithromycin,1,-1.0,S. flexneri,M90T,Sf,100x,0.171,0.03,0.03,1.0
5/13/2022,1,M23,3-1-M23,1.08,0.19,23,M,Azithromycin,1,-1.0,S. flexneri,M90T,Sf,100x,0.19,0.03,0.03,1.0
5/13/2022,1,M23,3-1-M23,2.16,0.183,23,M,Azithromycin,1,-1.0,S. flexneri,M90T,Sf,100x,0.183,0.03,0.03,1.0
5/13/2022,1,M23,3-1-M23,3.24,0.185,23,M,Azithromycin,1,-1.0,S. flexneri,M90T,Sf,100x,0.185,0.03,0.03,1.0
5/13/2022,1,M23,3-1-M23,4.32,0.184,23,M,Azithromycin,1,-1.0,S. flexneri,M90T,Sf,100x,0.184,0.03,0.057999999999999996,0.5172413793103449
5/13/2022,1,M23,3-1-M23,5.4,0.186,23,M,Azithromycin,1,-1.0,S. flexneri,M90T,Sf,100x,0.186,0.03,0.131,0.22900763358778625
5/13/2022,1,M23,3-1-M23,6.48,0.184,23,M,Azithromycin,1,-1.0,S. flexneri,M90T,Sf,100x,0.184,0.03,0.193,0.15544041450777202
5/13/2022,1,M23,3-1-M23,7.56,0.184,23,M,Azithromycin,1,-1.0,S. flexneri,M90T,Sf,100x,0.184,0.03,0.22999999999999998,0.13043478260869565
5/13/2022,1,M23,3-1-M23,8.64,0.183,23,M,Azithromycin,1,-1.0,S. flexneri,M90T,Sf,100x,0.183,0.03,0.256,0.1171875
5/13/2022,1,M23,3-1-M23,9.73,0.182,23,M,Azithromycin,1,-1.0,S. flexneri,M90T,Sf,100x,0.182,0.03,0.28200000000000003,0.10638297872340424
5/13/2022,1,M23,3-1-M23,10.81,0.181,23,M,Azithromycin,1,-1.0,S. flexneri,M90T,Sf,100x,0.181,0.03,0.301,0.09966777408637874
5/13/2022,1,M23,3-1-M23,11.89,0.181,23,M,Azithromycin,1,-1.0,S. flexneri,M90T,Sf,100x,0.181,0.03,0.309,0.0970873786407767
5/13/2022,1,M23,3-1-M23,12.97,0.182,23,M,Azithromycin,1,-1.0,S. flexneri,M90T,Sf,100x,0.182,0.03,0.316,0.09493670886075949
5/13/2022,1,M3,3-1-M3,0.0,0.216,3,M,Azithromycin,1,30.0,S. flexneri,M90T,Sf,100x,0.171,0.044999999999999984,0.03,1.4999999999999996
5/13/2022,1,M3,3-1-M3,1.08,0.275,3,M,Azithromycin,1,30.0,S. flexneri,M90T,Sf,100x,0.19,0.08500000000000002,0.03,2.833333333333334
5/13/2022,1,M3,3-1-M3,2.16,0.223,3,M,Azithromycin,1,30.0,S. flexneri,M90T,Sf,100x,0.183,0.04000000000000001,0.03,1.3333333333333337
5/13/2022,1,M3,3-1-M3,3.24,0.23,3,M,Azithromycin,1,30.0,S. flexneri,M90T,Sf,100x,0.185,0.04500000000000001,0.03,1.5000000000000004
5/13/2022,1,M3,3-1-M3,4.32,0.22,3,M,Azithromycin,1,30.0,S. flexneri,M90T,Sf,100x,0.184,0.036000000000000004,0.057999999999999996,0.6206896551724139
5/13/2022,1,M3,3-1-M3,5.4,0.226,3,M,Azithromycin,1,30.0,S. flexneri,M90T,Sf,100x,0.186,0.04000000000000001,0.131,0.30534351145038174
5/13/2022,1,M3,3-1-M3,6.48,0.23,3,M,Azithromycin,1,30.0,S. flexneri,M90T,Sf,100x,0.184,0.04600000000000001,0.193,0.23834196891191717
5/13/2022,1,M3,3-1-M3,7.56,0.229,3,M,Azithromycin,1,30.0,S. flexneri,M90T,Sf,100x,0.184,0.04500000000000001,0.22999999999999998,0.19565217391304354
5/13/2022,1,M3,3-1-M3,8.64,0.222,3,M,Azithromycin,1,30.0,S. flexneri,M90T,Sf,100x,0.183,0.03900000000000001,0.256,0.15234375000000003
5/13/2022,1,M3,3-1-M3,9.73,0.226,3,M,Azithromycin,1,30.0,S. flexneri,M90T,Sf,100x,0.182,0.04400000000000001,0.28200000000000003,0.15602836879432627
5/13/2022,1,M3,3-1-M3,10.81,0.219,3,M,Azithromycin,1,30.0,S. flexneri,M90T,Sf,100x,0.181,0.038000000000000006,0.301,0.12624584717607976
5/13/2022,1,M3,3-1-M3,11.89,0.223,3,M,Azithromycin,1,30.0,S. flexneri,M90T,Sf,100x,0.181,0.04200000000000001,0.309,0.1359223300970874
5/13/2022,1,M3,3-1-M3,12.97,0.227,3,M,Azithromycin,1,30.0,S. flexneri,M90T,Sf,100x,0.182,0.04500000000000001,0.316,0.14240506329113928
5/13/2022,1,M5,3-1-M5,0.0,0.205,5,M,Azithromycin,1,10.0,S. flexneri,M90T,Sf,100x,0.171,0.033999999999999975,0.03,1.1333333333333326
5/13/2022,1,M5,3-1-M5,1.08,0.27,5,M,Azithromycin,1,10.0,S. flexneri,M90T,Sf,100x,0.19,0.08000000000000002,0.03,2.6666666666666674
5/13/2022,1,M5,3-1-M5,2.16,0.243,5,M,Azithromycin,1,10.0,S. flexneri,M90T,Sf,100x,0.183,0.06,0.03,2.0
5/13/2022,1,M5,3-1-M5,3.24,0.254,5,M,Azithromycin,1,10.0,S. flexneri,M90T,Sf,100x,0.185,0.069,0.03,2.3000000000000003
5/13/2022,1,M5,3-1-M5,4.32,0.241,5,M,Azithromycin,1,10.0,S. flexneri,M90T,Sf,100x,0.184,0.056999999999999995,0.057999999999999996,0.9827586206896551
5/13/2022,1,M5,3-1-M5,5.4,0.262,5,M,Azithromycin,1,10.0,S. flexneri,M90T,Sf,100x,0.186,0.07600000000000001,0.131,0.5801526717557253
5/13/2022,1,M5,3-1-M5,6.48,0.277,5,M,Azithromycin,1,10.0,S. flexneri,M90T,Sf,100x,0.184,0.09300000000000003,0.193,0.48186528497409337
5/13/2022,1,M5,3-1-M5,7.56,0.287,5,M,Azithromycin,1,10.0,S. flexneri,M90T,Sf,100x,0.184,0.10299999999999998,0.22999999999999998,0.4478260869565217
5/13/2022,1,M5,3-1-M5,8.64,0.301,5,M,Azithromycin,1,10.0,S. flexneri,M90T,Sf,100x,0.183,0.118,0.256,0.46093749999999994
5/13/2022,1,M5,3-1-M5,9.73,0.334,5,M,Azithromycin,1,10.0,S. flexneri,M90T,Sf,100x,0.182,0.15200000000000002,0.28200000000000003,0.5390070921985816
5/13/2022,1,M5,3-1-M5,10.81,0.354,5,M,Azithromycin,1,10.0,S. flexneri,M90T,Sf,100x,0.181,0.173,0.301,0.574750830564784
5/13/2022,1,M5,3-1-M5,11.89,0.384,5,M,Azithromycin,1,10.0,S. flexneri,M90T,Sf,100x,0.181,0.203,0.309,0.6569579288025891
5/13/2022,1,M5,3-1-M5,12.97,0.399,5,M,Azithromycin,1,10.0,S. flexneri,M90T,Sf,100x,0.182,0.21700000000000003,0.316,0.6867088607594938
5/13/2022,1,M7,3-1-M7,0.0,0.201,7,M,Azithromycin,1,3.0,S. flexneri,M90T,Sf,100x,0.171,0.03,0.03,1.0
5/13/2022,1,M7,3-1-M7,1.08,0.223,7,M,Azithromycin,1,3.0,S. flexneri,M90T,Sf,100x,0.19,0.033,0.03,1.1
5/13/2022,1,M7,3-1-M7,2.16,0.21,7,M,Azithromycin,1,3.0,S. flexneri,M90T,Sf,100x,0.183,0.03,0.03,1.0
5/13/2022,1,M7,3-1-M7,3.24,0.216,7,M,Azithromycin,1,3.0,S. flexneri,M90T,Sf,100x,0.185,0.031,0.03,1.0333333333333334
5/13/2022,1,M7,3-1-M7,4.32,0.23,7,M,Azithromycin,1,3.0,S. flexneri,M90T,Sf,100x,0.184,0.04600000000000001,0.057999999999999996,0.7931034482758623
5/13/2022,1,M7,3-1-M7,5.4,0.283,7,M,Azithromycin,1,3.0,S. flexneri,M90T,Sf,100x,0.186,0.09699999999999998,0.131,0.7404580152671754
5/13/2022,1,M7,3-1-M7,6.48,0.342,7,M,Azithromycin,1,3.0,S. flexneri,M90T,Sf,100x,0.184,0.15800000000000003,0.193,0.8186528497409328
5/13/2022,1,M7,3-1-M7,7.56,0.399,7,M,Azithromycin,1,3.0,S. flexneri,M90T,Sf,100x,0.184,0.21500000000000002,0.22999999999999998,0.9347826086956523
5/13/2022,1,M7,3-1-M7,8.64,0.43,7,M,Azithromycin,1,3.0,S. flexneri,M90T,Sf,100x,0.183,0.247,0.256,0.96484375
5/13/2022,1,M7,3-1-M7,9.73,0.441,7,M,Azithromycin,1,3.0,S. flexneri,M90T,Sf,100x,0.182,0.259,0.28200000000000003,0.9184397163120567
5/13/2022,1,M7,3-1-M7,10.81,0.44,7,M,Azithromycin,1,3.0,S. flexneri,M90T,Sf,100x,0.181,0.259,0.301,0.8604651162790699
5/13/2022,1,M7,3-1-M7,11.89,0.444,7,M,Azithromycin,1,3.0,S. flexneri,M90T,Sf,100x,0.181,0.263,0.309,0.8511326860841424
5/13/2022,1,M7,3-1-M7,12.97,0.45,7,M,Azithromycin,1,3.0,S. flexneri,M90T,Sf,100x,0.182,0.268,0.316,0.8481012658227849
5/13/2022,1,M9,3-1-M9,0.0,0.185,9,M,Azithromycin,1,1.0,S. flexneri,M90T,Sf,100x,0.171,0.03,0.03,1.0
5/13/2022,1,M9,3-1-M9,1.08,0.221,9,M,Azithromycin,1,1.0,S. flexneri,M90T,Sf,100x,0.19,0.031,0.03,1.0333333333333334
5/13/2022,1,M9,3-1-M9,2.16,0.216,9,M,Azithromycin,1,1.0,S. flexneri,M90T,Sf,100x,0.183,0.033,0.03,1.1
5/13/2022,1,M9,3-1-M9,3.24,0.222,9,M,Azithromycin,1,1.0,S. flexneri,M90T,Sf,100x,0.185,0.037000000000000005,0.03,1.2333333333333336
5/13/2022,1,M9,3-1-M9,4.32,0.247,9,M,Azithromycin,1,1.0,S. flexneri,M90T,Sf,100x,0.184,0.063,0.057999999999999996,1.0862068965517242
5/13/2022,1,M9,3-1-M9,5.4,0.311,9,M,Azithromycin,1,1.0,S. flexneri,M90T,Sf,100x,0.186,0.125,0.131,0.9541984732824427
5/13/2022,1,M9,3-1-M9,6.48,0.372,9,M,Azithromycin,1,1.0,S. flexneri,M90T,Sf,100x,0.184,0.188,0.193,0.9740932642487047
5/13/2022,1,M9,3-1-M9,7.56,0.418,9,M,Azithromycin,1,1.0,S. flexneri,M90T,Sf,100x,0.184,0.23399999999999999,0.22999999999999998,1.0173913043478262
5/13/2022,1,M9,3-1-M9,8.64,0.449,9,M,Azithromycin,1,1.0,S. flexneri,M90T,Sf,100x,0.183,0.266,0.256,1.0390625
5/13/2022,1,M9,3-1-M9,9.73,0.46,9,M,Azithromycin,1,1.0,S. flexneri,M90T,Sf,100x,0.182,0.278,0.28200000000000003,0.9858156028368794
5/13/2022,1,M9,3-1-M9,10.81,0.467,9,M,Azithromycin,1,1.0,S. flexneri,M90T,Sf,100x,0.181,0.28600000000000003,0.301,0.9501661129568107
5/13/2022,1,M9,3-1-M9,11.89,0.476,9,M,Azithromycin,1,1.0,S. flexneri,M90T,Sf,100x,0.181,0.295,0.309,0.9546925566343042
5/13/2022,1,M9,3-1-M9,12.97,0.48,9,M,Azithromycin,1,1.0,S. flexneri,M90T,Sf,100x,0.182,0.298,0.316,0.9430379746835442
5/13/2022,6,M1,3-6-M1,0.0,0.206,1,M,Azithromycin,1,100.0,S. flexneri,M90T,Sf,100x,0.154,0.05199999999999999,0.033,1.5757575757575755
5/13/2022,6,M1,3-6-M1,1.09,0.209,1,M,Azithromycin,1,100.0,S. flexneri,M90T,Sf,100x,0.165,0.043999999999999984,0.03,1.4666666666666661
5/13/2022,6,M1,3-6-M1,2.17,0.207,1,M,Azithromycin,1,100.0,S. flexneri,M90T,Sf,100x,0.168,0.03899999999999998,0.03,1.2999999999999994
5/13/2022,6,M1,3-6-M1,3.25,0.206,1,M,Azithromycin,1,100.0,S. flexneri,M90T,Sf,100x,0.169,0.03699999999999998,0.03,1.2333333333333327
5/13/2022,6,M1,3-6-M1,4.33,0.204,1,M,Azithromycin,1,100.0,S. flexneri,M90T,Sf,100x,0.169,0.034999999999999976,0.046999999999999986,0.7446808510638295
5/13/2022,6,M1,3-6-M1,5.41,0.202,1,M,Azithromycin,1,100.0,S. flexneri,M90T,Sf,100x,0.169,0.033,0.091,0.3626373626373627
5/13/2022,6,M1,3-6-M1,6.5,0.2,1,M,Azithromycin,1,100.0,S. flexneri,M90T,Sf,100x,0.168,0.032,0.147,0.217687074829932
5/13/2022,6,M1,3-6-M1,7.58,0.2,1,M,Azithromycin,1,100.0,S. flexneri,M90T,Sf,100x,0.169,0.031,0.19799999999999998,0.15656565656565657
5/13/2022,6,M1,3-6-M1,8.66,0.199,1,M,Azithromycin,1,100.0,S. flexneri,M90T,Sf,100x,0.168,0.031,0.24099999999999996,0.1286307053941909
5/13/2022,6,M1,3-6-M1,9.74,0.197,1,M,Azithromycin,1,100.0,S. flexneri,M90T,Sf,100x,0.166,0.031,0.274,0.11313868613138685
5/13/2022,6,M1,3-6-M1,10.82,0.197,1,M,Azithromycin,1,100.0,S. flexneri,M90T,Sf,100x,0.166,0.031,0.30299999999999994,0.10231023102310233
5/13/2022,6,M1,3-6-M1,11.91,0.196,1,M,Azithromycin,1,100.0,S. flexneri,M90T,Sf,100x,0.166,0.03,0.32299999999999995,0.09287925696594428
5/13/2022,6,M1,3-6-M1,12.99,0.197,1,M,Azithromycin,1,100.0,S. flexneri,M90T,Sf,100x,0.169,0.03,0.32999999999999996,0.09090909090909091
5/13/2022,6,M11,3-6-M11,0.0,0.187,11,M,Azithromycin,1,0.3,S. flexneri,M90T,Sf,100x,0.154,0.033,0.033,1.0
5/13/2022,6,M11,3-6-M11,1.09,0.189,11,M,Azithromycin,1,0.3,S. flexneri,M90T,Sf,100x,0.165,0.03,0.03,1.0
5/13/2022,6,M11,3-6-M11,2.17,0.191,11,M,Azithromycin,1,0.3,S. flexneri,M90T,Sf,100x,0.168,0.03,0.03,1.0
5/13/2022,6,M11,3-6-M11,3.25,0.194,11,M,Azithromycin,1,0.3,S. flexneri,M90T,Sf,100x,0.169,0.03,0.03,1.0
5/13/2022,6,M11,3-6-M11,4.33,0.211,11,M,Azithromycin,1,0.3,S. flexneri,M90T,Sf,100x,0.169,0.04199999999999998,0.046999999999999986,0.8936170212765956
5/13/2022,6,M11,3-6-M11,5.41,0.254,11,M,Azithromycin,1,0.3,S. flexneri,M90T,Sf,100x,0.169,0.08499999999999999,0.091,0.934065934065934
5/13/2022,6,M11,3-6-M11,6.5,0.302,11,M,Azithromycin,1,0.3,S. flexneri,M90T,Sf,100x,0.168,0.13399999999999998,0.147,0.91156462585034
5/13/2022,6,M11,3-6-M11,7.58,0.347,11,M,Azithromycin,1,0.3,S. flexneri,M90T,Sf,100x,0.169,0.17799999999999996,0.19799999999999998,0.8989898989898989
5/13/2022,6,M11,3-6-M11,8.66,0.38,11,M,Azithromycin,1,0.3,S. flexneri,M90T,Sf,100x,0.168,0.212,0.24099999999999996,0.8796680497925312
5/13/2022,6,M11,3-6-M11,9.74,0.407,11,M,Azithromycin,1,0.3,S. flexneri,M90T,Sf,100x,0.166,0.24099999999999996,0.274,0.8795620437956202
5/13/2022,6,M11,3-6-M11,10.82,0.426,11,M,Azithromycin,1,0.3,S. flexneri,M90T,Sf,100x,0.166,0.26,0.30299999999999994,0.8580858085808583
5/13/2022,6,M11,3-6-M11,11.91,0.44,11,M,Azithromycin,1,0.3,S. flexneri,M90T,Sf,100x,0.166,0.274,0.32299999999999995,0.8482972136222912
5/13/2022,6,M11,3-6-M11,12.99,0.449,11,M,Azithromycin,1,0.3,S. flexneri,M90T,Sf,100x,0.169,0.28,0.32999999999999996,0.8484848484848486
5/13/2022,6,M13,3-6-M13,0.0,0.18,13,M,Azithromycin,1,0.1,S. flexneri,M90T,Sf,100x,0.154,0.03,0.033,0.9090909090909091
5/13/2022,6,M13,3-6-M13,1.09,0.184,13,M,Azithromycin,1,0.1,S. flexneri,M90T,Sf,100x,0.165,0.03,0.03,1.0
5/13/2022,6,M13,3-6-M13,2.17,0.186,13,M,Azithromycin,1,0.1,S. flexneri,M90T,Sf,100x,0.168,0.03,0.03,1.0
5/13/2022,6,M13,3-6-M13,3.25,0.191,13,M,Azithromycin,1,0.1,S. flexneri,M90T,Sf,100x,0.169,0.03,0.03,1.0
5/13/2022,6,M13,3-6-M13,4.33,0.214,13,M,Azithromycin,1,0.1,S. flexneri,M90T,Sf,100x,0.169,0.044999999999999984,0.046999999999999986,0.9574468085106382
5/13/2022,6,M13,3-6-M13,5.41,0.28,13,M,Azithromycin,1,0.1,S. flexneri,M90T,Sf,100x,0.169,0.11100000000000002,0.091,1.2197802197802199
5/13/2022,6,M13,3-6-M13,6.5,0.355,13,M,Azithromycin,1,0.1,S. flexneri,M90T,Sf,100x,0.168,0.18699999999999997,0.147,1.2721088435374148
5/13/2022,6,M13,3-6-M13,7.58,0.405,13,M,Azithromycin,1,0.1,S. flexneri,M90T,Sf,100x,0.169,0.23600000000000002,0.19799999999999998,1.191919191919192
5/13/2022,6,M13,3-6-M13,8.66,0.435,13,M,Azithromycin,1,0.1,S. flexneri,M90T,Sf,100x,0.168,0.267,0.24099999999999996,1.1078838174273862
5/13/2022,6,M13,3-6-M13,9.74,0.458,13,M,Azithromycin,1,0.1,S. flexneri,M90T,Sf,100x,0.166,0.29200000000000004,0.274,1.0656934306569343
5/13/2022,6,M13,3-6-M13,10.82,0.476,13,M,Azithromycin,1,0.1,S. flexneri,M90T,Sf,100x,0.166,0.30999999999999994,0.30299999999999994,1.023102310231023
5/13/2022,6,M13,3-6-M13,11.91,0.486,13,M,Azithromycin,1,0.1,S. flexneri,M90T,Sf,100x,0.166,0.31999999999999995,0.32299999999999995,0.9907120743034056
5/13/2022,6,M13,3-6-M13,12.99,0.498,13,M,Azithromycin,1,0.1,S. flexneri,M90T,Sf,100x,0.169,0.32899999999999996,0.32999999999999996,0.996969696969697
5/13/2022,6,M15,3-6-M15,0.0,0.182,15,M,Azithromycin,1,0.03,S. flexneri,M90T,Sf,100x,0.154,0.03,0.033,0.9090909090909091
5/13/2022,6,M15,3-6-M15,1.09,0.189,15,M,Azithromycin,1,0.03,S. flexneri,M90T,Sf,100x,0.165,0.03,0.03,1.0
5/13/2022,6,M15,3-6-M15,2.17,0.19,15,M,Azithromycin,1,0.03,S. flexneri,M90T,Sf,100x,0.168,0.03,0.03,1.0
5/13/2022,6,M15,3-6-M15,3.25,0.193,15,M,Azithromycin,1,0.03,S. flexneri,M90T,Sf,100x,0.169,0.03,0.03,1.0
5/13/2022,6,M15,3-6-M15,4.33,0.209,15,M,Azithromycin,1,0.03,S. flexneri,M90T,Sf,100x,0.169,0.03999999999999998,0.046999999999999986,0.8510638297872338
5/13/2022,6,M15,3-6-M15,5.41,0.256,15,M,Azithromycin,1,0.03,S. flexneri,M90T,Sf,100x,0.169,0.087,0.091,0.956043956043956
5/13/2022,6,M15,3-6-M15,6.5,0.311,15,M,Azithromycin,1,0.03,S. flexneri,M90T,Sf,100x,0.168,0.143,0.147,0.9727891156462585
5/13/2022,6,M15,3-6-M15,7.58,0.36,15,M,Azithromycin,1,0.03,S. flexneri,M90T,Sf,100x,0.169,0.19099999999999998,0.19799999999999998,0.9646464646464646
5/13/2022,6,M15,3-6-M15,8.66,0.398,15,M,Azithromycin,1,0.03,S. flexneri,M90T,Sf,100x,0.168,0.23,0.24099999999999996,0.9543568464730292
5/13/2022,6,M15,3-6-M15,9.74,0.428,15,M,Azithromycin,1,0.03,S. flexneri,M90T,Sf,100x,0.166,0.262,0.274,0.9562043795620437
5/13/2022,6,M15,3-6-M15,10.82,0.453,15,M,Azithromycin,1,0.03,S. flexneri,M90T,Sf,100x,0.166,0.28700000000000003,0.30299999999999994,0.9471947194719476
5/13/2022,6,M15,3-6-M15,11.91,0.473,15,M,Azithromycin,1,0.03,S. flexneri,M90T,Sf,100x,0.166,0.30699999999999994,0.32299999999999995,0.9504643962848297
5/13/2022,6,M15,3-6-M15,12.99,0.486,15,M,Azithromycin,1,0.03,S. flexneri,M90T,Sf,100x,0.169,0.31699999999999995,0.32999999999999996,0.9606060606060606
5/13/2022,6,M17,3-6-M17,0.0,0.154,17,M,Azithromycin,1,0.01,S. flexneri,M90T,Sf,100x,0.154,0.03,0.033,0.9090909090909091
5/13/2022,6,M17,3-6-M17,1.09,0.166,17,M,Azithromycin,1,0.01,S. flexneri,M90T,Sf,100x,0.165,0.03,0.03,1.0
5/13/2022,6,M17,3-6-M17,2.17,0.169,17,M,Azithromycin,1,0.01,S. flexneri,M90T,Sf,100x,0.168,0.03,0.03,1.0
5/13/2022,6,M17,3-6-M17,3.25,0.172,17,M,Azithromycin,1,0.01,S. flexneri,M90T,Sf,100x,0.169,0.03,0.03,1.0
5/13/2022,6,M17,3-6-M17,4.33,0.192,17,M,Azithromycin,1,0.01,S. flexneri,M90T,Sf,100x,0.169,0.03,0.046999999999999986,0.6382978723404257
5/13/2022,6,M17,3-6-M17,5.41,0.239,17,M,Azithromycin,1,0.01,S. flexneri,M90T,Sf,100x,0.169,0.06999999999999998,0.091,0.769230769230769
5/13/2022,6,M17,3-6-M17,6.5,0.292,17,M,Azithromycin,1,0.01,S. flexneri,M90T,Sf,100x,0.168,0.12399999999999997,0.147,0.8435374149659862
5/13/2022,6,M17,3-6-M17,7.58,0.333,17,M,Azithromycin,1,0.01,S. flexneri,M90T,Sf,100x,0.169,0.164,0.19799999999999998,0.8282828282828284
5/13/2022,6,M17,3-6-M17,8.66,0.365,17,M,Azithromycin,1,0.01,S. flexneri,M90T,Sf,100x,0.168,0.19699999999999998,0.24099999999999996,0.8174273858921163
5/13/2022,6,M17,3-6-M17,9.74,0.386,17,M,Azithromycin,1,0.01,S. flexneri,M90T,Sf,100x,0.166,0.22,0.274,0.802919708029197
5/13/2022,6,M17,3-6-M17,10.82,0.402,17,M,Azithromycin,1,0.01,S. flexneri,M90T,Sf,100x,0.166,0.23600000000000002,0.30299999999999994,0.7788778877887791
5/13/2022,6,M17,3-6-M17,11.91,0.417,17,M,Azithromycin,1,0.01,S. flexneri,M90T,Sf,100x,0.166,0.251,0.32299999999999995,0.7770897832817338
5/13/2022,6,M17,3-6-M17,12.99,0.429,17,M,Azithromycin,1,0.01,S. flexneri,M90T,Sf,100x,0.169,0.26,0.32999999999999996,0.787878787878788
5/13/2022,6,M19,3-6-M19,0.0,0.162,19,M,Azithromycin,1,0.003,S. flexneri,M90T,Sf,100x,0.154,0.03,0.033,0.9090909090909091
5/13/2022,6,M19,3-6-M19,1.09,0.176,19,M,Azithromycin,1,0.003,S. flexneri,M90T,Sf,100x,0.165,0.03,0.03,1.0
5/13/2022,6,M19,3-6-M19,2.17,0.178,19,M,Azithromycin,1,0.003,S. flexneri,M90T,Sf,100x,0.168,0.03,0.03,1.0
5/13/2022,6,M19,3-6-M19,3.25,0.184,19,M,Azithromycin,1,0.003,S. flexneri,M90T,Sf,100x,0.169,0.03,0.03,1.0
5/13/2022,6,M19,3-6-M19,4.33,0.212,19,M,Azithromycin,1,0.003,S. flexneri,M90T,Sf,100x,0.169,0.04299999999999998,0.046999999999999986,0.9148936170212765
5/13/2022,6,M19,3-6-M19,5.41,0.275,19,M,Azithromycin,1,0.003,S. flexneri,M90T,Sf,100x,0.169,0.10600000000000001,0.091,1.164835164835165
5/13/2022,6,M19,3-6-M19,6.5,0.346,19,M,Azithromycin,1,0.003,S. flexneri,M90T,Sf,100x,0.168,0.17799999999999996,0.147,1.2108843537414964
5/13/2022,6,M19,3-6-M19,7.58,0.402,19,M,Azithromycin,1,0.003,S. flexneri,M90T,Sf,100x,0.169,0.233,0.19799999999999998,1.176767676767677
5/13/2022,6,M19,3-6-M19,8.66,0.431,19,M,Azithromycin,1,0.003,S. flexneri,M90T,Sf,100x,0.168,0.263,0.24099999999999996,1.091286307053942
5/13/2022,6,M19,3-6-M19,9.74,0.461,19,M,Azithromycin,1,0.003,S. flexneri,M90T,Sf,100x,0.166,0.29500000000000004,0.274,1.0766423357664234
5/13/2022,6,M19,3-6-M19,10.82,0.484,19,M,Azithromycin,1,0.003,S. flexneri,M90T,Sf,100x,0.166,0.31799999999999995,0.30299999999999994,1.0495049504950495
5/13/2022,6,M19,3-6-M19,11.91,0.503,19,M,Azithromycin,1,0.003,S. flexneri,M90T,Sf,100x,0.166,0.33699999999999997,0.32299999999999995,1.043343653250774
5/13/2022,6,M19,3-6-M19,12.99,0.511,19,M,Azithromycin,1,0.003,S. flexneri,M90T,Sf,100x,0.169,0.34199999999999997,0.32999999999999996,1.0363636363636364
5/13/2022,6,M21,3-6-M21,0.0,0.187,21,M,Azithromycin,1,0.0,S. flexneri,M90T,Sf,100x,0.154,0.033,0.033,1.0
5/13/2022,6,M21,3-6-M21,1.09,0.19,21,M,Azithromycin,1,0.0,S. flexneri,M90T,Sf,100x,0.165,0.03,0.03,1.0
5/13/2022,6,M21,3-6-M21,2.17,0.196,21,M,Azithromycin,1,0.0,S. flexneri,M90T,Sf,100x,0.168,0.03,0.03,1.0
5/13/2022,6,M21,3-6-M21,3.25,0.199,21,M,Azithromycin,1,0.0,S. flexneri,M90T,Sf,100x,0.169,0.03,0.03,1.0
5/13/2022,6,M21,3-6-M21,4.33,0.216,21,M,Azithromycin,1,0.0,S. flexneri,M90T,Sf,100x,0.169,0.046999999999999986,0.046999999999999986,1.0
5/13/2022,6,M21,3-6-M21,5.41,0.26,21,M,Azithromycin,1,0.0,S. flexneri,M90T,Sf,100x,0.169,0.091,0.091,1.0
5/13/2022,6,M21,3-6-M21,6.5,0.315,21,M,Azithromycin,1,0.0,S. flexneri,M90T,Sf,100x,0.168,0.147,0.147,1.0
5/13/2022,6,M21,3-6-M21,7.58,0.367,21,M,Azithromycin,1,0.0,S. flexneri,M90T,Sf,100x,0.169,0.19799999999999998,0.19799999999999998,1.0
5/13/2022,6,M21,3-6-M21,8.66,0.409,21,M,Azithromycin,1,0.0,S. flexneri,M90T,Sf,100x,0.168,0.24099999999999996,0.24099999999999996,1.0
5/13/2022,6,M21,3-6-M21,9.74,0.44,21,M,Azithromycin,1,0.0,S. flexneri,M90T,Sf,100x,0.166,0.274,0.274,1.0
5/13/2022,6,M21,3-6-M21,10.82,0.469,21,M,Azithromycin,1,0.0,S. flexneri,M90T,Sf,100x,0.166,0.30299999999999994,0.30299999999999994,1.0
5/13/2022,6,M21,3-6-M21,11.91,0.489,21,M,Azithromycin,1,0.0,S. flexneri,M90T,Sf,100x,0.166,0.32299999999999995,0.32299999999999995,1.0
5/13/2022,6,M21,3-6-M21,12.99,0.499,21,M,Azithromycin,1,0.0,S. flexneri,M90T,Sf,100x,0.169,0.32999999999999996,0.32999999999999996,1.0
5/13/2022,6,M23,3-6-M23,0.0,0.154,23,M,Azithromycin,1,-1.0,S. flexneri,M90T,Sf,100x,0.154,0.03,0.033,0.9090909090909091
5/13/2022,6,M23,3-6-M23,1.09,0.165,23,M,Azithromycin,1,-1.0,S. flexneri,M90T,Sf,100x,0.165,0.03,0.03,1.0
5/13/2022,6,M23,3-6-M23,2.17,0.168,23,M,Azithromycin,1,-1.0,S. flexneri,M90T,Sf,100x,0.168,0.03,0.03,1.0
5/13/2022,6,M23,3-6-M23,3.25,0.169,23,M,Azithromycin,1,-1.0,S. flexneri,M90T,Sf,100x,0.169,0.03,0.03,1.0
5/13/2022,6,M23,3-6-M23,4.33,0.169,23,M,Azithromycin,1,-1.0,S. flexneri,M90T,Sf,100x,0.169,0.03,0.046999999999999986,0.6382978723404257
5/13/2022,6,M23,3-6-M23,5.41,0.169,23,M,Azithromycin,1,-1.0,S. flexneri,M90T,Sf,100x,0.169,0.03,0.091,0.32967032967032966
5/13/2022,6,M23,3-6-M23,6.5,0.168,23,M,Azithromycin,1,-1.0,S. flexneri,M90T,Sf,100x,0.168,0.03,0.147,0.20408163265306123
5/13/2022,6,M23,3-6-M23,7.58,0.169,23,M,Azithromycin,1,-1.0,S. flexneri,M90T,Sf,100x,0.169,0.03,0.19799999999999998,0.15151515151515152
5/13/2022,6,M23,3-6-M23,8.66,0.168,23,M,Azithromycin,1,-1.0,S. flexneri,M90T,Sf,100x,0.168,0.03,0.24099999999999996,0.12448132780082989
5/13/2022,6,M23,3-6-M23,9.74,0.166,23,M,Azithromycin,1,-1.0,S. flexneri,M90T,Sf,100x,0.166,0.03,0.274,0.1094890510948905
5/13/2022,6,M23,3-6-M23,10.82,0.166,23,M,Azithromycin,1,-1.0,S. flexneri,M90T,Sf,100x,0.166,0.03,0.30299999999999994,0.09900990099009903
5/13/2022,6,M23,3-6-M23,11.91,0.166,23,M,Azithromycin,1,-1.0,S. flexneri,M90T,Sf,100x,0.166,0.03,0.32299999999999995,0.09287925696594428
5/13/2022,6,M23,3-6-M23,12.99,0.169,23,M,Azithromycin,1,-1.0,S. flexneri,M90T,Sf,100x,0.169,0.03,0.32999999999999996,0.09090909090909091
5/13/2022,6,M3,3-6-M3,0.0,0.194,3,M,Azithromycin,1,30.0,S. flexneri,M90T,Sf,100x,0.154,0.04000000000000001,0.033,1.2121212121212124
5/13/2022,6,M3,3-6-M3,1.09,0.198,3,M,Azithromycin,1,30.0,S. flexneri,M90T,Sf,100x,0.165,0.033,0.03,1.1
5/13/2022,6,M3,3-6-M3,2.17,0.196,3,M,Azithromycin,1,30.0,S. flexneri,M90T,Sf,100x,0.168,0.03,0.03,1.0
5/13/2022,6,M3,3-6-M3,3.25,0.197,3,M,Azithromycin,1,30.0,S. flexneri,M90T,Sf,100x,0.169,0.03,0.03,1.0
5/13/2022,6,M3,3-6-M3,4.33,0.195,3,M,Azithromycin,1,30.0,S. flexneri,M90T,Sf,100x,0.169,0.03,0.046999999999999986,0.6382978723404257
5/13/2022,6,M3,3-6-M3,5.41,0.194,3,M,Azithromycin,1,30.0,S. flexneri,M90T,Sf,100x,0.169,0.03,0.091,0.32967032967032966
5/13/2022,6,M3,3-6-M3,6.5,0.194,3,M,Azithromycin,1,30.0,S. flexneri,M90T,Sf,100x,0.168,0.03,0.147,0.20408163265306123
5/13/2022,6,M3,3-6-M3,7.58,0.195,3,M,Azithromycin,1,30.0,S. flexneri,M90T,Sf,100x,0.169,0.03,0.19799999999999998,0.15151515151515152
5/13/2022,6,M3,3-6-M3,8.66,0.194,3,M,Azithromycin,1,30.0,S. flexneri,M90T,Sf,100x,0.168,0.03,0.24099999999999996,0.12448132780082989
5/13/2022,6,M3,3-6-M3,9.74,0.193,3,M,Azithromycin,1,30.0,S. flexneri,M90T,Sf,100x,0.166,0.03,0.274,0.1094890510948905
5/13/2022,6,M3,3-6-M3,10.82,0.193,3,M,Azithromycin,1,30.0,S. flexneri,M90T,Sf,100x,0.166,0.03,0.30299999999999994,0.09900990099009903
5/13/2022,6,M3,3-6-M3,11.91,0.191,3,M,Azithromycin,1,30.0,S. flexneri,M90T,Sf,100x,0.166,0.03,0.32299999999999995,0.09287925696594428
5/13/2022,6,M3,3-6-M3,12.99,0.193,3,M,Azithromycin,1,30.0,S. flexneri,M90T,Sf,100x,0.169,0.03,0.32999999999999996,0.09090909090909091
5/13/2022,6,M5,3-6-M5,0.0,0.196,5,M,Azithromycin,1,10.0,S. flexneri,M90T,Sf,100x,0.154,0.04200000000000001,0.033,1.272727272727273
5/13/2022,6,M5,3-6-M5,1.09,0.198,5,M,Azithromycin,1,10.0,S. flexneri,M90T,Sf,100x,0.165,0.033,0.03,1.1
5/13/2022,6,M5,3-6-M5,2.17,0.203,5,M,Azithromycin,1,10.0,S. flexneri,M90T,Sf,100x,0.168,0.035,0.03,1.1666666666666667
5/13/2022,6,M5,3-6-M5,3.25,0.203,5,M,Azithromycin,1,10.0,S. flexneri,M90T,Sf,100x,0.169,0.034,0.03,1.1333333333333335
5/13/2022,6,M5,3-6-M5,4.33,0.203,5,M,Azithromycin,1,10.0,S. flexneri,M90T,Sf,100x,0.169,0.034,0.046999999999999986,0.7234042553191492
5/13/2022,6,M5,3-6-M5,5.41,0.202,5,M,Azithromycin,1,10.0,S. flexneri,M90T,Sf,100x,0.169,0.033,0.091,0.3626373626373627
5/13/2022,6,M5,3-6-M5,6.5,0.204,5,M,Azithromycin,1,10.0,S. flexneri,M90T,Sf,100x,0.168,0.035999999999999976,0.147,0.24489795918367332
5/13/2022,6,M5,3-6-M5,7.58,0.208,5,M,Azithromycin,1,10.0,S. flexneri,M90T,Sf,100x,0.169,0.03899999999999998,0.19799999999999998,0.19696969696969688
5/13/2022,6,M5,3-6-M5,8.66,0.214,5,M,Azithromycin,1,10.0,S. flexneri,M90T,Sf,100x,0.168,0.045999999999999985,0.24099999999999996,0.19087136929460577
5/13/2022,6,M5,3-6-M5,9.74,0.226,5,M,Azithromycin,1,10.0,S. flexneri,M90T,Sf,100x,0.166,0.06,0.274,0.218978102189781
5/13/2022,6,M5,3-6-M5,10.82,0.25,5,M,Azithromycin,1,10.0,S. flexneri,M90T,Sf,100x,0.166,0.08399999999999999,0.30299999999999994,0.27722772277227725
5/13/2022,6,M5,3-6-M5,11.91,0.286,5,M,Azithromycin,1,10.0,S. flexneri,M90T,Sf,100x,0.166,0.11999999999999997,0.32299999999999995,0.37151702786377705
5/13/2022,6,M5,3-6-M5,12.99,0.319,5,M,Azithromycin,1,10.0,S. flexneri,M90T,Sf,100x,0.169,0.15,0.32999999999999996,0.4545454545454546
5/13/2022,6,M7,3-6-M7,0.0,0.195,7,M,Azithromycin,1,3.0,S. flexneri,M90T,Sf,100x,0.154,0.04100000000000001,0.033,1.2424242424242427
5/13/2022,6,M7,3-6-M7,1.09,0.197,7,M,Azithromycin,1,3.0,S. flexneri,M90T,Sf,100x,0.165,0.032,0.03,1.0666666666666667
5/13/2022,6,M7,3-6-M7,2.17,0.205,7,M,Azithromycin,1,3.0,S. flexneri,M90T,Sf,100x,0.168,0.03699999999999998,0.03,1.2333333333333327
5/13/2022,6,M7,3-6-M7,3.25,0.205,7,M,Azithromycin,1,3.0,S. flexneri,M90T,Sf,100x,0.169,0.035999999999999976,0.03,1.1999999999999993
5/13/2022,6,M7,3-6-M7,4.33,0.212,7,M,Azithromycin,1,3.0,S. flexneri,M90T,Sf,100x,0.169,0.04299999999999998,0.046999999999999986,0.9148936170212765
5/13/2022,6,M7,3-6-M7,5.41,0.239,7,M,Azithromycin,1,3.0,S. flexneri,M90T,Sf,100x,0.169,0.06999999999999998,0.091,0.769230769230769
5/13/2022,6,M7,3-6-M7,6.5,0.287,7,M,Azithromycin,1,3.0,S. flexneri,M90T,Sf,100x,0.168,0.11899999999999997,0.147,0.8095238095238093
5/13/2022,6,M7,3-6-M7,7.58,0.339,7,M,Azithromycin,1,3.0,S. flexneri,M90T,Sf,100x,0.169,0.17,0.19799999999999998,0.8585858585858587
5/13/2022,6,M7,3-6-M7,8.66,0.378,7,M,Azithromycin,1,3.0,S. flexneri,M90T,Sf,100x,0.168,0.21,0.24099999999999996,0.8713692946058093
5/13/2022,6,M7,3-6-M7,9.74,0.409,7,M,Azithromycin,1,3.0,S. flexneri,M90T,Sf,100x,0.166,0.24299999999999997,0.274,0.886861313868613
5/13/2022,6,M7,3-6-M7,10.82,0.423,7,M,Azithromycin,1,3.0,S. flexneri,M90T,Sf,100x,0.166,0.257,0.30299999999999994,0.8481848184818483
5/13/2022,6,M7,3-6-M7,11.91,0.433,7,M,Azithromycin,1,3.0,S. flexneri,M90T,Sf,100x,0.166,0.267,0.32299999999999995,0.8266253869969042
5/13/2022,6,M7,3-6-M7,12.99,0.437,7,M,Azithromycin,1,3.0,S. flexneri,M90T,Sf,100x,0.169,0.268,0.32999999999999996,0.8121212121212122
5/13/2022,6,M9,3-6-M9,0.0,0.198,9,M,Azithromycin,1,1.0,S. flexneri,M90T,Sf,100x,0.154,0.04400000000000001,0.033,1.3333333333333337
5/13/2022,6,M9,3-6-M9,1.09,0.199,9,M,Azithromycin,1,1.0,S. flexneri,M90T,Sf,100x,0.165,0.034,0.03,1.1333333333333335
5/13/2022,6,M9,3-6-M9,2.17,0.201,9,M,Azithromycin,1,1.0,S. flexneri,M90T,Sf,100x,0.168,0.033,0.03,1.1
5/13/2022,6,M9,3-6-M9,3.25,0.202,9,M,Azithromycin,1,1.0,S. flexneri,M90T,Sf,100x,0.169,0.033,0.03,1.1
5/13/2022,6,M9,3-6-M9,4.33,0.217,9,M,Azithromycin,1,1.0,S. flexneri,M90T,Sf,100x,0.169,0.04799999999999999,0.046999999999999986,1.0212765957446808
5/13/2022,6,M9,3-6-M9,5.41,0.261,9,M,Azithromycin,1,1.0,S. flexneri,M90T,Sf,100x,0.169,0.092,0.091,1.010989010989011
5/13/2022,6,M9,3-6-M9,6.5,0.325,9,M,Azithromycin,1,1.0,S. flexneri,M90T,Sf,100x,0.168,0.157,0.147,1.0680272108843538
5/13/2022,6,M9,3-6-M9,7.58,0.385,9,M,Azithromycin,1,1.0,S. flexneri,M90T,Sf,100x,0.169,0.216,0.19799999999999998,1.090909090909091
5/13/2022,6,M9,3-6-M9,8.66,0.431,9,M,Azithromycin,1,1.0,S. flexneri,M90T,Sf,100x,0.168,0.263,0.24099999999999996,1.091286307053942
5/13/2022,6,M9,3-6-M9,9.74,0.466,9,M,Azithromycin,1,1.0,S. flexneri,M90T,Sf,100x,0.166,0.30000000000000004,0.274,1.094890510948905
5/13/2022,6,M9,3-6-M9,10.82,0.479,9,M,Azithromycin,1,1.0,S. flexneri,M90T,Sf,100x,0.166,0.31299999999999994,0.30299999999999994,1.033003300330033
5/13/2022,6,M9,3-6-M9,11.91,0.492,9,M,Azithromycin,1,1.0,S. flexneri,M90T,Sf,100x,0.166,0.32599999999999996,0.32299999999999995,1.0092879256965945
5/13/2022,6,M9,3-6-M9,12.99,0.491,9,M,Azithromycin,1,1.0,S. flexneri,M90T,Sf,100x,0.169,0.32199999999999995,0.32999999999999996,0.9757575757575757
