Time,Construct,Dose,Replicate,RawSignal
0,pSEVA634-GFP,0,1,0.139
0,pSEVA634-GFP,0.01,1,0.134
0,pSEVA634-GFP,0.05,1,0.138
0,pSEVA634-GFP,0.1,1,0.133
0,pSEVA634-GFP,0.2,1,0.143
0,pSEVA634-GFP,0.5,1,0.133
0,pSEVA634-GFP,1,1,0.138
0.5,pSEVA634-GFP,0,1,0.141
0.5,pSEVA634-GFP,0.01,1,0.133
0.5,pSEVA634-GFP,0.05,1,0.136
0.5,pSEVA634-GFP,0.1,1,0.134
0.5,pSEVA634-GFP,0.2,1,0.143
0.5,pSEVA634-GFP,0.5,1,0.134
0.5,pSEVA634-GFP,1,1,0.139
1,pSEVA634-GFP,0,1,0.142
1,pSEVA634-GFP,0.01,1,0.136
1,pSEVA634-GFP,0.05,1,0.138
1,pSEVA634-GFP,0.1,1,0.135
1,pSEVA634-GFP,0.2,1,0.144
1,pSEVA634-GFP,0.5,1,0.135
1,pSEVA634-GFP,1,1,0.14
1.5,pSEVA634-GFP,0,1,0.143
1.5,pSEVA634-GFP,0.01,1,0.138
1.5,pSEVA634-GFP,0.05,1,0.14
1.5,pSEVA634-GFP,0.1,1,0.136
1.5,pSEVA634-GFP,0.2,1,0.146
1.5,pSEVA634-GFP,0.5,1,0.136
1.5,pSEVA634-GFP,1,1,0.142
2,pSEVA634-GFP,0,1,0.144
2,pSEVA634-GFP,0.01,1,0.139
2,pSEVA634-GFP,0.05,1,0.142
2,pSEVA634-GFP,0.1,1,0.14
2,pSEVA634-GFP,0.2,1,0.153
2,pSEVA634-GFP,0.5,1,0.138
2,pSEVA634-GFP,1,1,0.144
2.5,pSEVA634-GFP,0,1,0.145
2.5,pSEVA634-GFP,0.01,1,0.14
2.5,pSEVA634-GFP,0.05,1,0.143
2.5,pSEVA634-GFP,0.1,1,0.143
2.5,pSEVA634-GFP,0.2,1,0.154
2.5,pSEVA634-GFP,0.5,1,0.141
2.5,pSEVA634-GFP,1,1,0.145
3,pSEVA634-GFP,0,1,0.145
3,pSEVA634-GFP,0.01,1,0.14
3,pSEVA634-GFP,0.05,1,0.143
3,pSEVA634-GFP,0.1,1,0.144
3,pSEVA634-GFP,0.2,1,0.152
3,pSEVA634-GFP,0.5,1,0.144
3,pSEVA634-GFP,1,1,0.145
3.5,pSEVA634-GFP,0,1,0.144
3.5,pSEVA634-GFP,0.01,1,0.141
3.5,pSEVA634-GFP,0.05,1,0.142
3.5,pSEVA634-GFP,0.1,1,0.143
3.5,pSEVA634-GFP,0.2,1,0.153
3.5,pSEVA634-GFP,0.5,1,0.142
3.5,pSEVA634-GFP,1,1,0.147
4,pSEVA634-GFP,0,1,0.145
4,pSEVA634-GFP,0.01,1,0.142
4,pSEVA634-GFP,0.05,1,0.142
4,pSEVA634-GFP,0.1,1,0.145
4,pSEVA634-GFP,0.2,1,0.156
4,pSEVA634-GFP,0.5,1,0.144
4,pSEVA634-GFP,1,1,0.149
4.5,pSEVA634-GFP,0,1,0.147
4.5,pSEVA634-GFP,0.01,1,0.144
4.5,pSEVA634-GFP,0.05,1,0.145
4.5,pSEVA634-GFP,0.1,1,0.148
4.5,pSEVA634-GFP,0.2,1,0.159
4.5,pSEVA634-GFP,0.5,1,0.147
4.5,pSEVA634-GFP,1,1,0.152
5,pSEVA634-GFP,0,1,0.15
5,pSEVA634-GFP,0.01,1,0.146
5,pSEVA634-GFP,0.05,1,0.148
5,pSEVA634-GFP,0.1,1,0.149
5,pSEVA634-GFP,0.2,1,0.162
5,pSEVA634-GFP,0.5,1,0.15
5,pSEVA634-GFP,1,1,0.155
5.5,pSEVA634-GFP,0,1,0.153
5.5,pSEVA634-GFP,0.01,1,0.15
5.5,pSEVA634-GFP,0.05,1,0.152
5.5,pSEVA634-GFP,0.1,1,0.154
5.5,pSEVA634-GFP,0.2,1,0.168
5.5,pSEVA634-GFP,0.5,1,0.155
5.5,pSEVA634-GFP,1,1,0.159
6,pSEVA634-GFP,0,1,0.156
6,pSEVA634-GFP,0.01,1,0.155
6,pSEVA634-GFP,0.05,1,0.156
6,pSEVA634-GFP,0.1,1,0.16
6,pSEVA634-GFP,0.2,1,0.174
6,pSEVA634-GFP,0.5,1,0.16
6,pSEVA634-GFP,1,1,0.165
6.5,pSEVA634-GFP,0,1,0.164
6.5,pSEVA634-GFP,0.01,1,0.161
6.5,pSEVA634-GFP,0.05,1,0.162
6.5,pSEVA634-GFP,0.1,1,0.166
6.5,pSEVA634-GFP,0.2,1,0.177
6.5,pSEVA634-GFP,0.5,1,0.168
6.5,pSEVA634-GFP,1,1,0.172
7,pSEVA634-GFP,0,1,0.167
7,pSEVA634-GFP,0.01,1,0.166
7,pSEVA634-GFP,0.05,1,0.169
7,pSEVA634-GFP,0.1,1,0.172
7,pSEVA634-GFP,0.2,1,0.187
7,pSEVA634-GFP,0.5,1,0.173
7,pSEVA634-GFP,1,1,0.178
7.5,pSEVA634-GFP,0,1,0.177
7.5,pSEVA634-GFP,0.01,1,0.173
7.5,pSEVA634-GFP,0.05,1,0.176
7.5,pSEVA634-GFP,0.1,1,0.18
7.5,pSEVA634-GFP,0.2,1,0.197
7.5,pSEVA634-GFP,0.5,1,0.182
7.5,pSEVA634-GFP,1,1,0.187
8,pSEVA634-GFP,0,1,0.184
8,pSEVA634-GFP,0.01,1,0.183
8,pSEVA634-GFP,0.05,1,0.187
8,pSEVA634-GFP,0.1,1,0.19
8,pSEVA634-GFP,0.2,1,0.209
8,pSEVA634-GFP,0.5,1,0.192
8,pSEVA634-GFP,1,1,0.197
8.5,pSEVA634-GFP,0,1,0.193
8.5,pSEVA634-GFP,0.01,1,0.191
8.5,pSEVA634-GFP,0.05,1,0.193
8.5,pSEVA634-GFP,0.1,1,0.2
8.5,pSEVA634-GFP,0.2,1,0.223
8.5,pSEVA634-GFP,0.5,1,0.201
8.5,pSEVA634-GFP,1,1,0.206
9,pSEVA634-GFP,0,1,0.206
9,pSEVA634-GFP,0.01,1,0.206
9,pSEVA634-GFP,0.05,1,0.212
9,pSEVA634-GFP,0.1,1,0.217
9,pSEVA634-GFP,0.2,1,0.241
9,pSEVA634-GFP,0.5,1,0.219
9,pSEVA634-GFP,1,1,0.224
9.5,pSEVA634-GFP,0,1,0.225
9.5,pSEVA634-GFP,0.01,1,0.222
9.5,pSEVA634-GFP,0.05,1,0.228
9.5,pSEVA634-GFP,0.1,1,0.236
9.5,pSEVA634-GFP,0.2,1,0.257
9.5,pSEVA634-GFP,0.5,1,0.236
9.5,pSEVA634-GFP,1,1,0.241
10,pSEVA634-GFP,0,1,0.236
10,pSEVA634-GFP,0.01,1,0.236
10,pSEVA634-GFP,0.05,1,0.241
10,pSEVA634-GFP,0.1,1,0.247
10,pSEVA634-GFP,0.2,1,0.27
10,pSEVA634-GFP,0.5,1,0.249
10,pSEVA634-GFP,1,1,0.254
10.5,pSEVA634-GFP,0,1,0.246
10.5,pSEVA634-GFP,0.01,1,0.248
10.5,pSEVA634-GFP,0.05,1,0.253
10.5,pSEVA634-GFP,0.1,1,0.26
10.5,pSEVA634-GFP,0.2,1,0.284
10.5,pSEVA634-GFP,0.5,1,0.262
10.5,pSEVA634-GFP,1,1,0.267
11,pSEVA634-GFP,0,1,0.264
11,pSEVA634-GFP,0.01,1,0.258
11,pSEVA634-GFP,0.05,1,0.262
11,pSEVA634-GFP,0.1,1,0.271
11,pSEVA634-GFP,0.2,1,0.29
11,pSEVA634-GFP,0.5,1,0.274
11,pSEVA634-GFP,1,1,0.278
11.5,pSEVA634-GFP,0,1,0.265
11.5,pSEVA634-GFP,0.01,1,0.264
11.5,pSEVA634-GFP,0.05,1,0.268
11.5,pSEVA634-GFP,0.1,1,0.275
11.5,pSEVA634-GFP,0.2,1,0.301
11.5,pSEVA634-GFP,0.5,1,0.278
11.5,pSEVA634-GFP,1,1,0.282
12,pSEVA634-GFP,0,1,0.273
12,pSEVA634-GFP,0.01,1,0.273
12,pSEVA634-GFP,0.05,1,0.277
12,pSEVA634-GFP,0.1,1,0.284
12,pSEVA634-GFP,0.2,1,0.312
12,pSEVA634-GFP,0.5,1,0.286
12,pSEVA634-GFP,1,1,0.291
12.5,pSEVA634-GFP,0,1,0.28
12.5,pSEVA634-GFP,0.01,1,0.28
12.5,pSEVA634-GFP,0.05,1,0.285
12.5,pSEVA634-GFP,0.1,1,0.291
12.5,pSEVA634-GFP,0.2,1,0.32
12.5,pSEVA634-GFP,0.5,1,0.294
12.5,pSEVA634-GFP,1,1,0.297
13,pSEVA634-GFP,0,1,0.285
13,pSEVA634-GFP,0.01,1,0.286
13,pSEVA634-GFP,0.05,1,0.29
13,pSEVA634-GFP,0.1,1,0.298
13,pSEVA634-GFP,0.2,1,0.328
13,pSEVA634-GFP,0.5,1,0.3
13,pSEVA634-GFP,1,1,0.304
13.5,pSEVA634-GFP,0,1,0.289
13.5,pSEVA634-GFP,0.01,1,0.29
13.5,pSEVA634-GFP,0.05,1,0.295
13.5,pSEVA634-GFP,0.1,1,0.303
13.5,pSEVA634-GFP,0.2,1,0.334
13.5,pSEVA634-GFP,0.5,1,0.307
13.5,pSEVA634-GFP,1,1,0.31
14,pSEVA634-GFP,0,1,0.293
14,pSEVA634-GFP,0.01,1,0.296
14,pSEVA634-GFP,0.05,1,0.301
14,pSEVA634-GFP,0.1,1,0.308
14,pSEVA634-GFP,0.2,1,0.336
14,pSEVA634-GFP,0.5,1,0.312
14,pSEVA634-GFP,1,1,0.314
14.5,pSEVA634-GFP,0,1,0.295
14.5,pSEVA634-GFP,0.01,1,0.302
14.5,pSEVA634-GFP,0.05,1,0.306
14.5,pSEVA634-GFP,0.1,1,0.313
14.5,pSEVA634-GFP,0.2,1,0.34
14.5,pSEVA634-GFP,0.5,1,0.317
14.5,pSEVA634-GFP,1,1,0.319
15,pSEVA634-GFP,0,1,0.302
15,pSEVA634-GFP,0.01,1,0.315
15,pSEVA634-GFP,0.05,1,0.317
15,pSEVA634-GFP,0.1,1,0.32
15,pSEVA634-GFP,0.2,1,0.346
15,pSEVA634-GFP,0.5,1,0.324
15,pSEVA634-GFP,1,1,0.326
15.5,pSEVA634-GFP,0,1,0.313
15.5,pSEVA634-GFP,0.01,1,0.325
15.5,pSEVA634-GFP,0.05,1,0.329
15.5,pSEVA634-GFP,0.1,1,0.337
15.5,pSEVA634-GFP,0.2,1,0.355
15.5,pSEVA634-GFP,0.5,1,0.339
15.5,pSEVA634-GFP,1,1,0.343
16,pSEVA634-GFP,0,1,0.325
16,pSEVA634-GFP,0.01,1,0.323
16,pSEVA634-GFP,0.05,1,0.327
16,pSEVA634-GFP,0.1,1,0.344
16,pSEVA634-GFP,0.2,1,0.362
16,pSEVA634-GFP,0.5,1,0.348
16,pSEVA634-GFP,1,1,0.35
16.5,pSEVA634-GFP,0,1,0.331
16.5,pSEVA634-GFP,0.01,1,0.334
16.5,pSEVA634-GFP,0.05,1,0.343
16.5,pSEVA634-GFP,0.1,1,0.351
16.5,pSEVA634-GFP,0.2,1,0.377
16.5,pSEVA634-GFP,0.5,1,0.355
16.5,pSEVA634-GFP,1,1,0.359
17,pSEVA634-GFP,0,1,0.339
17,pSEVA634-GFP,0.01,1,0.334
17,pSEVA634-GFP,0.05,1,0.341
17,pSEVA634-GFP,0.1,1,0.353
17,pSEVA634-GFP,0.2,1,0.387
17,pSEVA634-GFP,0.5,1,0.355
17,pSEVA634-GFP,1,1,0.36
17.5,pSEVA634-GFP,0,1,0.337
17.5,pSEVA634-GFP,0.01,1,0.335
17.5,pSEVA634-GFP,0.05,1,0.342
17.5,pSEVA634-GFP,0.1,1,0.353
17.5,pSEVA634-GFP,0.2,1,0.39
17.5,pSEVA634-GFP,0.5,1,0.356
17.5,pSEVA634-GFP,1,1,0.359
18,pSEVA634-GFP,0,1,0.334
18,pSEVA634-GFP,0.01,1,0.331
18,pSEVA634-GFP,0.05,1,0.338
18,pSEVA634-GFP,0.1,1,0.348
18,pSEVA634-GFP,0.2,1,0.389
18,pSEVA634-GFP,0.5,1,0.355
18,pSEVA634-GFP,1,1,0.357
18.5,pSEVA634-GFP,0,1,0.332
18.5,pSEVA634-GFP,0.01,1,0.333
18.5,pSEVA634-GFP,0.05,1,0.341
18.5,pSEVA634-GFP,0.1,1,0.35
18.5,pSEVA634-GFP,0.2,1,0.398
18.5,pSEVA634-GFP,0.5,1,0.358
18.5,pSEVA634-GFP,1,1,0.36
19,pSEVA634-GFP,0,1,0.336
19,pSEVA634-GFP,0.01,1,0.334
19,pSEVA634-GFP,0.05,1,0.341
19,pSEVA634-GFP,0.1,1,0.35
19,pSEVA634-GFP,0.2,1,0.406
19,pSEVA634-GFP,0.5,1,0.358
19,pSEVA634-GFP,1,1,0.36
19.5,pSEVA634-GFP,0,1,0.338
19.5,pSEVA634-GFP,0.01,1,0.334
19.5,pSEVA634-GFP,0.05,1,0.342
19.5,pSEVA634-GFP,0.1,1,0.352
19.5,pSEVA634-GFP,0.2,1,0.412
19.5,pSEVA634-GFP,0.5,1,0.358
19.5,pSEVA634-GFP,1,1,0.361
20,pSEVA634-GFP,0,1,0.34
20,pSEVA634-GFP,0.01,1,0.336
20,pSEVA634-GFP,0.05,1,0.343
20,pSEVA634-GFP,0.1,1,0.351
20,pSEVA634-GFP,0.2,1,0.419
20,pSEVA634-GFP,0.5,1,0.359
20,pSEVA634-GFP,1,1,0.362
20.5,pSEVA634-GFP,0,1,0.337
20.5,pSEVA634-GFP,0.01,1,0.338
20.5,pSEVA634-GFP,0.05,1,0.345
20.5,pSEVA634-GFP,0.1,1,0.352
20.5,pSEVA634-GFP,0.2,1,0.426
20.5,pSEVA634-GFP,0.5,1,0.36
20.5,pSEVA634-GFP,1,1,0.36
21,pSEVA634-GFP,0,1,0.337
21,pSEVA634-GFP,0.01,1,0.339
21,pSEVA634-GFP,0.05,1,0.346
21,pSEVA634-GFP,0.1,1,0.353
21,pSEVA634-GFP,0.2,1,0.431
21,pSEVA634-GFP,0.5,1,0.358
21,pSEVA634-GFP,1,1,0.361
21.5,pSEVA634-GFP,0,1,0.338
21.5,pSEVA634-GFP,0.01,1,0.341
21.5,pSEVA634-GFP,0.05,1,0.347
21.5,pSEVA634-GFP,0.1,1,0.354
21.5,pSEVA634-GFP,0.2,1,0.436
21.5,pSEVA634-GFP,0.5,1,0.361
21.5,pSEVA634-GFP,1,1,0.366
22,pSEVA634-GFP,0,1,0.339
22,pSEVA634-GFP,0.01,1,0.342
22,pSEVA634-GFP,0.05,1,0.35
22,pSEVA634-GFP,0.1,1,0.356
22,pSEVA634-GFP,0.2,1,0.442
22,pSEVA634-GFP,0.5,1,0.361
22,pSEVA634-GFP,1,1,0.359
22.5,pSEVA634-GFP,0,1,0.34
22.5,pSEVA634-GFP,0.01,1,0.344
22.5,pSEVA634-GFP,0.05,1,0.348
22.5,pSEVA634-GFP,0.1,1,0.356
22.5,pSEVA634-GFP,0.2,1,0.448
22.5,pSEVA634-GFP,0.5,1,0.359
22.5,pSEVA634-GFP,1,1,0.361
23,pSEVA634-GFP,0,1,0.341
23,pSEVA634-GFP,0.01,1,0.344
23,pSEVA634-GFP,0.05,1,0.349
23,pSEVA634-GFP,0.1,1,0.361
23,pSEVA634-GFP,0.2,1,0.452
23,pSEVA634-GFP,0.5,1,0.36
23,pSEVA634-GFP,1,1,0.361
23.5,pSEVA634-GFP,0,1,0.342
23.5,pSEVA634-GFP,0.01,1,0.346
23.5,pSEVA634-GFP,0.05,1,0.351
23.5,pSEVA634-GFP,0.1,1,0.361
23.5,pSEVA634-GFP,0.2,1,0.456
23.5,pSEVA634-GFP,0.5,1,0.361
23.5,pSEVA634-GFP,1,1,0.363
24,pSEVA634-GFP,0,1,0.344
24,pSEVA634-GFP,0.01,1,0.347
24,pSEVA634-GFP,0.05,1,0.354
24,pSEVA634-GFP,0.1,1,0.362
24,pSEVA634-GFP,0.2,1,0.461
24,pSEVA634-GFP,0.5,1,0.362
24,pSEVA634-GFP,1,1,0.364
24.5,pSEVA634-GFP,0,1,0.346
24.5,pSEVA634-GFP,0.01,1,0.352
24.5,pSEVA634-GFP,0.05,1,0.356
24.5,pSEVA634-GFP,0.1,1,0.364
24.5,pSEVA634-GFP,0.2,1,0.467
24.5,pSEVA634-GFP,0.5,1,0.365
24.5,pSEVA634-GFP,1,1,0.365
25,pSEVA634-GFP,0,1,0.348
25,pSEVA634-GFP,0.01,1,0.353
25,pSEVA634-GFP,0.05,1,0.357
25,pSEVA634-GFP,0.1,1,0.365
25,pSEVA634-GFP,0.2,1,0.471
25,pSEVA634-GFP,0.5,1,0.366
25,pSEVA634-GFP,1,1,0.367
25.5,pSEVA634-GFP,0,1,0.348
25.5,pSEVA634-GFP,0.01,1,0.352
25.5,pSEVA634-GFP,0.05,1,0.359
25.5,pSEVA634-GFP,0.1,1,0.366
25.5,pSEVA634-GFP,0.2,1,0.469
25.5,pSEVA634-GFP,0.5,1,0.365
25.5,pSEVA634-GFP,1,1,0.367
26,pSEVA634-GFP,0,1,0.348
26,pSEVA634-GFP,0.01,1,0.353
26,pSEVA634-GFP,0.05,1,0.357
26,pSEVA634-GFP,0.1,1,0.367
26,pSEVA634-GFP,0.2,1,0.468
26,pSEVA634-GFP,0.5,1,0.367
26,pSEVA634-GFP,1,1,0.368
26.5,pSEVA634-GFP,0,1,0.348
26.5,pSEVA634-GFP,0.01,1,0.353
26.5,pSEVA634-GFP,0.05,1,0.357
26.5,pSEVA634-GFP,0.1,1,0.367
26.5,pSEVA634-GFP,0.2,1,0.468
26.5,pSEVA634-GFP,0.5,1,0.368
26.5,pSEVA634-GFP,1,1,0.368
27,pSEVA634-GFP,0,1,0.348
27,pSEVA634-GFP,0.01,1,0.357
27,pSEVA634-GFP,0.05,1,0.359
27,pSEVA634-GFP,0.1,1,0.37
27,pSEVA634-GFP,0.2,1,0.471
27,pSEVA634-GFP,0.5,1,0.368
27,pSEVA634-GFP,1,1,0.37
27.5,pSEVA634-GFP,0,1,0.349
27.5,pSEVA634-GFP,0.01,1,0.356
27.5,pSEVA634-GFP,0.05,1,0.36
27.5,pSEVA634-GFP,0.1,1,0.369
27.5,pSEVA634-GFP,0.2,1,0.471
27.5,pSEVA634-GFP,0.5,1,0.369
27.5,pSEVA634-GFP,1,1,0.37
28,pSEVA634-GFP,0,1,0.35
28,pSEVA634-GFP,0.01,1,0.359
28,pSEVA634-GFP,0.05,1,0.362
28,pSEVA634-GFP,0.1,1,0.37
28,pSEVA634-GFP,0.2,1,0.471
28,pSEVA634-GFP,0.5,1,0.37
28,pSEVA634-GFP,1,1,0.371
28.5,pSEVA634-GFP,0,1,0.35
28.5,pSEVA634-GFP,0.01,1,0.36
28.5,pSEVA634-GFP,0.05,1,0.363
28.5,pSEVA634-GFP,0.1,1,0.372
28.5,pSEVA634-GFP,0.2,1,0.475
28.5,pSEVA634-GFP,0.5,1,0.371
28.5,pSEVA634-GFP,1,1,0.372
29,pSEVA634-GFP,0,1,0.351
29,pSEVA634-GFP,0.01,1,0.36
29,pSEVA634-GFP,0.05,1,0.364
29,pSEVA634-GFP,0.1,1,0.371
29,pSEVA634-GFP,0.2,1,0.472
29,pSEVA634-GFP,0.5,1,0.372
29,pSEVA634-GFP,1,1,0.373
29.5,pSEVA634-GFP,0,1,0.35
29.5,pSEVA634-GFP,0.01,1,0.363
29.5,pSEVA634-GFP,0.05,1,0.365
29.5,pSEVA634-GFP,0.1,1,0.373
29.5,pSEVA634-GFP,0.2,1,0.471
29.5,pSEVA634-GFP,0.5,1,0.373
29.5,pSEVA634-GFP,1,1,0.374
30,pSEVA634-GFP,0,1,0.35
30,pSEVA634-GFP,0.01,1,0.357
30,pSEVA634-GFP,0.05,1,0.366
30,pSEVA634-GFP,0.1,1,0.375
30,pSEVA634-GFP,0.2,1,0.471
30,pSEVA634-GFP,0.5,1,0.374
30,pSEVA634-GFP,1,1,0.375
30.5,pSEVA634-GFP,0,1,0.351
30.5,pSEVA634-GFP,0.01,1,0.359
30.5,pSEVA634-GFP,0.05,1,0.367
30.5,pSEVA634-GFP,0.1,1,0.376
30.5,pSEVA634-GFP,0.2,1,0.472
30.5,pSEVA634-GFP,0.5,1,0.375
30.5,pSEVA634-GFP,1,1,0.375
31,pSEVA634-GFP,0,1,0.351
31,pSEVA634-GFP,0.01,1,0.361
31,pSEVA634-GFP,0.05,1,0.368
31,pSEVA634-GFP,0.1,1,0.378
31,pSEVA634-GFP,0.2,1,0.471
31,pSEVA634-GFP,0.5,1,0.375
31,pSEVA634-GFP,1,1,0.377
31.5,pSEVA634-GFP,0,1,0.351
31.5,pSEVA634-GFP,0.01,1,0.36
31.5,pSEVA634-GFP,0.05,1,0.368
31.5,pSEVA634-GFP,0.1,1,0.376
31.5,pSEVA634-GFP,0.2,1,0.471
31.5,pSEVA634-GFP,0.5,1,0.374
31.5,pSEVA634-GFP,1,1,0.377
32,pSEVA634-GFP,0,1,0.351
32,pSEVA634-GFP,0.01,1,0.364
32,pSEVA634-GFP,0.05,1,0.366
32,pSEVA634-GFP,0.1,1,0.375
32,pSEVA634-GFP,0.2,1,0.47
32,pSEVA634-GFP,0.5,1,0.373
32,pSEVA634-GFP,1,1,0.376
32.5,pSEVA634-GFP,0,1,0.35
32.5,pSEVA634-GFP,0.01,1,0.36
32.5,pSEVA634-GFP,0.05,1,0.364
32.5,pSEVA634-GFP,0.1,1,0.374
32.5,pSEVA634-GFP,0.2,1,0.47
32.5,pSEVA634-GFP,0.5,1,0.372
32.5,pSEVA634-GFP,1,1,0.374
33,pSEVA634-GFP,0,1,0.35
33,pSEVA634-GFP,0.01,1,0.356
33,pSEVA634-GFP,0.05,1,0.363
33,pSEVA634-GFP,0.1,1,0.373
33,pSEVA634-GFP,0.2,1,0.47
33,pSEVA634-GFP,0.5,1,0.371
33,pSEVA634-GFP,1,1,0.376
33.5,pSEVA634-GFP,0,1,0.349
33.5,pSEVA634-GFP,0.01,1,0.355
33.5,pSEVA634-GFP,0.05,1,0.362
33.5,pSEVA634-GFP,0.1,1,0.372
33.5,pSEVA634-GFP,0.2,1,0.469
33.5,pSEVA634-GFP,0.5,1,0.37
33.5,pSEVA634-GFP,1,1,0.373
34,pSEVA634-GFP,0,1,0.342
34,pSEVA634-GFP,0.01,1,0.354
34,pSEVA634-GFP,0.05,1,0.362
34,pSEVA634-GFP,0.1,1,0.372
34,pSEVA634-GFP,0.2,1,0.468
34,pSEVA634-GFP,0.5,1,0.37
34,pSEVA634-GFP,1,1,0.372
34.5,pSEVA634-GFP,0,1,0.341
34.5,pSEVA634-GFP,0.01,1,0.352
34.5,pSEVA634-GFP,0.05,1,0.362
34.5,pSEVA634-GFP,0.1,1,0.372
34.5,pSEVA634-GFP,0.2,1,0.469
34.5,pSEVA634-GFP,0.5,1,0.37
34.5,pSEVA634-GFP,1,1,0.372
35,pSEVA634-GFP,0,1,0.339
35,pSEVA634-GFP,0.01,1,0.351
35,pSEVA634-GFP,0.05,1,0.361
35,pSEVA634-GFP,0.1,1,0.372
35,pSEVA634-GFP,0.2,1,0.468
35,pSEVA634-GFP,0.5,1,0.369
35,pSEVA634-GFP,1,1,0.372
35.5,pSEVA634-GFP,0,1,0.337
35.5,pSEVA634-GFP,0.01,1,0.351
35.5,pSEVA634-GFP,0.05,1,0.36
35.5,pSEVA634-GFP,0.1,1,0.372
35.5,pSEVA634-GFP,0.2,1,0.468
35.5,pSEVA634-GFP,0.5,1,0.369
35.5,pSEVA634-GFP,1,1,0.372
36,pSEVA634-GFP,0,1,0.336
36,pSEVA634-GFP,0.01,1,0.35
36,pSEVA634-GFP,0.05,1,0.36
36,pSEVA634-GFP,0.1,1,0.372
36,pSEVA634-GFP,0.2,1,0.468
36,pSEVA634-GFP,0.5,1,0.37
36,pSEVA634-GFP,1,1,0.372
36.5,pSEVA634-GFP,0,1,0.334
36.5,pSEVA634-GFP,0.01,1,0.35
36.5,pSEVA634-GFP,0.05,1,0.361
36.5,pSEVA634-GFP,0.1,1,0.373
36.5,pSEVA634-GFP,0.2,1,0.468
36.5,pSEVA634-GFP,0.5,1,0.369
36.5,pSEVA634-GFP,1,1,0.371
37,pSEVA634-GFP,0,1,0.333
37,pSEVA634-GFP,0.01,1,0.349
37,pSEVA634-GFP,0.05,1,0.361
37,pSEVA634-GFP,0.1,1,0.373
37,pSEVA634-GFP,0.2,1,0.468
37,pSEVA634-GFP,0.5,1,0.369
37,pSEVA634-GFP,1,1,0.372
37.5,pSEVA634-GFP,0,1,0.331
37.5,pSEVA634-GFP,0.01,1,0.349
37.5,pSEVA634-GFP,0.05,1,0.36
37.5,pSEVA634-GFP,0.1,1,0.374
37.5,pSEVA634-GFP,0.2,1,0.467
37.5,pSEVA634-GFP,0.5,1,0.369
37.5,pSEVA634-GFP,1,1,0.372
38,pSEVA634-GFP,0,1,0.33
38,pSEVA634-GFP,0.01,1,0.349
38,pSEVA634-GFP,0.05,1,0.359
38,pSEVA634-GFP,0.1,1,0.373
38,pSEVA634-GFP,0.2,1,0.467
38,pSEVA634-GFP,0.5,1,0.368
38,pSEVA634-GFP,1,1,0.372
38.5,pSEVA634-GFP,0,1,0.329
38.5,pSEVA634-GFP,0.01,1,0.351
38.5,pSEVA634-GFP,0.05,1,0.359
38.5,pSEVA634-GFP,0.1,1,0.374
38.5,pSEVA634-GFP,0.2,1,0.466
38.5,pSEVA634-GFP,0.5,1,0.369
38.5,pSEVA634-GFP,1,1,0.371
39,pSEVA634-GFP,0,1,0.328
39,pSEVA634-GFP,0.01,1,0.35
39,pSEVA634-GFP,0.05,1,0.359
39,pSEVA634-GFP,0.1,1,0.374
39,pSEVA634-GFP,0.2,1,0.465
39,pSEVA634-GFP,0.5,1,0.369
39,pSEVA634-GFP,1,1,0.371
39.5,pSEVA634-GFP,0,1,0.327
39.5,pSEVA634-GFP,0.01,1,0.35
39.5,pSEVA634-GFP,0.05,1,0.359
39.5,pSEVA634-GFP,0.1,1,0.375
39.5,pSEVA634-GFP,0.2,1,0.466
39.5,pSEVA634-GFP,0.5,1,0.369
39.5,pSEVA634-GFP,1,1,0.371
40,pSEVA634-GFP,0,1,0.326
40,pSEVA634-GFP,0.01,1,0.35
40,pSEVA634-GFP,0.05,1,0.359
40,pSEVA634-GFP,0.1,1,0.375
40,pSEVA634-GFP,0.2,1,0.465
40,pSEVA634-GFP,0.5,1,0.369
40,pSEVA634-GFP,1,1,0.37
40.5,pSEVA634-GFP,0,1,0.325
40.5,pSEVA634-GFP,0.01,1,0.35
40.5,pSEVA634-GFP,0.05,1,0.359
40.5,pSEVA634-GFP,0.1,1,0.375
40.5,pSEVA634-GFP,0.2,1,0.464
40.5,pSEVA634-GFP,0.5,1,0.369
40.5,pSEVA634-GFP,1,1,0.372
41,pSEVA634-GFP,0,1,0.324
41,pSEVA634-GFP,0.01,1,0.35
41,pSEVA634-GFP,0.05,1,0.359
41,pSEVA634-GFP,0.1,1,0.375
41,pSEVA634-GFP,0.2,1,0.464
41,pSEVA634-GFP,0.5,1,0.37
41,pSEVA634-GFP,1,1,0.371
41.5,pSEVA634-GFP,0,1,0.323
41.5,pSEVA634-GFP,0.01,1,0.349
41.5,pSEVA634-GFP,0.05,1,0.359
41.5,pSEVA634-GFP,0.1,1,0.376
41.5,pSEVA634-GFP,0.2,1,0.463
41.5,pSEVA634-GFP,0.5,1,0.37
41.5,pSEVA634-GFP,1,1,0.371
42,pSEVA634-GFP,0,1,0.322
42,pSEVA634-GFP,0.01,1,0.348
42,pSEVA634-GFP,0.05,1,0.359
42,pSEVA634-GFP,0.1,1,0.375
42,pSEVA634-GFP,0.2,1,0.463
42,pSEVA634-GFP,0.5,1,0.37
42,pSEVA634-GFP,1,1,0.372
0,pSEVA634r-GFP,0,1,0.118
0,pSEVA634r-GFP,0.01,1,0.118
0,pSEVA634r-GFP,0.05,1,0.112
0,pSEVA634r-GFP,0.1,1,0.116
0,pSEVA634r-GFP,0.2,1,0.114
0,pSEVA634r-GFP,0.5,1,0.117
0,pSEVA634r-GFP,1,1,0.117
0.5,pSEVA634r-GFP,0,1,0.119
0.5,pSEVA634r-GFP,0.01,1,0.118
0.5,pSEVA634r-GFP,0.05,1,0.112
0.5,pSEVA634r-GFP,0.1,1,0.114
0.5,pSEVA634r-GFP,0.2,1,0.113
0.5,pSEVA634r-GFP,0.5,1,0.116
0.5,pSEVA634r-GFP,1,1,0.117
1,pSEVA634r-GFP,0,1,0.118
1,pSEVA634r-GFP,0.01,1,0.116
1,pSEVA634r-GFP,0.05,1,0.111
1,pSEVA634r-GFP,0.1,1,0.115
1,pSEVA634r-GFP,0.2,1,0.113
1,pSEVA634r-GFP,0.5,1,0.116
1,pSEVA634r-GFP,1,1,0.116
1.5,pSEVA634r-GFP,0,1,0.116
1.5,pSEVA634r-GFP,0.01,1,0.116
1.5,pSEVA634r-GFP,0.05,1,0.111
1.5,pSEVA634r-GFP,0.1,1,0.114
1.5,pSEVA634r-GFP,0.2,1,0.113
1.5,pSEVA634r-GFP,0.5,1,0.116
1.5,pSEVA634r-GFP,1,1,0.116
2,pSEVA634r-GFP,0,1,0.117
2,pSEVA634r-GFP,0.01,1,0.117
2,pSEVA634r-GFP,0.05,1,0.111
2,pSEVA634r-GFP,0.1,1,0.114
2,pSEVA634r-GFP,0.2,1,0.113
2,pSEVA634r-GFP,0.5,1,0.116
2,pSEVA634r-GFP,1,1,0.117
2.5,pSEVA634r-GFP,0,1,0.118
2.5,pSEVA634r-GFP,0.01,1,0.117
2.5,pSEVA634r-GFP,0.05,1,0.111
2.5,pSEVA634r-GFP,0.1,1,0.115
2.5,pSEVA634r-GFP,0.2,1,0.115
2.5,pSEVA634r-GFP,0.5,1,0.117
2.5,pSEVA634r-GFP,1,1,0.117
3,pSEVA634r-GFP,0,1,0.117
3,pSEVA634r-GFP,0.01,1,0.117
3,pSEVA634r-GFP,0.05,1,0.112
3,pSEVA634r-GFP,0.1,1,0.115
3,pSEVA634r-GFP,0.2,1,0.114
3,pSEVA634r-GFP,0.5,1,0.116
3,pSEVA634r-GFP,1,1,0.117
3.5,pSEVA634r-GFP,0,1,0.117
3.5,pSEVA634r-GFP,0.01,1,0.117
3.5,pSEVA634r-GFP,0.05,1,0.114
3.5,pSEVA634r-GFP,0.1,1,0.115
3.5,pSEVA634r-GFP,0.2,1,0.115
3.5,pSEVA634r-GFP,0.5,1,0.117
3.5,pSEVA634r-GFP,1,1,0.118
4,pSEVA634r-GFP,0,1,0.118
4,pSEVA634r-GFP,0.01,1,0.118
4,pSEVA634r-GFP,0.05,1,0.113
4,pSEVA634r-GFP,0.1,1,0.117
4,pSEVA634r-GFP,0.2,1,0.117
4,pSEVA634r-GFP,0.5,1,0.118
4,pSEVA634r-GFP,1,1,0.119
4.5,pSEVA634r-GFP,0,1,0.121
4.5,pSEVA634r-GFP,0.01,1,0.12
4.5,pSEVA634r-GFP,0.05,1,0.116
4.5,pSEVA634r-GFP,0.1,1,0.119
4.5,pSEVA634r-GFP,0.2,1,0.119
4.5,pSEVA634r-GFP,0.5,1,0.12
4.5,pSEVA634r-GFP,1,1,0.121
5,pSEVA634r-GFP,0,1,0.122
5,pSEVA634r-GFP,0.01,1,0.122
5,pSEVA634r-GFP,0.05,1,0.117
5,pSEVA634r-GFP,0.1,1,0.121
5,pSEVA634r-GFP,0.2,1,0.12
5,pSEVA634r-GFP,0.5,1,0.122
5,pSEVA634r-GFP,1,1,0.123
5.5,pSEVA634r-GFP,0,1,0.124
5.5,pSEVA634r-GFP,0.01,1,0.123
5.5,pSEVA634r-GFP,0.05,1,0.118
5.5,pSEVA634r-GFP,0.1,1,0.122
5.5,pSEVA634r-GFP,0.2,1,0.122
5.5,pSEVA634r-GFP,0.5,1,0.123
5.5,pSEVA634r-GFP,1,1,0.124
6,pSEVA634r-GFP,0,1,0.125
6,pSEVA634r-GFP,0.01,1,0.125
6,pSEVA634r-GFP,0.05,1,0.12
6,pSEVA634r-GFP,0.1,1,0.124
6,pSEVA634r-GFP,0.2,1,0.124
6,pSEVA634r-GFP,0.5,1,0.125
6,pSEVA634r-GFP,1,1,0.126
6.5,pSEVA634r-GFP,0,1,0.128
6.5,pSEVA634r-GFP,0.01,1,0.127
6.5,pSEVA634r-GFP,0.05,1,0.121
6.5,pSEVA634r-GFP,0.1,1,0.125
6.5,pSEVA634r-GFP,0.2,1,0.125
6.5,pSEVA634r-GFP,0.5,1,0.126
6.5,pSEVA634r-GFP,1,1,0.127
7,pSEVA634r-GFP,0,1,0.131
7,pSEVA634r-GFP,0.01,1,0.129
7,pSEVA634r-GFP,0.05,1,0.122
7,pSEVA634r-GFP,0.1,1,0.127
7,pSEVA634r-GFP,0.2,1,0.125
7,pSEVA634r-GFP,0.5,1,0.127
7,pSEVA634r-GFP,1,1,0.129
7.5,pSEVA634r-GFP,0,1,0.133
7.5,pSEVA634r-GFP,0.01,1,0.131
7.5,pSEVA634r-GFP,0.05,1,0.124
7.5,pSEVA634r-GFP,0.1,1,0.128
7.5,pSEVA634r-GFP,0.2,1,0.127
7.5,pSEVA634r-GFP,0.5,1,0.129
7.5,pSEVA634r-GFP,1,1,0.13
8,pSEVA634r-GFP,0,1,0.134
8,pSEVA634r-GFP,0.01,1,0.133
8,pSEVA634r-GFP,0.05,1,0.125
8,pSEVA634r-GFP,0.1,1,0.13
8,pSEVA634r-GFP,0.2,1,0.129
8,pSEVA634r-GFP,0.5,1,0.131
8,pSEVA634r-GFP,1,1,0.133
8.5,pSEVA634r-GFP,0,1,0.137
8.5,pSEVA634r-GFP,0.01,1,0.136
8.5,pSEVA634r-GFP,0.05,1,0.127
8.5,pSEVA634r-GFP,0.1,1,0.132
8.5,pSEVA634r-GFP,0.2,1,0.131
8.5,pSEVA634r-GFP,0.5,1,0.133
8.5,pSEVA634r-GFP,1,1,0.134
9,pSEVA634r-GFP,0,1,0.139
9,pSEVA634r-GFP,0.01,1,0.139
9,pSEVA634r-GFP,0.05,1,0.129
9,pSEVA634r-GFP,0.1,1,0.135
9,pSEVA634r-GFP,0.2,1,0.133
9,pSEVA634r-GFP,0.5,1,0.135
9,pSEVA634r-GFP,1,1,0.136
9.5,pSEVA634r-GFP,0,1,0.142
9.5,pSEVA634r-GFP,0.01,1,0.141
9.5,pSEVA634r-GFP,0.05,1,0.131
9.5,pSEVA634r-GFP,0.1,1,0.137
9.5,pSEVA634r-GFP,0.2,1,0.135
9.5,pSEVA634r-GFP,0.5,1,0.137
9.5,pSEVA634r-GFP,1,1,0.138
10,pSEVA634r-GFP,0,1,0.145
10,pSEVA634r-GFP,0.01,1,0.144
10,pSEVA634r-GFP,0.05,1,0.133
10,pSEVA634r-GFP,0.1,1,0.14
10,pSEVA634r-GFP,0.2,1,0.137
10,pSEVA634r-GFP,0.5,1,0.139
10,pSEVA634r-GFP,1,1,0.141
10.5,pSEVA634r-GFP,0,1,0.148
10.5,pSEVA634r-GFP,0.01,1,0.147
10.5,pSEVA634r-GFP,0.05,1,0.137
10.5,pSEVA634r-GFP,0.1,1,0.142
10.5,pSEVA634r-GFP,0.2,1,0.141
10.5,pSEVA634r-GFP,0.5,1,0.142
10.5,pSEVA634r-GFP,1,1,0.143
11,pSEVA634r-GFP,0,1,0.151
11,pSEVA634r-GFP,0.01,1,0.152
11,pSEVA634r-GFP,0.05,1,0.141
11,pSEVA634r-GFP,0.1,1,0.146
11,pSEVA634r-GFP,0.2,1,0.144
11,pSEVA634r-GFP,0.5,1,0.145
11,pSEVA634r-GFP,1,1,0.149
11.5,pSEVA634r-GFP,0,1,0.156
11.5,pSEVA634r-GFP,0.01,1,0.155
11.5,pSEVA634r-GFP,0.05,1,0.143
11.5,pSEVA634r-GFP,0.1,1,0.15
11.5,pSEVA634r-GFP,0.2,1,0.148
11.5,pSEVA634r-GFP,0.5,1,0.15
11.5,pSEVA634r-GFP,1,1,0.151
12,pSEVA634r-GFP,0,1,0.159
12,pSEVA634r-GFP,0.01,1,0.159
12,pSEVA634r-GFP,0.05,1,0.147
12,pSEVA634r-GFP,0.1,1,0.155
12,pSEVA634r-GFP,0.2,1,0.153
12,pSEVA634r-GFP,0.5,1,0.155
12,pSEVA634r-GFP,1,1,0.156
12.5,pSEVA634r-GFP,0,1,0.165
12.5,pSEVA634r-GFP,0.01,1,0.165
12.5,pSEVA634r-GFP,0.05,1,0.151
12.5,pSEVA634r-GFP,0.1,1,0.159
12.5,pSEVA634r-GFP,0.2,1,0.157
12.5,pSEVA634r-GFP,0.5,1,0.159
12.5,pSEVA634r-GFP,1,1,0.159
13,pSEVA634r-GFP,0,1,0.17
13,pSEVA634r-GFP,0.01,1,0.172
13,pSEVA634r-GFP,0.05,1,0.157
13,pSEVA634r-GFP,0.1,1,0.166
13,pSEVA634r-GFP,0.2,1,0.164
13,pSEVA634r-GFP,0.5,1,0.165
13,pSEVA634r-GFP,1,1,0.166
13.5,pSEVA634r-GFP,0,1,0.177
13.5,pSEVA634r-GFP,0.01,1,0.179
13.5,pSEVA634r-GFP,0.05,1,0.163
13.5,pSEVA634r-GFP,0.1,1,0.173
13.5,pSEVA634r-GFP,0.2,1,0.172
13.5,pSEVA634r-GFP,0.5,1,0.172
13.5,pSEVA634r-GFP,1,1,0.174
14,pSEVA634r-GFP,0,1,0.184
14,pSEVA634r-GFP,0.01,1,0.185
14,pSEVA634r-GFP,0.05,1,0.168
14,pSEVA634r-GFP,0.1,1,0.182
14,pSEVA634r-GFP,0.2,1,0.18
14,pSEVA634r-GFP,0.5,1,0.181
14,pSEVA634r-GFP,1,1,0.182
14.5,pSEVA634r-GFP,0,1,0.193
14.5,pSEVA634r-GFP,0.01,1,0.196
14.5,pSEVA634r-GFP,0.05,1,0.179
14.5,pSEVA634r-GFP,0.1,1,0.191
14.5,pSEVA634r-GFP,0.2,1,0.188
14.5,pSEVA634r-GFP,0.5,1,0.189
14.5,pSEVA634r-GFP,1,1,0.19
15,pSEVA634r-GFP,0,1,0.204
15,pSEVA634r-GFP,0.01,1,0.207
15,pSEVA634r-GFP,0.05,1,0.19
15,pSEVA634r-GFP,0.1,1,0.204
15,pSEVA634r-GFP,0.2,1,0.201
15,pSEVA634r-GFP,0.5,1,0.202
15,pSEVA634r-GFP,1,1,0.203
15.5,pSEVA634r-GFP,0,1,0.215
15.5,pSEVA634r-GFP,0.01,1,0.22
15.5,pSEVA634r-GFP,0.05,1,0.2
15.5,pSEVA634r-GFP,0.1,1,0.217
15.5,pSEVA634r-GFP,0.2,1,0.215
15.5,pSEVA634r-GFP,0.5,1,0.216
15.5,pSEVA634r-GFP,1,1,0.217
16,pSEVA634r-GFP,0,1,0.226
16,pSEVA634r-GFP,0.01,1,0.231
16,pSEVA634r-GFP,0.05,1,0.21
16,pSEVA634r-GFP,0.1,1,0.23
16,pSEVA634r-GFP,0.2,1,0.228
16,pSEVA634r-GFP,0.5,1,0.229
16,pSEVA634r-GFP,1,1,0.231
16.5,pSEVA634r-GFP,0,1,0.237
16.5,pSEVA634r-GFP,0.01,1,0.247
16.5,pSEVA634r-GFP,0.05,1,0.223
16.5,pSEVA634r-GFP,0.1,1,0.246
16.5,pSEVA634r-GFP,0.2,1,0.244
16.5,pSEVA634r-GFP,0.5,1,0.245
16.5,pSEVA634r-GFP,1,1,0.246
17,pSEVA634r-GFP,0,1,0.247
17,pSEVA634r-GFP,0.01,1,0.26
17,pSEVA634r-GFP,0.05,1,0.228
17,pSEVA634r-GFP,0.1,1,0.255
17,pSEVA634r-GFP,0.2,1,0.254
17,pSEVA634r-GFP,0.5,1,0.255
17,pSEVA634r-GFP,1,1,0.257
17.5,pSEVA634r-GFP,0,1,0.252
17.5,pSEVA634r-GFP,0.01,1,0.262
17.5,pSEVA634r-GFP,0.05,1,0.235
17.5,pSEVA634r-GFP,0.1,1,0.261
17.5,pSEVA634r-GFP,0.2,1,0.261
17.5,pSEVA634r-GFP,0.5,1,0.264
17.5,pSEVA634r-GFP,1,1,0.27
18,pSEVA634r-GFP,0,1,0.257
18,pSEVA634r-GFP,0.01,1,0.262
18,pSEVA634r-GFP,0.05,1,0.236
18,pSEVA634r-GFP,0.1,1,0.263
18,pSEVA634r-GFP,0.2,1,0.263
18,pSEVA634r-GFP,0.5,1,0.269
18,pSEVA634r-GFP,1,1,0.267
18.5,pSEVA634r-GFP,0,1,0.26
18.5,pSEVA634r-GFP,0.01,1,0.266
18.5,pSEVA634r-GFP,0.05,1,0.243
18.5,pSEVA634r-GFP,0.1,1,0.269
18.5,pSEVA634r-GFP,0.2,1,0.27
18.5,pSEVA634r-GFP,0.5,1,0.273
18.5,pSEVA634r-GFP,1,1,0.274
19,pSEVA634r-GFP,0,1,0.262
19,pSEVA634r-GFP,0.01,1,0.269
19,pSEVA634r-GFP,0.05,1,0.246
19,pSEVA634r-GFP,0.1,1,0.272
19,pSEVA634r-GFP,0.2,1,0.272
19,pSEVA634r-GFP,0.5,1,0.276
19,pSEVA634r-GFP,1,1,0.278
19.5,pSEVA634r-GFP,0,1,0.267
19.5,pSEVA634r-GFP,0.01,1,0.273
19.5,pSEVA634r-GFP,0.05,1,0.248
19.5,pSEVA634r-GFP,0.1,1,0.276
19.5,pSEVA634r-GFP,0.2,1,0.276
19.5,pSEVA634r-GFP,0.5,1,0.281
19.5,pSEVA634r-GFP,1,1,0.281
20,pSEVA634r-GFP,0,1,0.271
20,pSEVA634r-GFP,0.01,1,0.278
20,pSEVA634r-GFP,0.05,1,0.252
20,pSEVA634r-GFP,0.1,1,0.281
20,pSEVA634r-GFP,0.2,1,0.282
20,pSEVA634r-GFP,0.5,1,0.285
20,pSEVA634r-GFP,1,1,0.287
20.5,pSEVA634r-GFP,0,1,0.277
20.5,pSEVA634r-GFP,0.01,1,0.283
20.5,pSEVA634r-GFP,0.05,1,0.254
20.5,pSEVA634r-GFP,0.1,1,0.285
20.5,pSEVA634r-GFP,0.2,1,0.286
20.5,pSEVA634r-GFP,0.5,1,0.29
20.5,pSEVA634r-GFP,1,1,0.291
21,pSEVA634r-GFP,0,1,0.279
21,pSEVA634r-GFP,0.01,1,0.287
21,pSEVA634r-GFP,0.05,1,0.257
21,pSEVA634r-GFP,0.1,1,0.289
21,pSEVA634r-GFP,0.2,1,0.292
21,pSEVA634r-GFP,0.5,1,0.295
21,pSEVA634r-GFP,1,1,0.295
21.5,pSEVA634r-GFP,0,1,0.282
21.5,pSEVA634r-GFP,0.01,1,0.29
21.5,pSEVA634r-GFP,0.05,1,0.261
21.5,pSEVA634r-GFP,0.1,1,0.293
21.5,pSEVA634r-GFP,0.2,1,0.295
21.5,pSEVA634r-GFP,0.5,1,0.3
21.5,pSEVA634r-GFP,1,1,0.3
22,pSEVA634r-GFP,0,1,0.288
22,pSEVA634r-GFP,0.01,1,0.295
22,pSEVA634r-GFP,0.05,1,0.264
22,pSEVA634r-GFP,0.1,1,0.298
22,pSEVA634r-GFP,0.2,1,0.3
22,pSEVA634r-GFP,0.5,1,0.303
22,pSEVA634r-GFP,1,1,0.306
22.5,pSEVA634r-GFP,0,1,0.291
22.5,pSEVA634r-GFP,0.01,1,0.301
22.5,pSEVA634r-GFP,0.05,1,0.27
22.5,pSEVA634r-GFP,0.1,1,0.305
22.5,pSEVA634r-GFP,0.2,1,0.306
22.5,pSEVA634r-GFP,0.5,1,0.309
22.5,pSEVA634r-GFP,1,1,0.313
23,pSEVA634r-GFP,0,1,0.296
23,pSEVA634r-GFP,0.01,1,0.3
23,pSEVA634r-GFP,0.05,1,0.27
23,pSEVA634r-GFP,0.1,1,0.306
23,pSEVA634r-GFP,0.2,1,0.308
23,pSEVA634r-GFP,0.5,1,0.31
23,pSEVA634r-GFP,1,1,0.314
23.5,pSEVA634r-GFP,0,1,0.295
23.5,pSEVA634r-GFP,0.01,1,0.306
23.5,pSEVA634r-GFP,0.05,1,0.274
23.5,pSEVA634r-GFP,0.1,1,0.309
23.5,pSEVA634r-GFP,0.2,1,0.311
23.5,pSEVA634r-GFP,0.5,1,0.314
23.5,pSEVA634r-GFP,1,1,0.317
24,pSEVA634r-GFP,0,1,0.305
24,pSEVA634r-GFP,0.01,1,0.308
24,pSEVA634r-GFP,0.05,1,0.277
24,pSEVA634r-GFP,0.1,1,0.313
24,pSEVA634r-GFP,0.2,1,0.314
24,pSEVA634r-GFP,0.5,1,0.317
24,pSEVA634r-GFP,1,1,0.32
24.5,pSEVA634r-GFP,0,1,0.304
24.5,pSEVA634r-GFP,0.01,1,0.312
24.5,pSEVA634r-GFP,0.05,1,0.28
24.5,pSEVA634r-GFP,0.1,1,0.317
24.5,pSEVA634r-GFP,0.2,1,0.319
24.5,pSEVA634r-GFP,0.5,1,0.321
24.5,pSEVA634r-GFP,1,1,0.323
25,pSEVA634r-GFP,0,1,0.306
25,pSEVA634r-GFP,0.01,1,0.315
25,pSEVA634r-GFP,0.05,1,0.282
25,pSEVA634r-GFP,0.1,1,0.318
25,pSEVA634r-GFP,0.2,1,0.321
25,pSEVA634r-GFP,0.5,1,0.323
25,pSEVA634r-GFP,1,1,0.325
25.5,pSEVA634r-GFP,0,1,0.309
25.5,pSEVA634r-GFP,0.01,1,0.315
25.5,pSEVA634r-GFP,0.05,1,0.284
25.5,pSEVA634r-GFP,0.1,1,0.32
25.5,pSEVA634r-GFP,0.2,1,0.322
25.5,pSEVA634r-GFP,0.5,1,0.328
25.5,pSEVA634r-GFP,1,1,0.328
26,pSEVA634r-GFP,0,1,0.309
26,pSEVA634r-GFP,0.01,1,0.317
26,pSEVA634r-GFP,0.05,1,0.286
26,pSEVA634r-GFP,0.1,1,0.323
26,pSEVA634r-GFP,0.2,1,0.325
26,pSEVA634r-GFP,0.5,1,0.327
26,pSEVA634r-GFP,1,1,0.329
26.5,pSEVA634r-GFP,0,1,0.313
26.5,pSEVA634r-GFP,0.01,1,0.319
26.5,pSEVA634r-GFP,0.05,1,0.288
26.5,pSEVA634r-GFP,0.1,1,0.325
26.5,pSEVA634r-GFP,0.2,1,0.326
26.5,pSEVA634r-GFP,0.5,1,0.329
26.5,pSEVA634r-GFP,1,1,0.332
27,pSEVA634r-GFP,0,1,0.312
27,pSEVA634r-GFP,0.01,1,0.321
27,pSEVA634r-GFP,0.05,1,0.29
27,pSEVA634r-GFP,0.1,1,0.327
27,pSEVA634r-GFP,0.2,1,0.328
27,pSEVA634r-GFP,0.5,1,0.333
27,pSEVA634r-GFP,1,1,0.334
27.5,pSEVA634r-GFP,0,1,0.315
27.5,pSEVA634r-GFP,0.01,1,0.326
27.5,pSEVA634r-GFP,0.05,1,0.291
27.5,pSEVA634r-GFP,0.1,1,0.329
27.5,pSEVA634r-GFP,0.2,1,0.331
27.5,pSEVA634r-GFP,0.5,1,0.334
27.5,pSEVA634r-GFP,1,1,0.336
28,pSEVA634r-GFP,0,1,0.316
28,pSEVA634r-GFP,0.01,1,0.325
28,pSEVA634r-GFP,0.05,1,0.294
28,pSEVA634r-GFP,0.1,1,0.331
28,pSEVA634r-GFP,0.2,1,0.334
28,pSEVA634r-GFP,0.5,1,0.338
28,pSEVA634r-GFP,1,1,0.337
28.5,pSEVA634r-GFP,0,1,0.318
28.5,pSEVA634r-GFP,0.01,1,0.325
28.5,pSEVA634r-GFP,0.05,1,0.294
28.5,pSEVA634r-GFP,0.1,1,0.332
28.5,pSEVA634r-GFP,0.2,1,0.335
28.5,pSEVA634r-GFP,0.5,1,0.339
28.5,pSEVA634r-GFP,1,1,0.34
29,pSEVA634r-GFP,0,1,0.316
29,pSEVA634r-GFP,0.01,1,0.327
29,pSEVA634r-GFP,0.05,1,0.295
29,pSEVA634r-GFP,0.1,1,0.336
29,pSEVA634r-GFP,0.2,1,0.336
29,pSEVA634r-GFP,0.5,1,0.34
29,pSEVA634r-GFP,1,1,0.341
29.5,pSEVA634r-GFP,0,1,0.319
29.5,pSEVA634r-GFP,0.01,1,0.33
29.5,pSEVA634r-GFP,0.05,1,0.296
29.5,pSEVA634r-GFP,0.1,1,0.336
29.5,pSEVA634r-GFP,0.2,1,0.338
29.5,pSEVA634r-GFP,0.5,1,0.34
29.5,pSEVA634r-GFP,1,1,0.341
30,pSEVA634r-GFP,0,1,0.32
30,pSEVA634r-GFP,0.01,1,0.331
30,pSEVA634r-GFP,0.05,1,0.298
30,pSEVA634r-GFP,0.1,1,0.338
30,pSEVA634r-GFP,0.2,1,0.339
30,pSEVA634r-GFP,0.5,1,0.34
30,pSEVA634r-GFP,1,1,0.342
30.5,pSEVA634r-GFP,0,1,0.321
30.5,pSEVA634r-GFP,0.01,1,0.333
30.5,pSEVA634r-GFP,0.05,1,0.299
30.5,pSEVA634r-GFP,0.1,1,0.337
30.5,pSEVA634r-GFP,0.2,1,0.339
30.5,pSEVA634r-GFP,0.5,1,0.342
30.5,pSEVA634r-GFP,1,1,0.342
31,pSEVA634r-GFP,0,1,0.322
31,pSEVA634r-GFP,0.01,1,0.34
31,pSEVA634r-GFP,0.05,1,0.3
31,pSEVA634r-GFP,0.1,1,0.338
31,pSEVA634r-GFP,0.2,1,0.339
31,pSEVA634r-GFP,0.5,1,0.342
31,pSEVA634r-GFP,1,1,0.342
31.5,pSEVA634r-GFP,0,1,0.324
31.5,pSEVA634r-GFP,0.01,1,0.335
31.5,pSEVA634r-GFP,0.05,1,0.301
31.5,pSEVA634r-GFP,0.1,1,0.339
31.5,pSEVA634r-GFP,0.2,1,0.339
31.5,pSEVA634r-GFP,0.5,1,0.342
31.5,pSEVA634r-GFP,1,1,0.343
32,pSEVA634r-GFP,0,1,0.326
32,pSEVA634r-GFP,0.01,1,0.335
32,pSEVA634r-GFP,0.05,1,0.302
32,pSEVA634r-GFP,0.1,1,0.339
32,pSEVA634r-GFP,0.2,1,0.34
32,pSEVA634r-GFP,0.5,1,0.343
32,pSEVA634r-GFP,1,1,0.348
32.5,pSEVA634r-GFP,0,1,0.327
32.5,pSEVA634r-GFP,0.01,1,0.335
32.5,pSEVA634r-GFP,0.05,1,0.303
32.5,pSEVA634r-GFP,0.1,1,0.34
32.5,pSEVA634r-GFP,0.2,1,0.34
32.5,pSEVA634r-GFP,0.5,1,0.344
32.5,pSEVA634r-GFP,1,1,0.347
33,pSEVA634r-GFP,0,1,0.328
33,pSEVA634r-GFP,0.01,1,0.34
33,pSEVA634r-GFP,0.05,1,0.304
33,pSEVA634r-GFP,0.1,1,0.343
33,pSEVA634r-GFP,0.2,1,0.341
33,pSEVA634r-GFP,0.5,1,0.352
33,pSEVA634r-GFP,1,1,0.346
33.5,pSEVA634r-GFP,0,1,0.329
33.5,pSEVA634r-GFP,0.01,1,0.337
33.5,pSEVA634r-GFP,0.05,1,0.304
33.5,pSEVA634r-GFP,0.1,1,0.34
33.5,pSEVA634r-GFP,0.2,1,0.342
33.5,pSEVA634r-GFP,0.5,1,0.347
33.5,pSEVA634r-GFP,1,1,0.348
34,pSEVA634r-GFP,0,1,0.328
34,pSEVA634r-GFP,0.01,1,0.347
34,pSEVA634r-GFP,0.05,1,0.306
34,pSEVA634r-GFP,0.1,1,0.342
34,pSEVA634r-GFP,0.2,1,0.343
34,pSEVA634r-GFP,0.5,1,0.348
34,pSEVA634r-GFP,1,1,0.348
34.5,pSEVA634r-GFP,0,1,0.329
34.5,pSEVA634r-GFP,0.01,1,0.336
34.5,pSEVA634r-GFP,0.05,1,0.306
34.5,pSEVA634r-GFP,0.1,1,0.344
34.5,pSEVA634r-GFP,0.2,1,0.343
34.5,pSEVA634r-GFP,0.5,1,0.348
34.5,pSEVA634r-GFP,1,1,0.348
35,pSEVA634r-GFP,0,1,0.328
35,pSEVA634r-GFP,0.01,1,0.336
35,pSEVA634r-GFP,0.05,1,0.306
35,pSEVA634r-GFP,0.1,1,0.343
35,pSEVA634r-GFP,0.2,1,0.344
35,pSEVA634r-GFP,0.5,1,0.347
35,pSEVA634r-GFP,1,1,0.347
35.5,pSEVA634r-GFP,0,1,0.328
35.5,pSEVA634r-GFP,0.01,1,0.336
35.5,pSEVA634r-GFP,0.05,1,0.306
35.5,pSEVA634r-GFP,0.1,1,0.343
35.5,pSEVA634r-GFP,0.2,1,0.344
35.5,pSEVA634r-GFP,0.5,1,0.347
35.5,pSEVA634r-GFP,1,1,0.347
36,pSEVA634r-GFP,0,1,0.328
36,pSEVA634r-GFP,0.01,1,0.336
36,pSEVA634r-GFP,0.05,1,0.306
36,pSEVA634r-GFP,0.1,1,0.342
36,pSEVA634r-GFP,0.2,1,0.343
36,pSEVA634r-GFP,0.5,1,0.347
36,pSEVA634r-GFP,1,1,0.348
36.5,pSEVA634r-GFP,0,1,0.326
36.5,pSEVA634r-GFP,0.01,1,0.336
36.5,pSEVA634r-GFP,0.05,1,0.307
36.5,pSEVA634r-GFP,0.1,1,0.342
36.5,pSEVA634r-GFP,0.2,1,0.343
36.5,pSEVA634r-GFP,0.5,1,0.347
36.5,pSEVA634r-GFP,1,1,0.348
37,pSEVA634r-GFP,0,1,0.326
37,pSEVA634r-GFP,0.01,1,0.337
37,pSEVA634r-GFP,0.05,1,0.306
37,pSEVA634r-GFP,0.1,1,0.342
37,pSEVA634r-GFP,0.2,1,0.343
37,pSEVA634r-GFP,0.5,1,0.348
37,pSEVA634r-GFP,1,1,0.348
37.5,pSEVA634r-GFP,0,1,0.326
37.5,pSEVA634r-GFP,0.01,1,0.337
37.5,pSEVA634r-GFP,0.05,1,0.308
37.5,pSEVA634r-GFP,0.1,1,0.342
37.5,pSEVA634r-GFP,0.2,1,0.343
37.5,pSEVA634r-GFP,0.5,1,0.347
37.5,pSEVA634r-GFP,1,1,0.349
38,pSEVA634r-GFP,0,1,0.325
38,pSEVA634r-GFP,0.01,1,0.337
38,pSEVA634r-GFP,0.05,1,0.308
38,pSEVA634r-GFP,0.1,1,0.342
38,pSEVA634r-GFP,0.2,1,0.343
38,pSEVA634r-GFP,0.5,1,0.347
38,pSEVA634r-GFP,1,1,0.354
38.5,pSEVA634r-GFP,0,1,0.326
38.5,pSEVA634r-GFP,0.01,1,0.337
38.5,pSEVA634r-GFP,0.05,1,0.308
38.5,pSEVA634r-GFP,0.1,1,0.342
38.5,pSEVA634r-GFP,0.2,1,0.343
38.5,pSEVA634r-GFP,0.5,1,0.353
38.5,pSEVA634r-GFP,1,1,0.35
39,pSEVA634r-GFP,0,1,0.326
39,pSEVA634r-GFP,0.01,1,0.338
39,pSEVA634r-GFP,0.05,1,0.307
39,pSEVA634r-GFP,0.1,1,0.342
39,pSEVA634r-GFP,0.2,1,0.343
39,pSEVA634r-GFP,0.5,1,0.355
39,pSEVA634r-GFP,1,1,0.346
39.5,pSEVA634r-GFP,0,1,0.326
39.5,pSEVA634r-GFP,0.01,1,0.337
39.5,pSEVA634r-GFP,0.05,1,0.307
39.5,pSEVA634r-GFP,0.1,1,0.343
39.5,pSEVA634r-GFP,0.2,1,0.344
39.5,pSEVA634r-GFP,0.5,1,0.355
39.5,pSEVA634r-GFP,1,1,0.346
40,pSEVA634r-GFP,0,1,0.326
40,pSEVA634r-GFP,0.01,1,0.337
40,pSEVA634r-GFP,0.05,1,0.307
40,pSEVA634r-GFP,0.1,1,0.342
40,pSEVA634r-GFP,0.2,1,0.342
40,pSEVA634r-GFP,0.5,1,0.352
40,pSEVA634r-GFP,1,1,0.344
40.5,pSEVA634r-GFP,0,1,0.324
40.5,pSEVA634r-GFP,0.01,1,0.336
40.5,pSEVA634r-GFP,0.05,1,0.306
40.5,pSEVA634r-GFP,0.1,1,0.34
40.5,pSEVA634r-GFP,0.2,1,0.341
40.5,pSEVA634r-GFP,0.5,1,0.351
40.5,pSEVA634r-GFP,1,1,0.35
41,pSEVA634r-GFP,0,1,0.329
41,pSEVA634r-GFP,0.01,1,0.342
41,pSEVA634r-GFP,0.05,1,0.306
41,pSEVA634r-GFP,0.1,1,0.339
41,pSEVA634r-GFP,0.2,1,0.339
41,pSEVA634r-GFP,0.5,1,0.353
41,pSEVA634r-GFP,1,1,0.353
41.5,pSEVA634r-GFP,0,1,0.332
41.5,pSEVA634r-GFP,0.01,1,0.34
41.5,pSEVA634r-GFP,0.05,1,0.305
41.5,pSEVA634r-GFP,0.1,1,0.338
41.5,pSEVA634r-GFP,0.2,1,0.348
41.5,pSEVA634r-GFP,0.5,1,0.353
41.5,pSEVA634r-GFP,1,1,0.349
42,pSEVA634r-GFP,0,1,0.325
42,pSEVA634r-GFP,0.01,1,0.336
42,pSEVA634r-GFP,0.05,1,0.305
42,pSEVA634r-GFP,0.1,1,0.336
42,pSEVA634r-GFP,0.2,1,0.348
42,pSEVA634r-GFP,0.5,1,0.35
42,pSEVA634r-GFP,1,1,0.341
0,pSEVA634rk-GFP,0,1,0.133
0,pSEVA634rk-GFP,0.01,1,0.135
0,pSEVA634rk-GFP,0.05,1,0.134
0,pSEVA634rk-GFP,0.1,1,0.138
0,pSEVA634rk-GFP,0.2,1,0.138
0,pSEVA634rk-GFP,0.5,1,0.135
0,pSEVA634rk-GFP,1,1,0.133
0.5,pSEVA634rk-GFP,0,1,0.136
0.5,pSEVA634rk-GFP,0.01,1,0.137
0.5,pSEVA634rk-GFP,0.05,1,0.136
0.5,pSEVA634rk-GFP,0.1,1,0.141
0.5,pSEVA634rk-GFP,0.2,1,0.14
0.5,pSEVA634rk-GFP,0.5,1,0.138
0.5,pSEVA634rk-GFP,1,1,0.135
1,pSEVA634rk-GFP,0,1,0.14
1,pSEVA634rk-GFP,0.01,1,0.139
1,pSEVA634rk-GFP,0.05,1,0.137
1,pSEVA634rk-GFP,0.1,1,0.142
1,pSEVA634rk-GFP,0.2,1,0.142
1,pSEVA634rk-GFP,0.5,1,0.14
1,pSEVA634rk-GFP,1,1,0.138
1.5,pSEVA634rk-GFP,0,1,0.143
1.5,pSEVA634rk-GFP,0.01,1,0.143
1.5,pSEVA634rk-GFP,0.05,1,0.141
1.5,pSEVA634rk-GFP,0.1,1,0.146
1.5,pSEVA634rk-GFP,0.2,1,0.146
1.5,pSEVA634rk-GFP,0.5,1,0.144
1.5,pSEVA634rk-GFP,1,1,0.141
2,pSEVA634rk-GFP,0,1,0.147
2,pSEVA634rk-GFP,0.01,1,0.148
2,pSEVA634rk-GFP,0.05,1,0.145
2,pSEVA634rk-GFP,0.1,1,0.152
2,pSEVA634rk-GFP,0.2,1,0.15
2,pSEVA634rk-GFP,0.5,1,0.148
2,pSEVA634rk-GFP,1,1,0.152
2.5,pSEVA634rk-GFP,0,1,0.152
2.5,pSEVA634rk-GFP,0.01,1,0.152
2.5,pSEVA634rk-GFP,0.05,1,0.153
2.5,pSEVA634rk-GFP,0.1,1,0.155
2.5,pSEVA634rk-GFP,0.2,1,0.157
2.5,pSEVA634rk-GFP,0.5,1,0.154
2.5,pSEVA634rk-GFP,1,1,0.155
3,pSEVA634rk-GFP,0,1,0.159
3,pSEVA634rk-GFP,0.01,1,0.159
3,pSEVA634rk-GFP,0.05,1,0.155
3,pSEVA634rk-GFP,0.1,1,0.161
3,pSEVA634rk-GFP,0.2,1,0.161
3,pSEVA634rk-GFP,0.5,1,0.16
3,pSEVA634rk-GFP,1,1,0.164
3.5,pSEVA634rk-GFP,0,1,0.166
3.5,pSEVA634rk-GFP,0.01,1,0.168
3.5,pSEVA634rk-GFP,0.05,1,0.163
3.5,pSEVA634rk-GFP,0.1,1,0.169
3.5,pSEVA634rk-GFP,0.2,1,0.169
3.5,pSEVA634rk-GFP,0.5,1,0.167
3.5,pSEVA634rk-GFP,1,1,0.165
4,pSEVA634rk-GFP,0,1,0.176
4,pSEVA634rk-GFP,0.01,1,0.177
4,pSEVA634rk-GFP,0.05,1,0.171
4,pSEVA634rk-GFP,0.1,1,0.177
4,pSEVA634rk-GFP,0.2,1,0.178
4,pSEVA634rk-GFP,0.5,1,0.177
4,pSEVA634rk-GFP,1,1,0.174
4.5,pSEVA634rk-GFP,0,1,0.185
4.5,pSEVA634rk-GFP,0.01,1,0.186
4.5,pSEVA634rk-GFP,0.05,1,0.179
4.5,pSEVA634rk-GFP,0.1,1,0.184
4.5,pSEVA634rk-GFP,0.2,1,0.184
4.5,pSEVA634rk-GFP,0.5,1,0.183
4.5,pSEVA634rk-GFP,1,1,0.181
5,pSEVA634rk-GFP,0,1,0.196
5,pSEVA634rk-GFP,0.01,1,0.197
5,pSEVA634rk-GFP,0.05,1,0.187
5,pSEVA634rk-GFP,0.1,1,0.196
5,pSEVA634rk-GFP,0.2,1,0.196
5,pSEVA634rk-GFP,0.5,1,0.196
5,pSEVA634rk-GFP,1,1,0.192
5.5,pSEVA634rk-GFP,0,1,0.214
5.5,pSEVA634rk-GFP,0.01,1,0.215
5.5,pSEVA634rk-GFP,0.05,1,0.204
5.5,pSEVA634rk-GFP,0.1,1,0.21
5.5,pSEVA634rk-GFP,0.2,1,0.21
5.5,pSEVA634rk-GFP,0.5,1,0.21
5.5,pSEVA634rk-GFP,1,1,0.206
6,pSEVA634rk-GFP,0,1,0.237
6,pSEVA634rk-GFP,0.01,1,0.24
6,pSEVA634rk-GFP,0.05,1,0.223
6,pSEVA634rk-GFP,0.1,1,0.23
6,pSEVA634rk-GFP,0.2,1,0.23
6,pSEVA634rk-GFP,0.5,1,0.23
6,pSEVA634rk-GFP,1,1,0.227
6.5,pSEVA634rk-GFP,0,1,0.251
6.5,pSEVA634rk-GFP,0.01,1,0.256
6.5,pSEVA634rk-GFP,0.05,1,0.24
6.5,pSEVA634rk-GFP,0.1,1,0.25
6.5,pSEVA634rk-GFP,0.2,1,0.249
6.5,pSEVA634rk-GFP,0.5,1,0.252
6.5,pSEVA634rk-GFP,1,1,0.247
7,pSEVA634rk-GFP,0,1,0.263
7,pSEVA634rk-GFP,0.01,1,0.269
7,pSEVA634rk-GFP,0.05,1,0.253
7,pSEVA634rk-GFP,0.1,1,0.266
7,pSEVA634rk-GFP,0.2,1,0.265
7,pSEVA634rk-GFP,0.5,1,0.264
7,pSEVA634rk-GFP,1,1,0.26
7.5,pSEVA634rk-GFP,0,1,0.273
7.5,pSEVA634rk-GFP,0.01,1,0.279
7.5,pSEVA634rk-GFP,0.05,1,0.266
7.5,pSEVA634rk-GFP,0.1,1,0.277
7.5,pSEVA634rk-GFP,0.2,1,0.277
7.5,pSEVA634rk-GFP,0.5,1,0.279
7.5,pSEVA634rk-GFP,1,1,0.274
8,pSEVA634rk-GFP,0,1,0.28
8,pSEVA634rk-GFP,0.01,1,0.286
8,pSEVA634rk-GFP,0.05,1,0.275
8,pSEVA634rk-GFP,0.1,1,0.285
8,pSEVA634rk-GFP,0.2,1,0.286
8,pSEVA634rk-GFP,0.5,1,0.288
8,pSEVA634rk-GFP,1,1,0.285
8.5,pSEVA634rk-GFP,0,1,0.292
8.5,pSEVA634rk-GFP,0.01,1,0.299
8.5,pSEVA634rk-GFP,0.05,1,0.282
8.5,pSEVA634rk-GFP,0.1,1,0.293
8.5,pSEVA634rk-GFP,0.2,1,0.293
8.5,pSEVA634rk-GFP,0.5,1,0.292
8.5,pSEVA634rk-GFP,1,1,0.291
9,pSEVA634rk-GFP,0,1,0.305
9,pSEVA634rk-GFP,0.01,1,0.315
9,pSEVA634rk-GFP,0.05,1,0.295
9,pSEVA634rk-GFP,0.1,1,0.305
9,pSEVA634rk-GFP,0.2,1,0.306
9,pSEVA634rk-GFP,0.5,1,0.306
9,pSEVA634rk-GFP,1,1,0.304
9.5,pSEVA634rk-GFP,0,1,0.317
9.5,pSEVA634rk-GFP,0.01,1,0.323
9.5,pSEVA634rk-GFP,0.05,1,0.307
9.5,pSEVA634rk-GFP,0.1,1,0.318
9.5,pSEVA634rk-GFP,0.2,1,0.318
9.5,pSEVA634rk-GFP,0.5,1,0.32
9.5,pSEVA634rk-GFP,1,1,0.316
10,pSEVA634rk-GFP,0,1,0.33
10,pSEVA634rk-GFP,0.01,1,0.335
10,pSEVA634rk-GFP,0.05,1,0.318
10,pSEVA634rk-GFP,0.1,1,0.329
10,pSEVA634rk-GFP,0.2,1,0.328
10,pSEVA634rk-GFP,0.5,1,0.328
10,pSEVA634rk-GFP,1,1,0.325
10.5,pSEVA634rk-GFP,0,1,0.342
10.5,pSEVA634rk-GFP,0.01,1,0.348
10.5,pSEVA634rk-GFP,0.05,1,0.332
10.5,pSEVA634rk-GFP,0.1,1,0.337
10.5,pSEVA634rk-GFP,0.2,1,0.337
10.5,pSEVA634rk-GFP,0.5,1,0.336
10.5,pSEVA634rk-GFP,1,1,0.333
11,pSEVA634rk-GFP,0,1,0.35
11,pSEVA634rk-GFP,0.01,1,0.356
11,pSEVA634rk-GFP,0.05,1,0.341
11,pSEVA634rk-GFP,0.1,1,0.35
11,pSEVA634rk-GFP,0.2,1,0.349
11,pSEVA634rk-GFP,0.5,1,0.347
11,pSEVA634rk-GFP,1,1,0.343
11.5,pSEVA634rk-GFP,0,1,0.357
11.5,pSEVA634rk-GFP,0.01,1,0.362
11.5,pSEVA634rk-GFP,0.05,1,0.347
11.5,pSEVA634rk-GFP,0.1,1,0.359
11.5,pSEVA634rk-GFP,0.2,1,0.36
11.5,pSEVA634rk-GFP,0.5,1,0.359
11.5,pSEVA634rk-GFP,1,1,0.357
12,pSEVA634rk-GFP,0,1,0.363
12,pSEVA634rk-GFP,0.01,1,0.368
12,pSEVA634rk-GFP,0.05,1,0.358
12,pSEVA634rk-GFP,0.1,1,0.363
12,pSEVA634rk-GFP,0.2,1,0.364
12,pSEVA634rk-GFP,0.5,1,0.363
12,pSEVA634rk-GFP,1,1,0.361
12.5,pSEVA634rk-GFP,0,1,0.37
12.5,pSEVA634rk-GFP,0.01,1,0.375
12.5,pSEVA634rk-GFP,0.05,1,0.362
12.5,pSEVA634rk-GFP,0.1,1,0.37
12.5,pSEVA634rk-GFP,0.2,1,0.37
12.5,pSEVA634rk-GFP,0.5,1,0.369
12.5,pSEVA634rk-GFP,1,1,0.365
13,pSEVA634rk-GFP,0,1,0.376
13,pSEVA634rk-GFP,0.01,1,0.382
13,pSEVA634rk-GFP,0.05,1,0.372
13,pSEVA634rk-GFP,0.1,1,0.378
13,pSEVA634rk-GFP,0.2,1,0.38
13,pSEVA634rk-GFP,0.5,1,0.373
13,pSEVA634rk-GFP,1,1,0.37
13.5,pSEVA634rk-GFP,0,1,0.383
13.5,pSEVA634rk-GFP,0.01,1,0.388
13.5,pSEVA634rk-GFP,0.05,1,0.382
13.5,pSEVA634rk-GFP,0.1,1,0.386
13.5,pSEVA634rk-GFP,0.2,1,0.388
13.5,pSEVA634rk-GFP,0.5,1,0.381
13.5,pSEVA634rk-GFP,1,1,0.377
14,pSEVA634rk-GFP,0,1,0.397
14,pSEVA634rk-GFP,0.01,1,0.394
14,pSEVA634rk-GFP,0.05,1,0.392
14,pSEVA634rk-GFP,0.1,1,0.392
14,pSEVA634rk-GFP,0.2,1,0.395
14,pSEVA634rk-GFP,0.5,1,0.388
14,pSEVA634rk-GFP,1,1,0.384
14.5,pSEVA634rk-GFP,0,1,0.401
14.5,pSEVA634rk-GFP,0.01,1,0.4
14.5,pSEVA634rk-GFP,0.05,1,0.404
14.5,pSEVA634rk-GFP,0.1,1,0.399
14.5,pSEVA634rk-GFP,0.2,1,0.402
14.5,pSEVA634rk-GFP,0.5,1,0.396
14.5,pSEVA634rk-GFP,1,1,0.391
15,pSEVA634rk-GFP,0,1,0.412
15,pSEVA634rk-GFP,0.01,1,0.405
15,pSEVA634rk-GFP,0.05,1,0.412
15,pSEVA634rk-GFP,0.1,1,0.405
15,pSEVA634rk-GFP,0.2,1,0.408
15,pSEVA634rk-GFP,0.5,1,0.402
15,pSEVA634rk-GFP,1,1,0.396
15.5,pSEVA634rk-GFP,0,1,0.418
15.5,pSEVA634rk-GFP,0.01,1,0.409
15.5,pSEVA634rk-GFP,0.05,1,0.42
15.5,pSEVA634rk-GFP,0.1,1,0.411
15.5,pSEVA634rk-GFP,0.2,1,0.414
15.5,pSEVA634rk-GFP,0.5,1,0.407
15.5,pSEVA634rk-GFP,1,1,0.401
16,pSEVA634rk-GFP,0,1,0.423
16,pSEVA634rk-GFP,0.01,1,0.413
16,pSEVA634rk-GFP,0.05,1,0.424
16,pSEVA634rk-GFP,0.1,1,0.417
16,pSEVA634rk-GFP,0.2,1,0.419
16,pSEVA634rk-GFP,0.5,1,0.41
16,pSEVA634rk-GFP,1,1,0.41
16.5,pSEVA634rk-GFP,0,1,0.429
16.5,pSEVA634rk-GFP,0.01,1,0.424
16.5,pSEVA634rk-GFP,0.05,1,0.436
16.5,pSEVA634rk-GFP,0.1,1,0.429
16.5,pSEVA634rk-GFP,0.2,1,0.431
16.5,pSEVA634rk-GFP,0.5,1,0.423
16.5,pSEVA634rk-GFP,1,1,0.414
17,pSEVA634rk-GFP,0,1,0.432
17,pSEVA634rk-GFP,0.01,1,0.427
17,pSEVA634rk-GFP,0.05,1,0.436
17,pSEVA634rk-GFP,0.1,1,0.429
17,pSEVA634rk-GFP,0.2,1,0.438
17,pSEVA634rk-GFP,0.5,1,0.426
17,pSEVA634rk-GFP,1,1,0.421
17.5,pSEVA634rk-GFP,0,1,0.432
17.5,pSEVA634rk-GFP,0.01,1,0.43
17.5,pSEVA634rk-GFP,0.05,1,0.439
17.5,pSEVA634rk-GFP,0.1,1,0.437
17.5,pSEVA634rk-GFP,0.2,1,0.442
17.5,pSEVA634rk-GFP,0.5,1,0.43
17.5,pSEVA634rk-GFP,1,1,0.423
18,pSEVA634rk-GFP,0,1,0.432
18,pSEVA634rk-GFP,0.01,1,0.429
18,pSEVA634rk-GFP,0.05,1,0.434
18,pSEVA634rk-GFP,0.1,1,0.433
18,pSEVA634rk-GFP,0.2,1,0.431
18,pSEVA634rk-GFP,0.5,1,0.428
18,pSEVA634rk-GFP,1,1,0.415
18.5,pSEVA634rk-GFP,0,1,0.434
18.5,pSEVA634rk-GFP,0.01,1,0.426
18.5,pSEVA634rk-GFP,0.05,1,0.437
18.5,pSEVA634rk-GFP,0.1,1,0.437
18.5,pSEVA634rk-GFP,0.2,1,0.434
18.5,pSEVA634rk-GFP,0.5,1,0.426
18.5,pSEVA634rk-GFP,1,1,0.421
19,pSEVA634rk-GFP,0,1,0.435
19,pSEVA634rk-GFP,0.01,1,0.428
19,pSEVA634rk-GFP,0.05,1,0.439
19,pSEVA634rk-GFP,0.1,1,0.431
19,pSEVA634rk-GFP,0.2,1,0.436
19,pSEVA634rk-GFP,0.5,1,0.426
19,pSEVA634rk-GFP,1,1,0.421
19.5,pSEVA634rk-GFP,0,1,0.438
19.5,pSEVA634rk-GFP,0.01,1,0.43
19.5,pSEVA634rk-GFP,0.05,1,0.441
19.5,pSEVA634rk-GFP,0.1,1,0.434
19.5,pSEVA634rk-GFP,0.2,1,0.438
19.5,pSEVA634rk-GFP,0.5,1,0.429
19.5,pSEVA634rk-GFP,1,1,0.422
20,pSEVA634rk-GFP,0,1,0.44
20,pSEVA634rk-GFP,0.01,1,0.431
20,pSEVA634rk-GFP,0.05,1,0.444
20,pSEVA634rk-GFP,0.1,1,0.436
20,pSEVA634rk-GFP,0.2,1,0.44
20,pSEVA634rk-GFP,0.5,1,0.43
20,pSEVA634rk-GFP,1,1,0.424
20.5,pSEVA634rk-GFP,0,1,0.442
20.5,pSEVA634rk-GFP,0.01,1,0.433
20.5,pSEVA634rk-GFP,0.05,1,0.445
20.5,pSEVA634rk-GFP,0.1,1,0.437
20.5,pSEVA634rk-GFP,0.2,1,0.442
20.5,pSEVA634rk-GFP,0.5,1,0.433
20.5,pSEVA634rk-GFP,1,1,0.425
21,pSEVA634rk-GFP,0,1,0.442
21,pSEVA634rk-GFP,0.01,1,0.434
21,pSEVA634rk-GFP,0.05,1,0.447
21,pSEVA634rk-GFP,0.1,1,0.439
21,pSEVA634rk-GFP,0.2,1,0.443
21,pSEVA634rk-GFP,0.5,1,0.433
21,pSEVA634rk-GFP,1,1,0.426
21.5,pSEVA634rk-GFP,0,1,0.444
21.5,pSEVA634rk-GFP,0.01,1,0.435
21.5,pSEVA634rk-GFP,0.05,1,0.448
21.5,pSEVA634rk-GFP,0.1,1,0.44
21.5,pSEVA634rk-GFP,0.2,1,0.444
21.5,pSEVA634rk-GFP,0.5,1,0.435
21.5,pSEVA634rk-GFP,1,1,0.427
22,pSEVA634rk-GFP,0,1,0.444
22,pSEVA634rk-GFP,0.01,1,0.436
22,pSEVA634rk-GFP,0.05,1,0.449
22,pSEVA634rk-GFP,0.1,1,0.441
22,pSEVA634rk-GFP,0.2,1,0.445
22,pSEVA634rk-GFP,0.5,1,0.435
22,pSEVA634rk-GFP,1,1,0.428
22.5,pSEVA634rk-GFP,0,1,0.446
22.5,pSEVA634rk-GFP,0.01,1,0.436
22.5,pSEVA634rk-GFP,0.05,1,0.45
22.5,pSEVA634rk-GFP,0.1,1,0.443
22.5,pSEVA634rk-GFP,0.2,1,0.447
22.5,pSEVA634rk-GFP,0.5,1,0.437
22.5,pSEVA634rk-GFP,1,1,0.433
23,pSEVA634rk-GFP,0,1,0.446
23,pSEVA634rk-GFP,0.01,1,0.438
23,pSEVA634rk-GFP,0.05,1,0.452
23,pSEVA634rk-GFP,0.1,1,0.443
23,pSEVA634rk-GFP,0.2,1,0.448
23,pSEVA634rk-GFP,0.5,1,0.437
23,pSEVA634rk-GFP,1,1,0.435
23.5,pSEVA634rk-GFP,0,1,0.447
23.5,pSEVA634rk-GFP,0.01,1,0.438
23.5,pSEVA634rk-GFP,0.05,1,0.452
23.5,pSEVA634rk-GFP,0.1,1,0.445
23.5,pSEVA634rk-GFP,0.2,1,0.448
23.5,pSEVA634rk-GFP,0.5,1,0.438
23.5,pSEVA634rk-GFP,1,1,0.43
24,pSEVA634rk-GFP,0,1,0.447
24,pSEVA634rk-GFP,0.01,1,0.439
24,pSEVA634rk-GFP,0.05,1,0.452
24,pSEVA634rk-GFP,0.1,1,0.445
24,pSEVA634rk-GFP,0.2,1,0.449
24,pSEVA634rk-GFP,0.5,1,0.438
24,pSEVA634rk-GFP,1,1,0.431
24.5,pSEVA634rk-GFP,0,1,0.449
24.5,pSEVA634rk-GFP,0.01,1,0.442
24.5,pSEVA634rk-GFP,0.05,1,0.453
24.5,pSEVA634rk-GFP,0.1,1,0.446
24.5,pSEVA634rk-GFP,0.2,1,0.447
24.5,pSEVA634rk-GFP,0.5,1,0.436
24.5,pSEVA634rk-GFP,1,1,0.427
25,pSEVA634rk-GFP,0,1,0.449
25,pSEVA634rk-GFP,0.01,1,0.441
25,pSEVA634rk-GFP,0.05,1,0.455
25,pSEVA634rk-GFP,0.1,1,0.441
25,pSEVA634rk-GFP,0.2,1,0.443
25,pSEVA634rk-GFP,0.5,1,0.432
25,pSEVA634rk-GFP,1,1,0.424
25.5,pSEVA634rk-GFP,0,1,0.448
25.5,pSEVA634rk-GFP,0.01,1,0.434
25.5,pSEVA634rk-GFP,0.05,1,0.455
25.5,pSEVA634rk-GFP,0.1,1,0.438
25.5,pSEVA634rk-GFP,0.2,1,0.44
25.5,pSEVA634rk-GFP,0.5,1,0.429
25.5,pSEVA634rk-GFP,1,1,0.421
26,pSEVA634rk-GFP,0,1,0.45
26,pSEVA634rk-GFP,0.01,1,0.431
26,pSEVA634rk-GFP,0.05,1,0.448
26,pSEVA634rk-GFP,0.1,1,0.435
26,pSEVA634rk-GFP,0.2,1,0.437
26,pSEVA634rk-GFP,0.5,1,0.427
26,pSEVA634rk-GFP,1,1,0.418
26.5,pSEVA634rk-GFP,0,1,0.442
26.5,pSEVA634rk-GFP,0.01,1,0.427
26.5,pSEVA634rk-GFP,0.05,1,0.444
26.5,pSEVA634rk-GFP,0.1,1,0.433
26.5,pSEVA634rk-GFP,0.2,1,0.435
26.5,pSEVA634rk-GFP,0.5,1,0.424
26.5,pSEVA634rk-GFP,1,1,0.416
27,pSEVA634rk-GFP,0,1,0.438
27,pSEVA634rk-GFP,0.01,1,0.425
27,pSEVA634rk-GFP,0.05,1,0.441
27,pSEVA634rk-GFP,0.1,1,0.431
27,pSEVA634rk-GFP,0.2,1,0.433
27,pSEVA634rk-GFP,0.5,1,0.423
27,pSEVA634rk-GFP,1,1,0.415
27.5,pSEVA634rk-GFP,0,1,0.434
27.5,pSEVA634rk-GFP,0.01,1,0.423
27.5,pSEVA634rk-GFP,0.05,1,0.441
27.5,pSEVA634rk-GFP,0.1,1,0.429
27.5,pSEVA634rk-GFP,0.2,1,0.432
27.5,pSEVA634rk-GFP,0.5,1,0.423
27.5,pSEVA634rk-GFP,1,1,0.414
28,pSEVA634rk-GFP,0,1,0.433
28,pSEVA634rk-GFP,0.01,1,0.421
28,pSEVA634rk-GFP,0.05,1,0.438
28,pSEVA634rk-GFP,0.1,1,0.429
28,pSEVA634rk-GFP,0.2,1,0.431
28,pSEVA634rk-GFP,0.5,1,0.422
28,pSEVA634rk-GFP,1,1,0.412
28.5,pSEVA634rk-GFP,0,1,0.43
28.5,pSEVA634rk-GFP,0.01,1,0.421
28.5,pSEVA634rk-GFP,0.05,1,0.438
28.5,pSEVA634rk-GFP,0.1,1,0.428
28.5,pSEVA634rk-GFP,0.2,1,0.431
28.5,pSEVA634rk-GFP,0.5,1,0.421
28.5,pSEVA634rk-GFP,1,1,0.413
29,pSEVA634rk-GFP,0,1,0.428
29,pSEVA634rk-GFP,0.01,1,0.42
29,pSEVA634rk-GFP,0.05,1,0.437
29,pSEVA634rk-GFP,0.1,1,0.427
29,pSEVA634rk-GFP,0.2,1,0.431
29,pSEVA634rk-GFP,0.5,1,0.42
29,pSEVA634rk-GFP,1,1,0.413
29.5,pSEVA634rk-GFP,0,1,0.427
29.5,pSEVA634rk-GFP,0.01,1,0.42
29.5,pSEVA634rk-GFP,0.05,1,0.436
29.5,pSEVA634rk-GFP,0.1,1,0.427
29.5,pSEVA634rk-GFP,0.2,1,0.43
29.5,pSEVA634rk-GFP,0.5,1,0.421
29.5,pSEVA634rk-GFP,1,1,0.412
30,pSEVA634rk-GFP,0,1,0.426
30,pSEVA634rk-GFP,0.01,1,0.419
30,pSEVA634rk-GFP,0.05,1,0.435
30,pSEVA634rk-GFP,0.1,1,0.428
30,pSEVA634rk-GFP,0.2,1,0.43
30,pSEVA634rk-GFP,0.5,1,0.42
30,pSEVA634rk-GFP,1,1,0.411
30.5,pSEVA634rk-GFP,0,1,0.426
30.5,pSEVA634rk-GFP,0.01,1,0.42
30.5,pSEVA634rk-GFP,0.05,1,0.436
30.5,pSEVA634rk-GFP,0.1,1,0.428
30.5,pSEVA634rk-GFP,0.2,1,0.429
30.5,pSEVA634rk-GFP,0.5,1,0.419
30.5,pSEVA634rk-GFP,1,1,0.411
31,pSEVA634rk-GFP,0,1,0.425
31,pSEVA634rk-GFP,0.01,1,0.42
31,pSEVA634rk-GFP,0.05,1,0.436
31,pSEVA634rk-GFP,0.1,1,0.427
31,pSEVA634rk-GFP,0.2,1,0.429
31,pSEVA634rk-GFP,0.5,1,0.42
31,pSEVA634rk-GFP,1,1,0.412
31.5,pSEVA634rk-GFP,0,1,0.424
31.5,pSEVA634rk-GFP,0.01,1,0.419
31.5,pSEVA634rk-GFP,0.05,1,0.436
31.5,pSEVA634rk-GFP,0.1,1,0.427
31.5,pSEVA634rk-GFP,0.2,1,0.43
31.5,pSEVA634rk-GFP,0.5,1,0.419
31.5,pSEVA634rk-GFP,1,1,0.411
32,pSEVA634rk-GFP,0,1,0.423
32,pSEVA634rk-GFP,0.01,1,0.421
32,pSEVA634rk-GFP,0.05,1,0.436
32,pSEVA634rk-GFP,0.1,1,0.427
32,pSEVA634rk-GFP,0.2,1,0.43
32,pSEVA634rk-GFP,0.5,1,0.419
32,pSEVA634rk-GFP,1,1,0.412
32.5,pSEVA634rk-GFP,0,1,0.423
32.5,pSEVA634rk-GFP,0.01,1,0.421
32.5,pSEVA634rk-GFP,0.05,1,0.437
32.5,pSEVA634rk-GFP,0.1,1,0.428
32.5,pSEVA634rk-GFP,0.2,1,0.429
32.5,pSEVA634rk-GFP,0.5,1,0.42
32.5,pSEVA634rk-GFP,1,1,0.412
33,pSEVA634rk-GFP,0,1,0.423
33,pSEVA634rk-GFP,0.01,1,0.42
33,pSEVA634rk-GFP,0.05,1,0.438
33,pSEVA634rk-GFP,0.1,1,0.427
33,pSEVA634rk-GFP,0.2,1,0.429
33,pSEVA634rk-GFP,0.5,1,0.419
33,pSEVA634rk-GFP,1,1,0.412
33.5,pSEVA634rk-GFP,0,1,0.423
33.5,pSEVA634rk-GFP,0.01,1,0.421
33.5,pSEVA634rk-GFP,0.05,1,0.437
33.5,pSEVA634rk-GFP,0.1,1,0.427
33.5,pSEVA634rk-GFP,0.2,1,0.43
33.5,pSEVA634rk-GFP,0.5,1,0.419
33.5,pSEVA634rk-GFP,1,1,0.412
34,pSEVA634rk-GFP,0,1,0.423
34,pSEVA634rk-GFP,0.01,1,0.421
34,pSEVA634rk-GFP,0.05,1,0.439
34,pSEVA634rk-GFP,0.1,1,0.428
34,pSEVA634rk-GFP,0.2,1,0.431
34,pSEVA634rk-GFP,0.5,1,0.42
34,pSEVA634rk-GFP,1,1,0.411
34.5,pSEVA634rk-GFP,0,1,0.423
34.5,pSEVA634rk-GFP,0.01,1,0.422
34.5,pSEVA634rk-GFP,0.05,1,0.44
34.5,pSEVA634rk-GFP,0.1,1,0.428
34.5,pSEVA634rk-GFP,0.2,1,0.432
34.5,pSEVA634rk-GFP,0.5,1,0.42
34.5,pSEVA634rk-GFP,1,1,0.413
35,pSEVA634rk-GFP,0,1,0.424
35,pSEVA634rk-GFP,0.01,1,0.428
35,pSEVA634rk-GFP,0.05,1,0.441
35,pSEVA634rk-GFP,0.1,1,0.429
35,pSEVA634rk-GFP,0.2,1,0.432
35,pSEVA634rk-GFP,0.5,1,0.419
35,pSEVA634rk-GFP,1,1,0.413
35.5,pSEVA634rk-GFP,0,1,0.425
35.5,pSEVA634rk-GFP,0.01,1,0.423
35.5,pSEVA634rk-GFP,0.05,1,0.441
35.5,pSEVA634rk-GFP,0.1,1,0.429
35.5,pSEVA634rk-GFP,0.2,1,0.432
35.5,pSEVA634rk-GFP,0.5,1,0.421
35.5,pSEVA634rk-GFP,1,1,0.413
36,pSEVA634rk-GFP,0,1,0.427
36,pSEVA634rk-GFP,0.01,1,0.423
36,pSEVA634rk-GFP,0.05,1,0.442
36,pSEVA634rk-GFP,0.1,1,0.43
36,pSEVA634rk-GFP,0.2,1,0.433
36,pSEVA634rk-GFP,0.5,1,0.421
36,pSEVA634rk-GFP,1,1,0.415
36.5,pSEVA634rk-GFP,0,1,0.426
36.5,pSEVA634rk-GFP,0.01,1,0.424
36.5,pSEVA634rk-GFP,0.05,1,0.443
36.5,pSEVA634rk-GFP,0.1,1,0.43
36.5,pSEVA634rk-GFP,0.2,1,0.434
36.5,pSEVA634rk-GFP,0.5,1,0.421
36.5,pSEVA634rk-GFP,1,1,0.415
37,pSEVA634rk-GFP,0,1,0.427
37,pSEVA634rk-GFP,0.01,1,0.425
37,pSEVA634rk-GFP,0.05,1,0.443
37,pSEVA634rk-GFP,0.1,1,0.432
37,pSEVA634rk-GFP,0.2,1,0.435
37,pSEVA634rk-GFP,0.5,1,0.422
37,pSEVA634rk-GFP,1,1,0.416
37.5,pSEVA634rk-GFP,0,1,0.427
37.5,pSEVA634rk-GFP,0.01,1,0.427
37.5,pSEVA634rk-GFP,0.05,1,0.443
37.5,pSEVA634rk-GFP,0.1,1,0.432
37.5,pSEVA634rk-GFP,0.2,1,0.434
37.5,pSEVA634rk-GFP,0.5,1,0.422
37.5,pSEVA634rk-GFP,1,1,0.416
38,pSEVA634rk-GFP,0,1,0.427
38,pSEVA634rk-GFP,0.01,1,0.426
38,pSEVA634rk-GFP,0.05,1,0.443
38,pSEVA634rk-GFP,0.1,1,0.432
38,pSEVA634rk-GFP,0.2,1,0.434
38,pSEVA634rk-GFP,0.5,1,0.424
38,pSEVA634rk-GFP,1,1,0.416
38.5,pSEVA634rk-GFP,0,1,0.428
38.5,pSEVA634rk-GFP,0.01,1,0.426
38.5,pSEVA634rk-GFP,0.05,1,0.444
38.5,pSEVA634rk-GFP,0.1,1,0.432
38.5,pSEVA634rk-GFP,0.2,1,0.434
38.5,pSEVA634rk-GFP,0.5,1,0.423
38.5,pSEVA634rk-GFP,1,1,0.416
39,pSEVA634rk-GFP,0,1,0.428
39,pSEVA634rk-GFP,0.01,1,0.427
39,pSEVA634rk-GFP,0.05,1,0.443
39,pSEVA634rk-GFP,0.1,1,0.433
39,pSEVA634rk-GFP,0.2,1,0.434
39,pSEVA634rk-GFP,0.5,1,0.422
39,pSEVA634rk-GFP,1,1,0.416
39.5,pSEVA634rk-GFP,0,1,0.428
39.5,pSEVA634rk-GFP,0.01,1,0.427
39.5,pSEVA634rk-GFP,0.05,1,0.442
39.5,pSEVA634rk-GFP,0.1,1,0.432
39.5,pSEVA634rk-GFP,0.2,1,0.434
39.5,pSEVA634rk-GFP,0.5,1,0.424
39.5,pSEVA634rk-GFP,1,1,0.416
40,pSEVA634rk-GFP,0,1,0.429
40,pSEVA634rk-GFP,0.01,1,0.427
40,pSEVA634rk-GFP,0.05,1,0.443
40,pSEVA634rk-GFP,0.1,1,0.432
40,pSEVA634rk-GFP,0.2,1,0.435
40,pSEVA634rk-GFP,0.5,1,0.422
40,pSEVA634rk-GFP,1,1,0.415
40.5,pSEVA634rk-GFP,0,1,0.428
40.5,pSEVA634rk-GFP,0.01,1,0.426
40.5,pSEVA634rk-GFP,0.05,1,0.442
40.5,pSEVA634rk-GFP,0.1,1,0.431
40.5,pSEVA634rk-GFP,0.2,1,0.433
40.5,pSEVA634rk-GFP,0.5,1,0.422
40.5,pSEVA634rk-GFP,1,1,0.415
41,pSEVA634rk-GFP,0,1,0.427
41,pSEVA634rk-GFP,0.01,1,0.427
41,pSEVA634rk-GFP,0.05,1,0.442
41,pSEVA634rk-GFP,0.1,1,0.431
41,pSEVA634rk-GFP,0.2,1,0.433
41,pSEVA634rk-GFP,0.5,1,0.422
41,pSEVA634rk-GFP,1,1,0.414
41.5,pSEVA634rk-GFP,0,1,0.429
41.5,pSEVA634rk-GFP,0.01,1,0.426
41.5,pSEVA634rk-GFP,0.05,1,0.442
41.5,pSEVA634rk-GFP,0.1,1,0.431
41.5,pSEVA634rk-GFP,0.2,1,0.432
41.5,pSEVA634rk-GFP,0.5,1,0.422
41.5,pSEVA634rk-GFP,1,1,0.415
42,pSEVA634rk-GFP,0,1,0.428
42,pSEVA634rk-GFP,0.01,1,0.425
42,pSEVA634rk-GFP,0.05,1,0.441
42,pSEVA634rk-GFP,0.1,1,0.43
42,pSEVA634rk-GFP,0.2,1,0.432
42,pSEVA634rk-GFP,0.5,1,0.42
42,pSEVA634rk-GFP,1,1,0.414
