,Date,Plt,Well,WellID,Time_h,RawOD,Col,Row,Cpd,Qrt,uM,Species,Strain,Nick,Dil
0,5/4/2022,4,M1,1-4-M1,0,0.217,1,M,Azithromycin,1,100,S. flexneri,M90T,Sf,100x
1,5/4/2022,4,M1,1-4-M1,1.08,0.233,1,M,Azithromycin,1,100,S. flexneri,M90T,Sf,100x
2,5/4/2022,4,M1,1-4-M1,2.16,0.213,1,M,Azithromycin,1,100,S. flexneri,M90T,Sf,100x
3,5/4/2022,4,M1,1-4-M1,3.24,0.213,1,M,Azithromycin,1,100,S. flexneri,M90T,Sf,100x
4,5/4/2022,4,M1,1-4-M1,4.32,0.212,1,M,Azithromycin,1,100,S. flexneri,M90T,Sf,100x
5,5/4/2022,4,M1,1-4-M1,5.41,0.211,1,M,Azithromycin,1,100,S. flexneri,M90T,Sf,100x
6,5/4/2022,4,M1,1-4-M1,6.49,0.21,1,M,Azithromycin,1,100,S. flexneri,M90T,Sf,100x
7,5/4/2022,4,M1,1-4-M1,7.57,0.21,1,M,Azithromycin,1,100,S. flexneri,M90T,Sf,100x
8,5/4/2022,4,M1,1-4-M1,8.65,0.209,1,M,Azithromycin,1,100,S. flexneri,M90T,Sf,100x
9,5/4/2022,4,M1,1-4-M1,9.73,0.209,1,M,Azithromycin,1,100,S. flexneri,M90T,Sf,100x
10,5/4/2022,4,M1,1-4-M1,10.82,0.208,1,M,Azithromycin,1,100,S. flexneri,M90T,Sf,100x
11,5/4/2022,4,M1,1-4-M1,11.9,0.208,1,M,Azithromycin,1,100,S. flexneri,M90T,Sf,100x
12,5/4/2022,4,M1,1-4-M1,12.98,0.208,1,M,Azithromycin,1,100,S. flexneri,M90T,Sf,100x
13,5/4/2022,4,M1,1-4-M1,14.06,0.207,1,M,Azithromycin,1,100,S. flexneri,M90T,Sf,100x
14,5/4/2022,4,M1,1-4-M1,15.14,0.208,1,M,Azithromycin,1,100,S. flexneri,M90T,Sf,100x
15,5/4/2022,4,M11,1-4-M11,0,0.209,11,M,Azithromycin,1,0.3,S. flexneri,M90T,Sf,100x
16,5/4/2022,4,M11,1-4-M11,1.08,0.221,11,M,Azithromycin,1,0.3,S. flexneri,M90T,Sf,100x
17,5/4/2022,4,M11,1-4-M11,2.16,0.253,11,M,Azithromycin,1,0.3,S. flexneri,M90T,Sf,100x
18,5/4/2022,4,M11,1-4-M11,3.24,0.319,11,M,Azithromycin,1,0.3,S. flexneri,M90T,Sf,100x
19,5/4/2022,4,M11,1-4-M11,4.32,0.377,11,M,Azithromycin,1,0.3,S. flexneri,M90T,Sf,100x
20,5/4/2022,4,M11,1-4-M11,5.41,0.42,11,M,Azithromycin,1,0.3,S. flexneri,M90T,Sf,100x
21,5/4/2022,4,M11,1-4-M11,6.49,0.456,11,M,Azithromycin,1,0.3,S. flexneri,M90T,Sf,100x
22,5/4/2022,4,M11,1-4-M11,7.57,0.488,11,M,Azithromycin,1,0.3,S. flexneri,M90T,Sf,100x
23,5/4/2022,4,M11,1-4-M11,8.65,0.502,11,M,Azithromycin,1,0.3,S. flexneri,M90T,Sf,100x
24,5/4/2022,4,M11,1-4-M11,9.73,0.522,11,M,Azithromycin,1,0.3,S. flexneri,M90T,Sf,100x
25,5/4/2022,4,M11,1-4-M11,10.82,0.53,11,M,Azithromycin,1,0.3,S. flexneri,M90T,Sf,100x
26,5/4/2022,4,M11,1-4-M11,11.9,0.54,11,M,Azithromycin,1,0.3,S. flexneri,M90T,Sf,100x
27,5/4/2022,4,M11,1-4-M11,12.98,0.539,11,M,Azithromycin,1,0.3,S. flexneri,M90T,Sf,100x
28,5/4/2022,4,M11,1-4-M11,14.06,0.547,11,M,Azithromycin,1,0.3,S. flexneri,M90T,Sf,100x
29,5/4/2022,4,M11,1-4-M11,15.14,0.551,11,M,Azithromycin,1,0.3,S. flexneri,M90T,Sf,100x
30,5/4/2022,4,M13,1-4-M13,0,0.209,13,M,Azithromycin,1,0.1,S. flexneri,M90T,Sf,100x
31,5/4/2022,4,M13,1-4-M13,1.08,0.22,13,M,Azithromycin,1,0.1,S. flexneri,M90T,Sf,100x
32,5/4/2022,4,M13,1-4-M13,2.16,0.253,13,M,Azithromycin,1,0.1,S. flexneri,M90T,Sf,100x
33,5/4/2022,4,M13,1-4-M13,3.24,0.314,13,M,Azithromycin,1,0.1,S. flexneri,M90T,Sf,100x
34,5/4/2022,4,M13,1-4-M13,4.32,0.369,13,M,Azithromycin,1,0.1,S. flexneri,M90T,Sf,100x
35,5/4/2022,4,M13,1-4-M13,5.41,0.412,13,M,Azithromycin,1,0.1,S. flexneri,M90T,Sf,100x
36,5/4/2022,4,M13,1-4-M13,6.49,0.444,13,M,Azithromycin,1,0.1,S. flexneri,M90T,Sf,100x
37,5/4/2022,4,M13,1-4-M13,7.57,0.476,13,M,Azithromycin,1,0.1,S. flexneri,M90T,Sf,100x
38,5/4/2022,4,M13,1-4-M13,8.65,0.488,13,M,Azithromycin,1,0.1,S. flexneri,M90T,Sf,100x
39,5/4/2022,4,M13,1-4-M13,9.73,0.505,13,M,Azithromycin,1,0.1,S. flexneri,M90T,Sf,100x
40,5/4/2022,4,M13,1-4-M13,10.82,0.517,13,M,Azithromycin,1,0.1,S. flexneri,M90T,Sf,100x
41,5/4/2022,4,M13,1-4-M13,11.9,0.529,13,M,Azithromycin,1,0.1,S. flexneri,M90T,Sf,100x
42,5/4/2022,4,M13,1-4-M13,12.98,0.526,13,M,Azithromycin,1,0.1,S. flexneri,M90T,Sf,100x
43,5/4/2022,4,M13,1-4-M13,14.06,0.54,13,M,Azithromycin,1,0.1,S. flexneri,M90T,Sf,100x
44,5/4/2022,4,M13,1-4-M13,15.14,0.544,13,M,Azithromycin,1,0.1,S. flexneri,M90T,Sf,100x
45,5/4/2022,4,M15,1-4-M15,0,0.189,15,M,Azithromycin,1,0.03,S. flexneri,M90T,Sf,100x
46,5/4/2022,4,M15,1-4-M15,1.08,0.204,15,M,Azithromycin,1,0.03,S. flexneri,M90T,Sf,100x
47,5/4/2022,4,M15,1-4-M15,2.16,0.241,15,M,Azithromycin,1,0.03,S. flexneri,M90T,Sf,100x
48,5/4/2022,4,M15,1-4-M15,3.24,0.314,15,M,Azithromycin,1,0.03,S. flexneri,M90T,Sf,100x
49,5/4/2022,4,M15,1-4-M15,4.32,0.371,15,M,Azithromycin,1,0.03,S. flexneri,M90T,Sf,100x
50,5/4/2022,4,M15,1-4-M15,5.41,0.408,15,M,Azithromycin,1,0.03,S. flexneri,M90T,Sf,100x
51,5/4/2022,4,M15,1-4-M15,6.49,0.434,15,M,Azithromycin,1,0.03,S. flexneri,M90T,Sf,100x
52,5/4/2022,4,M15,1-4-M15,7.57,0.457,15,M,Azithromycin,1,0.03,S. flexneri,M90T,Sf,100x
53,5/4/2022,4,M15,1-4-M15,8.65,0.475,15,M,Azithromycin,1,0.03,S. flexneri,M90T,Sf,100x
54,5/4/2022,4,M15,1-4-M15,9.73,0.485,15,M,Azithromycin,1,0.03,S. flexneri,M90T,Sf,100x
55,5/4/2022,4,M15,1-4-M15,10.82,0.497,15,M,Azithromycin,1,0.03,S. flexneri,M90T,Sf,100x
56,5/4/2022,4,M15,1-4-M15,11.9,0.509,15,M,Azithromycin,1,0.03,S. flexneri,M90T,Sf,100x
57,5/4/2022,4,M15,1-4-M15,12.98,0.513,15,M,Azithromycin,1,0.03,S. flexneri,M90T,Sf,100x
58,5/4/2022,4,M15,1-4-M15,14.06,0.52,15,M,Azithromycin,1,0.03,S. flexneri,M90T,Sf,100x
59,5/4/2022,4,M15,1-4-M15,15.14,0.528,15,M,Azithromycin,1,0.03,S. flexneri,M90T,Sf,100x
60,5/4/2022,4,M17,1-4-M17,0,0.188,17,M,Azithromycin,1,0.01,S. flexneri,M90T,Sf,100x
61,5/4/2022,4,M17,1-4-M17,1.08,0.206,17,M,Azithromycin,1,0.01,S. flexneri,M90T,Sf,100x
62,5/4/2022,4,M17,1-4-M17,2.16,0.241,17,M,Azithromycin,1,0.01,S. flexneri,M90T,Sf,100x
63,5/4/2022,4,M17,1-4-M17,3.24,0.318,17,M,Azithromycin,1,0.01,S. flexneri,M90T,Sf,100x
64,5/4/2022,4,M17,1-4-M17,4.32,0.38,17,M,Azithromycin,1,0.01,S. flexneri,M90T,Sf,100x
65,5/4/2022,4,M17,1-4-M17,5.41,0.417,17,M,Azithromycin,1,0.01,S. flexneri,M90T,Sf,100x
66,5/4/2022,4,M17,1-4-M17,6.49,0.44,17,M,Azithromycin,1,0.01,S. flexneri,M90T,Sf,100x
67,5/4/2022,4,M17,1-4-M17,7.57,0.462,17,M,Azithromycin,1,0.01,S. flexneri,M90T,Sf,100x
68,5/4/2022,4,M17,1-4-M17,8.65,0.479,17,M,Azithromycin,1,0.01,S. flexneri,M90T,Sf,100x
69,5/4/2022,4,M17,1-4-M17,9.73,0.491,17,M,Azithromycin,1,0.01,S. flexneri,M90T,Sf,100x
70,5/4/2022,4,M17,1-4-M17,10.82,0.501,17,M,Azithromycin,1,0.01,S. flexneri,M90T,Sf,100x
71,5/4/2022,4,M17,1-4-M17,11.9,0.514,17,M,Azithromycin,1,0.01,S. flexneri,M90T,Sf,100x
72,5/4/2022,4,M17,1-4-M17,12.98,0.518,17,M,Azithromycin,1,0.01,S. flexneri,M90T,Sf,100x
73,5/4/2022,4,M17,1-4-M17,14.06,0.524,17,M,Azithromycin,1,0.01,S. flexneri,M90T,Sf,100x
74,5/4/2022,4,M17,1-4-M17,15.14,0.532,17,M,Azithromycin,1,0.01,S. flexneri,M90T,Sf,100x
75,5/4/2022,4,M19,1-4-M19,0,0.19,19,M,Azithromycin,1,0.003,S. flexneri,M90T,Sf,100x
76,5/4/2022,4,M19,1-4-M19,1.08,0.202,19,M,Azithromycin,1,0.003,S. flexneri,M90T,Sf,100x
77,5/4/2022,4,M19,1-4-M19,2.16,0.237,19,M,Azithromycin,1,0.003,S. flexneri,M90T,Sf,100x
78,5/4/2022,4,M19,1-4-M19,3.24,0.305,19,M,Azithromycin,1,0.003,S. flexneri,M90T,Sf,100x
79,5/4/2022,4,M19,1-4-M19,4.32,0.362,19,M,Azithromycin,1,0.003,S. flexneri,M90T,Sf,100x
80,5/4/2022,4,M19,1-4-M19,5.41,0.402,19,M,Azithromycin,1,0.003,S. flexneri,M90T,Sf,100x
81,5/4/2022,4,M19,1-4-M19,6.49,0.432,19,M,Azithromycin,1,0.003,S. flexneri,M90T,Sf,100x
82,5/4/2022,4,M19,1-4-M19,7.57,0.456,19,M,Azithromycin,1,0.003,S. flexneri,M90T,Sf,100x
83,5/4/2022,4,M19,1-4-M19,8.65,0.475,19,M,Azithromycin,1,0.003,S. flexneri,M90T,Sf,100x
84,5/4/2022,4,M19,1-4-M19,9.73,0.489,19,M,Azithromycin,1,0.003,S. flexneri,M90T,Sf,100x
85,5/4/2022,4,M19,1-4-M19,10.82,0.5,19,M,Azithromycin,1,0.003,S. flexneri,M90T,Sf,100x
86,5/4/2022,4,M19,1-4-M19,11.9,0.514,19,M,Azithromycin,1,0.003,S. flexneri,M90T,Sf,100x
87,5/4/2022,4,M19,1-4-M19,12.98,0.518,19,M,Azithromycin,1,0.003,S. flexneri,M90T,Sf,100x
88,5/4/2022,4,M19,1-4-M19,14.06,0.524,19,M,Azithromycin,1,0.003,S. flexneri,M90T,Sf,100x
89,5/4/2022,4,M19,1-4-M19,15.14,0.532,19,M,Azithromycin,1,0.003,S. flexneri,M90T,Sf,100x
90,5/4/2022,4,M21,1-4-M21,0,0.188,21,M,Azithromycin,1,0,S. flexneri,M90T,Sf,100x
91,5/4/2022,4,M21,1-4-M21,1.08,0.202,21,M,Azithromycin,1,0,S. flexneri,M90T,Sf,100x
92,5/4/2022,4,M21,1-4-M21,2.16,0.236,21,M,Azithromycin,1,0,S. flexneri,M90T,Sf,100x
93,5/4/2022,4,M21,1-4-M21,3.24,0.313,21,M,Azithromycin,1,0,S. flexneri,M90T,Sf,100x
94,5/4/2022,4,M21,1-4-M21,4.32,0.382,21,M,Azithromycin,1,0,S. flexneri,M90T,Sf,100x
95,5/4/2022,4,M21,1-4-M21,5.41,0.431,21,M,Azithromycin,1,0,S. flexneri,M90T,Sf,100x
96,5/4/2022,4,M21,1-4-M21,6.49,0.469,21,M,Azithromycin,1,0,S. flexneri,M90T,Sf,100x
97,5/4/2022,4,M21,1-4-M21,7.57,0.495,21,M,Azithromycin,1,0,S. flexneri,M90T,Sf,100x
98,5/4/2022,4,M21,1-4-M21,8.65,0.511,21,M,Azithromycin,1,0,S. flexneri,M90T,Sf,100x
99,5/4/2022,4,M21,1-4-M21,9.73,0.525,21,M,Azithromycin,1,0,S. flexneri,M90T,Sf,100x
100,5/4/2022,4,M21,1-4-M21,10.82,0.53,21,M,Azithromycin,1,0,S. flexneri,M90T,Sf,100x
101,5/4/2022,4,M21,1-4-M21,11.9,0.538,21,M,Azithromycin,1,0,S. flexneri,M90T,Sf,100x
102,5/4/2022,4,M21,1-4-M21,12.98,0.54,21,M,Azithromycin,1,0,S. flexneri,M90T,Sf,100x
103,5/4/2022,4,M21,1-4-M21,14.06,0.546,21,M,Azithromycin,1,0,S. flexneri,M90T,Sf,100x
104,5/4/2022,4,M21,1-4-M21,15.14,0.551,21,M,Azithromycin,1,0,S. flexneri,M90T,Sf,100x
105,5/4/2022,4,M23,1-4-M23,0,0.187,23,M,Azithromycin,1,-1,S. flexneri,M90T,Sf,100x
106,5/4/2022,4,M23,1-4-M23,1.08,0.193,23,M,Azithromycin,1,-1,S. flexneri,M90T,Sf,100x
107,5/4/2022,4,M23,1-4-M23,2.16,0.195,23,M,Azithromycin,1,-1,S. flexneri,M90T,Sf,100x
108,5/4/2022,4,M23,1-4-M23,3.24,0.192,23,M,Azithromycin,1,-1,S. flexneri,M90T,Sf,100x
109,5/4/2022,4,M23,1-4-M23,4.32,0.19,23,M,Azithromycin,1,-1,S. flexneri,M90T,Sf,100x
110,5/4/2022,4,M23,1-4-M23,5.41,0.189,23,M,Azithromycin,1,-1,S. flexneri,M90T,Sf,100x
111,5/4/2022,4,M23,1-4-M23,6.49,0.187,23,M,Azithromycin,1,-1,S. flexneri,M90T,Sf,100x
112,5/4/2022,4,M23,1-4-M23,7.57,0.187,23,M,Azithromycin,1,-1,S. flexneri,M90T,Sf,100x
113,5/4/2022,4,M23,1-4-M23,8.65,0.186,23,M,Azithromycin,1,-1,S. flexneri,M90T,Sf,100x
114,5/4/2022,4,M23,1-4-M23,9.73,0.186,23,M,Azithromycin,1,-1,S. flexneri,M90T,Sf,100x
115,5/4/2022,4,M23,1-4-M23,10.82,0.186,23,M,Azithromycin,1,-1,S. flexneri,M90T,Sf,100x
116,5/4/2022,4,M23,1-4-M23,11.9,0.187,23,M,Azithromycin,1,-1,S. flexneri,M90T,Sf,100x
117,5/4/2022,4,M23,1-4-M23,12.98,0.187,23,M,Azithromycin,1,-1,S. flexneri,M90T,Sf,100x
118,5/4/2022,4,M23,1-4-M23,14.06,0.186,23,M,Azithromycin,1,-1,S. flexneri,M90T,Sf,100x
119,5/4/2022,4,M23,1-4-M23,15.14,0.187,23,M,Azithromycin,1,-1,S. flexneri,M90T,Sf,100x
120,5/4/2022,4,M3,1-4-M3,0,0.196,3,M,Azithromycin,1,30,S. flexneri,M90T,Sf,100x
121,5/4/2022,4,M3,1-4-M3,1.08,0.2,3,M,Azithromycin,1,30,S. flexneri,M90T,Sf,100x
122,5/4/2022,4,M3,1-4-M3,2.16,0.202,3,M,Azithromycin,1,30,S. flexneri,M90T,Sf,100x
123,5/4/2022,4,M3,1-4-M3,3.24,0.204,3,M,Azithromycin,1,30,S. flexneri,M90T,Sf,100x
124,5/4/2022,4,M3,1-4-M3,4.32,0.206,3,M,Azithromycin,1,30,S. flexneri,M90T,Sf,100x
125,5/4/2022,4,M3,1-4-M3,5.41,0.21,3,M,Azithromycin,1,30,S. flexneri,M90T,Sf,100x
126,5/4/2022,4,M3,1-4-M3,6.49,0.215,3,M,Azithromycin,1,30,S. flexneri,M90T,Sf,100x
127,5/4/2022,4,M3,1-4-M3,7.57,0.223,3,M,Azithromycin,1,30,S. flexneri,M90T,Sf,100x
128,5/4/2022,4,M3,1-4-M3,8.65,0.236,3,M,Azithromycin,1,30,S. flexneri,M90T,Sf,100x
129,5/4/2022,4,M3,1-4-M3,9.73,0.252,3,M,Azithromycin,1,30,S. flexneri,M90T,Sf,100x
130,5/4/2022,4,M3,1-4-M3,10.82,0.268,3,M,Azithromycin,1,30,S. flexneri,M90T,Sf,100x
131,5/4/2022,4,M3,1-4-M3,11.9,0.287,3,M,Azithromycin,1,30,S. flexneri,M90T,Sf,100x
132,5/4/2022,4,M3,1-4-M3,12.98,0.306,3,M,Azithromycin,1,30,S. flexneri,M90T,Sf,100x
133,5/4/2022,4,M3,1-4-M3,14.06,0.322,3,M,Azithromycin,1,30,S. flexneri,M90T,Sf,100x
134,5/4/2022,4,M3,1-4-M3,15.14,0.338,3,M,Azithromycin,1,30,S. flexneri,M90T,Sf,100x
135,5/4/2022,4,M5,1-4-M5,0,0.216,5,M,Azithromycin,1,10,S. flexneri,M90T,Sf,100x
136,5/4/2022,4,M5,1-4-M5,1.08,0.226,5,M,Azithromycin,1,10,S. flexneri,M90T,Sf,100x
137,5/4/2022,4,M5,1-4-M5,2.16,0.236,5,M,Azithromycin,1,10,S. flexneri,M90T,Sf,100x
138,5/4/2022,4,M5,1-4-M5,3.24,0.262,5,M,Azithromycin,1,10,S. flexneri,M90T,Sf,100x
139,5/4/2022,4,M5,1-4-M5,4.32,0.292,5,M,Azithromycin,1,10,S. flexneri,M90T,Sf,100x
140,5/4/2022,4,M5,1-4-M5,5.41,0.323,5,M,Azithromycin,1,10,S. flexneri,M90T,Sf,100x
141,5/4/2022,4,M5,1-4-M5,6.49,0.359,5,M,Azithromycin,1,10,S. flexneri,M90T,Sf,100x
142,5/4/2022,4,M5,1-4-M5,7.57,0.387,5,M,Azithromycin,1,10,S. flexneri,M90T,Sf,100x
143,5/4/2022,4,M5,1-4-M5,8.65,0.401,5,M,Azithromycin,1,10,S. flexneri,M90T,Sf,100x
144,5/4/2022,4,M5,1-4-M5,9.73,0.409,5,M,Azithromycin,1,10,S. flexneri,M90T,Sf,100x
145,5/4/2022,4,M5,1-4-M5,10.82,0.416,5,M,Azithromycin,1,10,S. flexneri,M90T,Sf,100x
146,5/4/2022,4,M5,1-4-M5,11.9,0.419,5,M,Azithromycin,1,10,S. flexneri,M90T,Sf,100x
147,5/4/2022,4,M5,1-4-M5,12.98,0.418,5,M,Azithromycin,1,10,S. flexneri,M90T,Sf,100x
148,5/4/2022,4,M5,1-4-M5,14.06,0.422,5,M,Azithromycin,1,10,S. flexneri,M90T,Sf,100x
149,5/4/2022,4,M5,1-4-M5,15.14,0.43,5,M,Azithromycin,1,10,S. flexneri,M90T,Sf,100x
150,5/4/2022,4,M7,1-4-M7,0,0.22,7,M,Azithromycin,1,3,S. flexneri,M90T,Sf,100x
151,5/4/2022,4,M7,1-4-M7,1.08,0.232,7,M,Azithromycin,1,3,S. flexneri,M90T,Sf,100x
152,5/4/2022,4,M7,1-4-M7,2.16,0.259,7,M,Azithromycin,1,3,S. flexneri,M90T,Sf,100x
153,5/4/2022,4,M7,1-4-M7,3.24,0.321,7,M,Azithromycin,1,3,S. flexneri,M90T,Sf,100x
154,5/4/2022,4,M7,1-4-M7,4.32,0.379,7,M,Azithromycin,1,3,S. flexneri,M90T,Sf,100x
155,5/4/2022,4,M7,1-4-M7,5.41,0.42,7,M,Azithromycin,1,3,S. flexneri,M90T,Sf,100x
156,5/4/2022,4,M7,1-4-M7,6.49,0.446,7,M,Azithromycin,1,3,S. flexneri,M90T,Sf,100x
157,5/4/2022,4,M7,1-4-M7,7.57,0.466,7,M,Azithromycin,1,3,S. flexneri,M90T,Sf,100x
158,5/4/2022,4,M7,1-4-M7,8.65,0.475,7,M,Azithromycin,1,3,S. flexneri,M90T,Sf,100x
159,5/4/2022,4,M7,1-4-M7,9.73,0.482,7,M,Azithromycin,1,3,S. flexneri,M90T,Sf,100x
160,5/4/2022,4,M7,1-4-M7,10.82,0.484,7,M,Azithromycin,1,3,S. flexneri,M90T,Sf,100x
161,5/4/2022,4,M7,1-4-M7,11.9,0.502,7,M,Azithromycin,1,3,S. flexneri,M90T,Sf,100x
162,5/4/2022,4,M7,1-4-M7,12.98,0.504,7,M,Azithromycin,1,3,S. flexneri,M90T,Sf,100x
163,5/4/2022,4,M7,1-4-M7,14.06,0.504,7,M,Azithromycin,1,3,S. flexneri,M90T,Sf,100x
164,5/4/2022,4,M7,1-4-M7,15.14,0.506,7,M,Azithromycin,1,3,S. flexneri,M90T,Sf,100x
165,5/4/2022,4,M9,1-4-M9,0,0.198,9,M,Azithromycin,1,1,S. flexneri,M90T,Sf,100x
166,5/4/2022,4,M9,1-4-M9,1.08,0.217,9,M,Azithromycin,1,1,S. flexneri,M90T,Sf,100x
167,5/4/2022,4,M9,1-4-M9,2.16,0.246,9,M,Azithromycin,1,1,S. flexneri,M90T,Sf,100x
168,5/4/2022,4,M9,1-4-M9,3.24,0.312,9,M,Azithromycin,1,1,S. flexneri,M90T,Sf,100x
169,5/4/2022,4,M9,1-4-M9,4.32,0.377,9,M,Azithromycin,1,1,S. flexneri,M90T,Sf,100x
170,5/4/2022,4,M9,1-4-M9,5.41,0.423,9,M,Azithromycin,1,1,S. flexneri,M90T,Sf,100x
171,5/4/2022,4,M9,1-4-M9,6.49,0.46,9,M,Azithromycin,1,1,S. flexneri,M90T,Sf,100x
172,5/4/2022,4,M9,1-4-M9,7.57,0.482,9,M,Azithromycin,1,1,S. flexneri,M90T,Sf,100x
173,5/4/2022,4,M9,1-4-M9,8.65,0.499,9,M,Azithromycin,1,1,S. flexneri,M90T,Sf,100x
174,5/4/2022,4,M9,1-4-M9,9.73,0.505,9,M,Azithromycin,1,1,S. flexneri,M90T,Sf,100x
175,5/4/2022,4,M9,1-4-M9,10.82,0.508,9,M,Azithromycin,1,1,S. flexneri,M90T,Sf,100x
176,5/4/2022,4,M9,1-4-M9,11.9,0.515,9,M,Azithromycin,1,1,S. flexneri,M90T,Sf,100x
177,5/4/2022,4,M9,1-4-M9,12.98,0.517,9,M,Azithromycin,1,1,S. flexneri,M90T,Sf,100x
178,5/4/2022,4,M9,1-4-M9,14.06,0.522,9,M,Azithromycin,1,1,S. flexneri,M90T,Sf,100x
179,5/4/2022,4,M9,1-4-M9,15.14,0.52,9,M,Azithromycin,1,1,S. flexneri,M90T,Sf,100x
360,5/5/2022,2,M1,2-2-M1,0,0.202,1,M,Azithromycin,1,100,S. flexneri,M90T,Sf,100x
361,5/5/2022,2,M1,2-2-M1,1.08,0.214,1,M,Azithromycin,1,100,S. flexneri,M90T,Sf,100x
362,5/5/2022,2,M1,2-2-M1,2.16,0.209,1,M,Azithromycin,1,100,S. flexneri,M90T,Sf,100x
363,5/5/2022,2,M1,2-2-M1,3.24,0.207,1,M,Azithromycin,1,100,S. flexneri,M90T,Sf,100x
364,5/5/2022,2,M1,2-2-M1,4.32,0.208,1,M,Azithromycin,1,100,S. flexneri,M90T,Sf,100x
365,5/5/2022,2,M1,2-2-M1,5.4,0.207,1,M,Azithromycin,1,100,S. flexneri,M90T,Sf,100x
366,5/5/2022,2,M1,2-2-M1,6.48,0.206,1,M,Azithromycin,1,100,S. flexneri,M90T,Sf,100x
367,5/5/2022,2,M1,2-2-M1,7.57,0.205,1,M,Azithromycin,1,100,S. flexneri,M90T,Sf,100x
368,5/5/2022,2,M1,2-2-M1,8.65,0.203,1,M,Azithromycin,1,100,S. flexneri,M90T,Sf,100x
369,5/5/2022,2,M1,2-2-M1,9.73,0.205,1,M,Azithromycin,1,100,S. flexneri,M90T,Sf,100x
370,5/5/2022,2,M1,2-2-M1,10.81,0.203,1,M,Azithromycin,1,100,S. flexneri,M90T,Sf,100x
371,5/5/2022,2,M1,2-2-M1,11.89,0.201,1,M,Azithromycin,1,100,S. flexneri,M90T,Sf,100x
372,5/5/2022,2,M1,2-2-M1,12.97,0.201,1,M,Azithromycin,1,100,S. flexneri,M90T,Sf,100x
373,5/5/2022,2,M11,2-2-M11,0,0.202,11,M,Azithromycin,1,0.3,S. flexneri,M90T,Sf,100x
374,5/5/2022,2,M11,2-2-M11,1.08,0.228,11,M,Azithromycin,1,0.3,S. flexneri,M90T,Sf,100x
375,5/5/2022,2,M11,2-2-M11,2.16,0.211,11,M,Azithromycin,1,0.3,S. flexneri,M90T,Sf,100x
376,5/5/2022,2,M11,2-2-M11,3.24,0.228,11,M,Azithromycin,1,0.3,S. flexneri,M90T,Sf,100x
377,5/5/2022,2,M11,2-2-M11,4.32,0.276,11,M,Azithromycin,1,0.3,S. flexneri,M90T,Sf,100x
378,5/5/2022,2,M11,2-2-M11,5.4,0.333,11,M,Azithromycin,1,0.3,S. flexneri,M90T,Sf,100x
379,5/5/2022,2,M11,2-2-M11,6.48,0.381,11,M,Azithromycin,1,0.3,S. flexneri,M90T,Sf,100x
380,5/5/2022,2,M11,2-2-M11,7.57,0.408,11,M,Azithromycin,1,0.3,S. flexneri,M90T,Sf,100x
381,5/5/2022,2,M11,2-2-M11,8.65,0.438,11,M,Azithromycin,1,0.3,S. flexneri,M90T,Sf,100x
382,5/5/2022,2,M11,2-2-M11,9.73,0.463,11,M,Azithromycin,1,0.3,S. flexneri,M90T,Sf,100x
383,5/5/2022,2,M11,2-2-M11,10.81,0.469,11,M,Azithromycin,1,0.3,S. flexneri,M90T,Sf,100x
384,5/5/2022,2,M11,2-2-M11,11.89,0.473,11,M,Azithromycin,1,0.3,S. flexneri,M90T,Sf,100x
385,5/5/2022,2,M11,2-2-M11,12.97,0.479,11,M,Azithromycin,1,0.3,S. flexneri,M90T,Sf,100x
386,5/5/2022,2,M13,2-2-M13,0,0.226,13,M,Azithromycin,1,0.1,S. flexneri,M90T,Sf,100x
387,5/5/2022,2,M13,2-2-M13,1.08,0.233,13,M,Azithromycin,1,0.1,S. flexneri,M90T,Sf,100x
388,5/5/2022,2,M13,2-2-M13,2.16,0.233,13,M,Azithromycin,1,0.1,S. flexneri,M90T,Sf,100x
389,5/5/2022,2,M13,2-2-M13,3.24,0.258,13,M,Azithromycin,1,0.1,S. flexneri,M90T,Sf,100x
390,5/5/2022,2,M13,2-2-M13,4.32,0.318,13,M,Azithromycin,1,0.1,S. flexneri,M90T,Sf,100x
391,5/5/2022,2,M13,2-2-M13,5.4,0.381,13,M,Azithromycin,1,0.1,S. flexneri,M90T,Sf,100x
392,5/5/2022,2,M13,2-2-M13,6.48,0.426,13,M,Azithromycin,1,0.1,S. flexneri,M90T,Sf,100x
393,5/5/2022,2,M13,2-2-M13,7.57,0.458,13,M,Azithromycin,1,0.1,S. flexneri,M90T,Sf,100x
394,5/5/2022,2,M13,2-2-M13,8.65,0.489,13,M,Azithromycin,1,0.1,S. flexneri,M90T,Sf,100x
395,5/5/2022,2,M13,2-2-M13,9.73,0.511,13,M,Azithromycin,1,0.1,S. flexneri,M90T,Sf,100x
396,5/5/2022,2,M13,2-2-M13,10.81,0.523,13,M,Azithromycin,1,0.1,S. flexneri,M90T,Sf,100x
397,5/5/2022,2,M13,2-2-M13,11.89,0.53,13,M,Azithromycin,1,0.1,S. flexneri,M90T,Sf,100x
398,5/5/2022,2,M13,2-2-M13,12.97,0.536,13,M,Azithromycin,1,0.1,S. flexneri,M90T,Sf,100x
399,5/5/2022,2,M15,2-2-M15,0,0.202,15,M,Azithromycin,1,0.03,S. flexneri,M90T,Sf,100x
400,5/5/2022,2,M15,2-2-M15,1.08,0.219,15,M,Azithromycin,1,0.03,S. flexneri,M90T,Sf,100x
401,5/5/2022,2,M15,2-2-M15,2.16,0.216,15,M,Azithromycin,1,0.03,S. flexneri,M90T,Sf,100x
402,5/5/2022,2,M15,2-2-M15,3.24,0.242,15,M,Azithromycin,1,0.03,S. flexneri,M90T,Sf,100x
403,5/5/2022,2,M15,2-2-M15,4.32,0.294,15,M,Azithromycin,1,0.03,S. flexneri,M90T,Sf,100x
404,5/5/2022,2,M15,2-2-M15,5.4,0.346,15,M,Azithromycin,1,0.03,S. flexneri,M90T,Sf,100x
405,5/5/2022,2,M15,2-2-M15,6.48,0.387,15,M,Azithromycin,1,0.03,S. flexneri,M90T,Sf,100x
406,5/5/2022,2,M15,2-2-M15,7.57,0.419,15,M,Azithromycin,1,0.03,S. flexneri,M90T,Sf,100x
407,5/5/2022,2,M15,2-2-M15,8.65,0.447,15,M,Azithromycin,1,0.03,S. flexneri,M90T,Sf,100x
408,5/5/2022,2,M15,2-2-M15,9.73,0.471,15,M,Azithromycin,1,0.03,S. flexneri,M90T,Sf,100x
409,5/5/2022,2,M15,2-2-M15,10.81,0.48,15,M,Azithromycin,1,0.03,S. flexneri,M90T,Sf,100x
410,5/5/2022,2,M15,2-2-M15,11.89,0.488,15,M,Azithromycin,1,0.03,S. flexneri,M90T,Sf,100x
411,5/5/2022,2,M15,2-2-M15,12.97,0.498,15,M,Azithromycin,1,0.03,S. flexneri,M90T,Sf,100x
412,5/5/2022,2,M17,2-2-M17,0,0.222,17,M,Azithromycin,1,0.01,S. flexneri,M90T,Sf,100x
413,5/5/2022,2,M17,2-2-M17,1.08,0.233,17,M,Azithromycin,1,0.01,S. flexneri,M90T,Sf,100x
414,5/5/2022,2,M17,2-2-M17,2.16,0.231,17,M,Azithromycin,1,0.01,S. flexneri,M90T,Sf,100x
415,5/5/2022,2,M17,2-2-M17,3.24,0.259,17,M,Azithromycin,1,0.01,S. flexneri,M90T,Sf,100x
416,5/5/2022,2,M17,2-2-M17,4.32,0.329,17,M,Azithromycin,1,0.01,S. flexneri,M90T,Sf,100x
417,5/5/2022,2,M17,2-2-M17,5.4,0.407,17,M,Azithromycin,1,0.01,S. flexneri,M90T,Sf,100x
418,5/5/2022,2,M17,2-2-M17,6.48,0.467,17,M,Azithromycin,1,0.01,S. flexneri,M90T,Sf,100x
419,5/5/2022,2,M17,2-2-M17,7.57,0.514,17,M,Azithromycin,1,0.01,S. flexneri,M90T,Sf,100x
420,5/5/2022,2,M17,2-2-M17,8.65,0.548,17,M,Azithromycin,1,0.01,S. flexneri,M90T,Sf,100x
421,5/5/2022,2,M17,2-2-M17,9.73,0.569,17,M,Azithromycin,1,0.01,S. flexneri,M90T,Sf,100x
422,5/5/2022,2,M17,2-2-M17,10.81,0.582,17,M,Azithromycin,1,0.01,S. flexneri,M90T,Sf,100x
423,5/5/2022,2,M17,2-2-M17,11.89,0.587,17,M,Azithromycin,1,0.01,S. flexneri,M90T,Sf,100x
424,5/5/2022,2,M17,2-2-M17,12.97,0.59,17,M,Azithromycin,1,0.01,S. flexneri,M90T,Sf,100x
425,5/5/2022,2,M19,2-2-M19,0,0.185,19,M,Azithromycin,1,0.003,S. flexneri,M90T,Sf,100x
426,5/5/2022,2,M19,2-2-M19,1.08,0.201,19,M,Azithromycin,1,0.003,S. flexneri,M90T,Sf,100x
427,5/5/2022,2,M19,2-2-M19,2.16,0.2,19,M,Azithromycin,1,0.003,S. flexneri,M90T,Sf,100x
428,5/5/2022,2,M19,2-2-M19,3.24,0.228,19,M,Azithromycin,1,0.003,S. flexneri,M90T,Sf,100x
429,5/5/2022,2,M19,2-2-M19,4.32,0.285,19,M,Azithromycin,1,0.003,S. flexneri,M90T,Sf,100x
430,5/5/2022,2,M19,2-2-M19,5.4,0.336,19,M,Azithromycin,1,0.003,S. flexneri,M90T,Sf,100x
431,5/5/2022,2,M19,2-2-M19,6.48,0.38,19,M,Azithromycin,1,0.003,S. flexneri,M90T,Sf,100x
432,5/5/2022,2,M19,2-2-M19,7.57,0.41,19,M,Azithromycin,1,0.003,S. flexneri,M90T,Sf,100x
433,5/5/2022,2,M19,2-2-M19,8.65,0.437,19,M,Azithromycin,1,0.003,S. flexneri,M90T,Sf,100x
434,5/5/2022,2,M19,2-2-M19,9.73,0.458,19,M,Azithromycin,1,0.003,S. flexneri,M90T,Sf,100x
435,5/5/2022,2,M19,2-2-M19,10.81,0.473,19,M,Azithromycin,1,0.003,S. flexneri,M90T,Sf,100x
436,5/5/2022,2,M19,2-2-M19,11.89,0.483,19,M,Azithromycin,1,0.003,S. flexneri,M90T,Sf,100x
437,5/5/2022,2,M19,2-2-M19,12.97,0.492,19,M,Azithromycin,1,0.003,S. flexneri,M90T,Sf,100x
438,5/5/2022,2,M21,2-2-M21,0,0.182,21,M,Azithromycin,1,0,S. flexneri,M90T,Sf,100x
439,5/5/2022,2,M21,2-2-M21,1.08,0.197,21,M,Azithromycin,1,0,S. flexneri,M90T,Sf,100x
440,5/5/2022,2,M21,2-2-M21,2.16,0.19,21,M,Azithromycin,1,0,S. flexneri,M90T,Sf,100x
441,5/5/2022,2,M21,2-2-M21,3.24,0.217,21,M,Azithromycin,1,0,S. flexneri,M90T,Sf,100x
442,5/5/2022,2,M21,2-2-M21,4.32,0.27,21,M,Azithromycin,1,0,S. flexneri,M90T,Sf,100x
443,5/5/2022,2,M21,2-2-M21,5.4,0.326,21,M,Azithromycin,1,0,S. flexneri,M90T,Sf,100x
444,5/5/2022,2,M21,2-2-M21,6.48,0.37,21,M,Azithromycin,1,0,S. flexneri,M90T,Sf,100x
445,5/5/2022,2,M21,2-2-M21,7.57,0.404,21,M,Azithromycin,1,0,S. flexneri,M90T,Sf,100x
446,5/5/2022,2,M21,2-2-M21,8.65,0.435,21,M,Azithromycin,1,0,S. flexneri,M90T,Sf,100x
447,5/5/2022,2,M21,2-2-M21,9.73,0.465,21,M,Azithromycin,1,0,S. flexneri,M90T,Sf,100x
448,5/5/2022,2,M21,2-2-M21,10.81,0.475,21,M,Azithromycin,1,0,S. flexneri,M90T,Sf,100x
449,5/5/2022,2,M21,2-2-M21,11.89,0.49,21,M,Azithromycin,1,0,S. flexneri,M90T,Sf,100x
450,5/5/2022,2,M21,2-2-M21,12.97,0.499,21,M,Azithromycin,1,0,S. flexneri,M90T,Sf,100x
451,5/5/2022,2,M23,2-2-M23,0,0.173,23,M,Azithromycin,1,-1,S. flexneri,M90T,Sf,100x
452,5/5/2022,2,M23,2-2-M23,1.08,0.182,23,M,Azithromycin,1,-1,S. flexneri,M90T,Sf,100x
453,5/5/2022,2,M23,2-2-M23,2.16,0.179,23,M,Azithromycin,1,-1,S. flexneri,M90T,Sf,100x
454,5/5/2022,2,M23,2-2-M23,3.24,0.18,23,M,Azithromycin,1,-1,S. flexneri,M90T,Sf,100x
455,5/5/2022,2,M23,2-2-M23,4.32,0.179,23,M,Azithromycin,1,-1,S. flexneri,M90T,Sf,100x
456,5/5/2022,2,M23,2-2-M23,5.4,0.179,23,M,Azithromycin,1,-1,S. flexneri,M90T,Sf,100x
457,5/5/2022,2,M23,2-2-M23,6.48,0.179,23,M,Azithromycin,1,-1,S. flexneri,M90T,Sf,100x
458,5/5/2022,2,M23,2-2-M23,7.57,0.178,23,M,Azithromycin,1,-1,S. flexneri,M90T,Sf,100x
459,5/5/2022,2,M23,2-2-M23,8.65,0.179,23,M,Azithromycin,1,-1,S. flexneri,M90T,Sf,100x
460,5/5/2022,2,M23,2-2-M23,9.73,0.178,23,M,Azithromycin,1,-1,S. flexneri,M90T,Sf,100x
461,5/5/2022,2,M23,2-2-M23,10.81,0.178,23,M,Azithromycin,1,-1,S. flexneri,M90T,Sf,100x
462,5/5/2022,2,M23,2-2-M23,11.89,0.178,23,M,Azithromycin,1,-1,S. flexneri,M90T,Sf,100x
463,5/5/2022,2,M23,2-2-M23,12.97,0.179,23,M,Azithromycin,1,-1,S. flexneri,M90T,Sf,100x
464,5/5/2022,2,M3,2-2-M3,0,0.191,3,M,Azithromycin,1,30,S. flexneri,M90T,Sf,100x
465,5/5/2022,2,M3,2-2-M3,1.08,0.202,3,M,Azithromycin,1,30,S. flexneri,M90T,Sf,100x
466,5/5/2022,2,M3,2-2-M3,2.16,0.197,3,M,Azithromycin,1,30,S. flexneri,M90T,Sf,100x
467,5/5/2022,2,M3,2-2-M3,3.24,0.196,3,M,Azithromycin,1,30,S. flexneri,M90T,Sf,100x
468,5/5/2022,2,M3,2-2-M3,4.32,0.199,3,M,Azithromycin,1,30,S. flexneri,M90T,Sf,100x
469,5/5/2022,2,M3,2-2-M3,5.4,0.199,3,M,Azithromycin,1,30,S. flexneri,M90T,Sf,100x
470,5/5/2022,2,M3,2-2-M3,6.48,0.199,3,M,Azithromycin,1,30,S. flexneri,M90T,Sf,100x
471,5/5/2022,2,M3,2-2-M3,7.57,0.198,3,M,Azithromycin,1,30,S. flexneri,M90T,Sf,100x
472,5/5/2022,2,M3,2-2-M3,8.65,0.198,3,M,Azithromycin,1,30,S. flexneri,M90T,Sf,100x
473,5/5/2022,2,M3,2-2-M3,9.73,0.201,3,M,Azithromycin,1,30,S. flexneri,M90T,Sf,100x
474,5/5/2022,2,M3,2-2-M3,10.81,0.194,3,M,Azithromycin,1,30,S. flexneri,M90T,Sf,100x
475,5/5/2022,2,M3,2-2-M3,11.89,0.194,3,M,Azithromycin,1,30,S. flexneri,M90T,Sf,100x
476,5/5/2022,2,M3,2-2-M3,12.97,0.194,3,M,Azithromycin,1,30,S. flexneri,M90T,Sf,100x
477,5/5/2022,2,M5,2-2-M5,0,0.204,5,M,Azithromycin,1,10,S. flexneri,M90T,Sf,100x
478,5/5/2022,2,M5,2-2-M5,1.08,0.222,5,M,Azithromycin,1,10,S. flexneri,M90T,Sf,100x
479,5/5/2022,2,M5,2-2-M5,2.16,0.214,5,M,Azithromycin,1,10,S. flexneri,M90T,Sf,100x
480,5/5/2022,2,M5,2-2-M5,3.24,0.215,5,M,Azithromycin,1,10,S. flexneri,M90T,Sf,100x
481,5/5/2022,2,M5,2-2-M5,4.32,0.215,5,M,Azithromycin,1,10,S. flexneri,M90T,Sf,100x
482,5/5/2022,2,M5,2-2-M5,5.4,0.214,5,M,Azithromycin,1,10,S. flexneri,M90T,Sf,100x
483,5/5/2022,2,M5,2-2-M5,6.48,0.216,5,M,Azithromycin,1,10,S. flexneri,M90T,Sf,100x
484,5/5/2022,2,M5,2-2-M5,7.57,0.216,5,M,Azithromycin,1,10,S. flexneri,M90T,Sf,100x
485,5/5/2022,2,M5,2-2-M5,8.65,0.217,5,M,Azithromycin,1,10,S. flexneri,M90T,Sf,100x
486,5/5/2022,2,M5,2-2-M5,9.73,0.226,5,M,Azithromycin,1,10,S. flexneri,M90T,Sf,100x
487,5/5/2022,2,M5,2-2-M5,10.81,0.231,5,M,Azithromycin,1,10,S. flexneri,M90T,Sf,100x
488,5/5/2022,2,M5,2-2-M5,11.89,0.25,5,M,Azithromycin,1,10,S. flexneri,M90T,Sf,100x
489,5/5/2022,2,M5,2-2-M5,12.97,0.275,5,M,Azithromycin,1,10,S. flexneri,M90T,Sf,100x
490,5/5/2022,2,M7,2-2-M7,0,0.211,7,M,Azithromycin,1,3,S. flexneri,M90T,Sf,100x
491,5/5/2022,2,M7,2-2-M7,1.08,0.225,7,M,Azithromycin,1,3,S. flexneri,M90T,Sf,100x
492,5/5/2022,2,M7,2-2-M7,2.16,0.22,7,M,Azithromycin,1,3,S. flexneri,M90T,Sf,100x
493,5/5/2022,2,M7,2-2-M7,3.24,0.224,7,M,Azithromycin,1,3,S. flexneri,M90T,Sf,100x
494,5/5/2022,2,M7,2-2-M7,4.32,0.239,7,M,Azithromycin,1,3,S. flexneri,M90T,Sf,100x
495,5/5/2022,2,M7,2-2-M7,5.4,0.262,7,M,Azithromycin,1,3,S. flexneri,M90T,Sf,100x
496,5/5/2022,2,M7,2-2-M7,6.48,0.286,7,M,Azithromycin,1,3,S. flexneri,M90T,Sf,100x
497,5/5/2022,2,M7,2-2-M7,7.57,0.312,7,M,Azithromycin,1,3,S. flexneri,M90T,Sf,100x
498,5/5/2022,2,M7,2-2-M7,8.65,0.336,7,M,Azithromycin,1,3,S. flexneri,M90T,Sf,100x
499,5/5/2022,2,M7,2-2-M7,9.73,0.35,7,M,Azithromycin,1,3,S. flexneri,M90T,Sf,100x
500,5/5/2022,2,M7,2-2-M7,10.81,0.368,7,M,Azithromycin,1,3,S. flexneri,M90T,Sf,100x
501,5/5/2022,2,M7,2-2-M7,11.89,0.382,7,M,Azithromycin,1,3,S. flexneri,M90T,Sf,100x
502,5/5/2022,2,M7,2-2-M7,12.97,0.39,7,M,Azithromycin,1,3,S. flexneri,M90T,Sf,100x
503,5/5/2022,2,M9,2-2-M9,0,0.202,9,M,Azithromycin,1,1,S. flexneri,M90T,Sf,100x
504,5/5/2022,2,M9,2-2-M9,1.08,0.219,9,M,Azithromycin,1,1,S. flexneri,M90T,Sf,100x
505,5/5/2022,2,M9,2-2-M9,2.16,0.216,9,M,Azithromycin,1,1,S. flexneri,M90T,Sf,100x
506,5/5/2022,2,M9,2-2-M9,3.24,0.228,9,M,Azithromycin,1,1,S. flexneri,M90T,Sf,100x
507,5/5/2022,2,M9,2-2-M9,4.32,0.271,9,M,Azithromycin,1,1,S. flexneri,M90T,Sf,100x
508,5/5/2022,2,M9,2-2-M9,5.4,0.328,9,M,Azithromycin,1,1,S. flexneri,M90T,Sf,100x
509,5/5/2022,2,M9,2-2-M9,6.48,0.377,9,M,Azithromycin,1,1,S. flexneri,M90T,Sf,100x
510,5/5/2022,2,M9,2-2-M9,7.57,0.409,9,M,Azithromycin,1,1,S. flexneri,M90T,Sf,100x
511,5/5/2022,2,M9,2-2-M9,8.65,0.439,9,M,Azithromycin,1,1,S. flexneri,M90T,Sf,100x
512,5/5/2022,2,M9,2-2-M9,9.73,0.461,9,M,Azithromycin,1,1,S. flexneri,M90T,Sf,100x
513,5/5/2022,2,M9,2-2-M9,10.81,0.463,9,M,Azithromycin,1,1,S. flexneri,M90T,Sf,100x
514,5/5/2022,2,M9,2-2-M9,11.89,0.467,9,M,Azithromycin,1,1,S. flexneri,M90T,Sf,100x
515,5/5/2022,2,M9,2-2-M9,12.97,0.478,9,M,Azithromycin,1,1,S. flexneri,M90T,Sf,100x
852,5/13/2022,1,M1,3-1-M1,0,0.207,1,M,Azithromycin,1,100,S. flexneri,M90T,Sf,100x
853,5/13/2022,1,M1,3-1-M1,1.08,0.265,1,M,Azithromycin,1,100,S. flexneri,M90T,Sf,100x
854,5/13/2022,1,M1,3-1-M1,2.16,0.216,1,M,Azithromycin,1,100,S. flexneri,M90T,Sf,100x
855,5/13/2022,1,M1,3-1-M1,3.24,0.218,1,M,Azithromycin,1,100,S. flexneri,M90T,Sf,100x
856,5/13/2022,1,M1,3-1-M1,4.32,0.213,1,M,Azithromycin,1,100,S. flexneri,M90T,Sf,100x
857,5/13/2022,1,M1,3-1-M1,5.4,0.215,1,M,Azithromycin,1,100,S. flexneri,M90T,Sf,100x
858,5/13/2022,1,M1,3-1-M1,6.48,0.212,1,M,Azithromycin,1,100,S. flexneri,M90T,Sf,100x
859,5/13/2022,1,M1,3-1-M1,7.56,0.208,1,M,Azithromycin,1,100,S. flexneri,M90T,Sf,100x
860,5/13/2022,1,M1,3-1-M1,8.64,0.212,1,M,Azithromycin,1,100,S. flexneri,M90T,Sf,100x
861,5/13/2022,1,M1,3-1-M1,9.73,0.213,1,M,Azithromycin,1,100,S. flexneri,M90T,Sf,100x
862,5/13/2022,1,M1,3-1-M1,10.81,0.209,1,M,Azithromycin,1,100,S. flexneri,M90T,Sf,100x
863,5/13/2022,1,M1,3-1-M1,11.89,0.211,1,M,Azithromycin,1,100,S. flexneri,M90T,Sf,100x
864,5/13/2022,1,M1,3-1-M1,12.97,0.212,1,M,Azithromycin,1,100,S. flexneri,M90T,Sf,100x
865,5/13/2022,1,M11,3-1-M11,0,0.178,11,M,Azithromycin,1,0.3,S. flexneri,M90T,Sf,100x
866,5/13/2022,1,M11,3-1-M11,1.08,0.226,11,M,Azithromycin,1,0.3,S. flexneri,M90T,Sf,100x
867,5/13/2022,1,M11,3-1-M11,2.16,0.216,11,M,Azithromycin,1,0.3,S. flexneri,M90T,Sf,100x
868,5/13/2022,1,M11,3-1-M11,3.24,0.22,11,M,Azithromycin,1,0.3,S. flexneri,M90T,Sf,100x
869,5/13/2022,1,M11,3-1-M11,4.32,0.245,11,M,Azithromycin,1,0.3,S. flexneri,M90T,Sf,100x
870,5/13/2022,1,M11,3-1-M11,5.4,0.308,11,M,Azithromycin,1,0.3,S. flexneri,M90T,Sf,100x
871,5/13/2022,1,M11,3-1-M11,6.48,0.37,11,M,Azithromycin,1,0.3,S. flexneri,M90T,Sf,100x
872,5/13/2022,1,M11,3-1-M11,7.56,0.409,11,M,Azithromycin,1,0.3,S. flexneri,M90T,Sf,100x
873,5/13/2022,1,M11,3-1-M11,8.64,0.439,11,M,Azithromycin,1,0.3,S. flexneri,M90T,Sf,100x
874,5/13/2022,1,M11,3-1-M11,9.73,0.456,11,M,Azithromycin,1,0.3,S. flexneri,M90T,Sf,100x
875,5/13/2022,1,M11,3-1-M11,10.81,0.473,11,M,Azithromycin,1,0.3,S. flexneri,M90T,Sf,100x
876,5/13/2022,1,M11,3-1-M11,11.89,0.483,11,M,Azithromycin,1,0.3,S. flexneri,M90T,Sf,100x
877,5/13/2022,1,M11,3-1-M11,12.97,0.488,11,M,Azithromycin,1,0.3,S. flexneri,M90T,Sf,100x
878,5/13/2022,1,M13,3-1-M13,0,0.169,13,M,Azithromycin,1,0.1,S. flexneri,M90T,Sf,100x
879,5/13/2022,1,M13,3-1-M13,1.08,0.222,13,M,Azithromycin,1,0.1,S. flexneri,M90T,Sf,100x
880,5/13/2022,1,M13,3-1-M13,2.16,0.196,13,M,Azithromycin,1,0.1,S. flexneri,M90T,Sf,100x
881,5/13/2022,1,M13,3-1-M13,3.24,0.213,13,M,Azithromycin,1,0.1,S. flexneri,M90T,Sf,100x
882,5/13/2022,1,M13,3-1-M13,4.32,0.249,13,M,Azithromycin,1,0.1,S. flexneri,M90T,Sf,100x
883,5/13/2022,1,M13,3-1-M13,5.4,0.337,13,M,Azithromycin,1,0.1,S. flexneri,M90T,Sf,100x
884,5/13/2022,1,M13,3-1-M13,6.48,0.406,13,M,Azithromycin,1,0.1,S. flexneri,M90T,Sf,100x
885,5/13/2022,1,M13,3-1-M13,7.56,0.446,13,M,Azithromycin,1,0.1,S. flexneri,M90T,Sf,100x
886,5/13/2022,1,M13,3-1-M13,8.64,0.477,13,M,Azithromycin,1,0.1,S. flexneri,M90T,Sf,100x
887,5/13/2022,1,M13,3-1-M13,9.73,0.5,13,M,Azithromycin,1,0.1,S. flexneri,M90T,Sf,100x
888,5/13/2022,1,M13,3-1-M13,10.81,0.52,13,M,Azithromycin,1,0.1,S. flexneri,M90T,Sf,100x
889,5/13/2022,1,M13,3-1-M13,11.89,0.531,13,M,Azithromycin,1,0.1,S. flexneri,M90T,Sf,100x
890,5/13/2022,1,M13,3-1-M13,12.97,0.541,13,M,Azithromycin,1,0.1,S. flexneri,M90T,Sf,100x
891,5/13/2022,1,M15,3-1-M15,0,0.171,15,M,Azithromycin,1,0.03,S. flexneri,M90T,Sf,100x
892,5/13/2022,1,M15,3-1-M15,1.08,0.229,15,M,Azithromycin,1,0.03,S. flexneri,M90T,Sf,100x
893,5/13/2022,1,M15,3-1-M15,2.16,0.189,15,M,Azithromycin,1,0.03,S. flexneri,M90T,Sf,100x
894,5/13/2022,1,M15,3-1-M15,3.24,0.206,15,M,Azithromycin,1,0.03,S. flexneri,M90T,Sf,100x
895,5/13/2022,1,M15,3-1-M15,4.32,0.229,15,M,Azithromycin,1,0.03,S. flexneri,M90T,Sf,100x
896,5/13/2022,1,M15,3-1-M15,5.4,0.289,15,M,Azithromycin,1,0.03,S. flexneri,M90T,Sf,100x
897,5/13/2022,1,M15,3-1-M15,6.48,0.347,15,M,Azithromycin,1,0.03,S. flexneri,M90T,Sf,100x
898,5/13/2022,1,M15,3-1-M15,7.56,0.385,15,M,Azithromycin,1,0.03,S. flexneri,M90T,Sf,100x
899,5/13/2022,1,M15,3-1-M15,8.64,0.412,15,M,Azithromycin,1,0.03,S. flexneri,M90T,Sf,100x
900,5/13/2022,1,M15,3-1-M15,9.73,0.435,15,M,Azithromycin,1,0.03,S. flexneri,M90T,Sf,100x
901,5/13/2022,1,M15,3-1-M15,10.81,0.453,15,M,Azithromycin,1,0.03,S. flexneri,M90T,Sf,100x
902,5/13/2022,1,M15,3-1-M15,11.89,0.46,15,M,Azithromycin,1,0.03,S. flexneri,M90T,Sf,100x
903,5/13/2022,1,M15,3-1-M15,12.97,0.473,15,M,Azithromycin,1,0.03,S. flexneri,M90T,Sf,100x
904,5/13/2022,1,M17,3-1-M17,0,0.176,17,M,Azithromycin,1,0.01,S. flexneri,M90T,Sf,100x
905,5/13/2022,1,M17,3-1-M17,1.08,0.21,17,M,Azithromycin,1,0.01,S. flexneri,M90T,Sf,100x
906,5/13/2022,1,M17,3-1-M17,2.16,0.2,17,M,Azithromycin,1,0.01,S. flexneri,M90T,Sf,100x
907,5/13/2022,1,M17,3-1-M17,3.24,0.211,17,M,Azithromycin,1,0.01,S. flexneri,M90T,Sf,100x
908,5/13/2022,1,M17,3-1-M17,4.32,0.254,17,M,Azithromycin,1,0.01,S. flexneri,M90T,Sf,100x
909,5/13/2022,1,M17,3-1-M17,5.4,0.341,17,M,Azithromycin,1,0.01,S. flexneri,M90T,Sf,100x
910,5/13/2022,1,M17,3-1-M17,6.48,0.421,17,M,Azithromycin,1,0.01,S. flexneri,M90T,Sf,100x
911,5/13/2022,1,M17,3-1-M17,7.56,0.463,17,M,Azithromycin,1,0.01,S. flexneri,M90T,Sf,100x
912,5/13/2022,1,M17,3-1-M17,8.64,0.501,17,M,Azithromycin,1,0.01,S. flexneri,M90T,Sf,100x
913,5/13/2022,1,M17,3-1-M17,9.73,0.523,17,M,Azithromycin,1,0.01,S. flexneri,M90T,Sf,100x
914,5/13/2022,1,M17,3-1-M17,10.81,0.541,17,M,Azithromycin,1,0.01,S. flexneri,M90T,Sf,100x
915,5/13/2022,1,M17,3-1-M17,11.89,0.548,17,M,Azithromycin,1,0.01,S. flexneri,M90T,Sf,100x
916,5/13/2022,1,M17,3-1-M17,12.97,0.554,17,M,Azithromycin,1,0.01,S. flexneri,M90T,Sf,100x
917,5/13/2022,1,M19,3-1-M19,0,0.162,19,M,Azithromycin,1,0.003,S. flexneri,M90T,Sf,100x
918,5/13/2022,1,M19,3-1-M19,1.08,0.183,19,M,Azithromycin,1,0.003,S. flexneri,M90T,Sf,100x
919,5/13/2022,1,M19,3-1-M19,2.16,0.183,19,M,Azithromycin,1,0.003,S. flexneri,M90T,Sf,100x
920,5/13/2022,1,M19,3-1-M19,3.24,0.195,19,M,Azithromycin,1,0.003,S. flexneri,M90T,Sf,100x
921,5/13/2022,1,M19,3-1-M19,4.32,0.24,19,M,Azithromycin,1,0.003,S. flexneri,M90T,Sf,100x
922,5/13/2022,1,M19,3-1-M19,5.4,0.322,19,M,Azithromycin,1,0.003,S. flexneri,M90T,Sf,100x
923,5/13/2022,1,M19,3-1-M19,6.48,0.39,19,M,Azithromycin,1,0.003,S. flexneri,M90T,Sf,100x
924,5/13/2022,1,M19,3-1-M19,7.56,0.43,19,M,Azithromycin,1,0.003,S. flexneri,M90T,Sf,100x
925,5/13/2022,1,M19,3-1-M19,8.64,0.455,19,M,Azithromycin,1,0.003,S. flexneri,M90T,Sf,100x
926,5/13/2022,1,M19,3-1-M19,9.73,0.478,19,M,Azithromycin,1,0.003,S. flexneri,M90T,Sf,100x
927,5/13/2022,1,M19,3-1-M19,10.81,0.494,19,M,Azithromycin,1,0.003,S. flexneri,M90T,Sf,100x
928,5/13/2022,1,M19,3-1-M19,11.89,0.505,19,M,Azithromycin,1,0.003,S. flexneri,M90T,Sf,100x
929,5/13/2022,1,M19,3-1-M19,12.97,0.511,19,M,Azithromycin,1,0.003,S. flexneri,M90T,Sf,100x
930,5/13/2022,1,M21,3-1-M21,0,0.168,21,M,Azithromycin,1,0,S. flexneri,M90T,Sf,100x
931,5/13/2022,1,M21,3-1-M21,1.08,0.206,21,M,Azithromycin,1,0,S. flexneri,M90T,Sf,100x
932,5/13/2022,1,M21,3-1-M21,2.16,0.18,21,M,Azithromycin,1,0,S. flexneri,M90T,Sf,100x
933,5/13/2022,1,M21,3-1-M21,3.24,0.194,21,M,Azithromycin,1,0,S. flexneri,M90T,Sf,100x
934,5/13/2022,1,M21,3-1-M21,4.32,0.242,21,M,Azithromycin,1,0,S. flexneri,M90T,Sf,100x
935,5/13/2022,1,M21,3-1-M21,5.4,0.317,21,M,Azithromycin,1,0,S. flexneri,M90T,Sf,100x
936,5/13/2022,1,M21,3-1-M21,6.48,0.377,21,M,Azithromycin,1,0,S. flexneri,M90T,Sf,100x
937,5/13/2022,1,M21,3-1-M21,7.56,0.414,21,M,Azithromycin,1,0,S. flexneri,M90T,Sf,100x
938,5/13/2022,1,M21,3-1-M21,8.64,0.439,21,M,Azithromycin,1,0,S. flexneri,M90T,Sf,100x
939,5/13/2022,1,M21,3-1-M21,9.73,0.464,21,M,Azithromycin,1,0,S. flexneri,M90T,Sf,100x
940,5/13/2022,1,M21,3-1-M21,10.81,0.482,21,M,Azithromycin,1,0,S. flexneri,M90T,Sf,100x
941,5/13/2022,1,M21,3-1-M21,11.89,0.49,21,M,Azithromycin,1,0,S. flexneri,M90T,Sf,100x
942,5/13/2022,1,M21,3-1-M21,12.97,0.498,21,M,Azithromycin,1,0,S. flexneri,M90T,Sf,100x
943,5/13/2022,1,M23,3-1-M23,0,0.171,23,M,Azithromycin,1,-1,S. flexneri,M90T,Sf,100x
944,5/13/2022,1,M23,3-1-M23,1.08,0.19,23,M,Azithromycin,1,-1,S. flexneri,M90T,Sf,100x
945,5/13/2022,1,M23,3-1-M23,2.16,0.183,23,M,Azithromycin,1,-1,S. flexneri,M90T,Sf,100x
946,5/13/2022,1,M23,3-1-M23,3.24,0.185,23,M,Azithromycin,1,-1,S. flexneri,M90T,Sf,100x
947,5/13/2022,1,M23,3-1-M23,4.32,0.184,23,M,Azithromycin,1,-1,S. flexneri,M90T,Sf,100x
948,5/13/2022,1,M23,3-1-M23,5.4,0.186,23,M,Azithromycin,1,-1,S. flexneri,M90T,Sf,100x
949,5/13/2022,1,M23,3-1-M23,6.48,0.184,23,M,Azithromycin,1,-1,S. flexneri,M90T,Sf,100x
950,5/13/2022,1,M23,3-1-M23,7.56,0.184,23,M,Azithromycin,1,-1,S. flexneri,M90T,Sf,100x
951,5/13/2022,1,M23,3-1-M23,8.64,0.183,23,M,Azithromycin,1,-1,S. flexneri,M90T,Sf,100x
952,5/13/2022,1,M23,3-1-M23,9.73,0.182,23,M,Azithromycin,1,-1,S. flexneri,M90T,Sf,100x
953,5/13/2022,1,M23,3-1-M23,10.81,0.181,23,M,Azithromycin,1,-1,S. flexneri,M90T,Sf,100x
954,5/13/2022,1,M23,3-1-M23,11.89,0.181,23,M,Azithromycin,1,-1,S. flexneri,M90T,Sf,100x
955,5/13/2022,1,M23,3-1-M23,12.97,0.182,23,M,Azithromycin,1,-1,S. flexneri,M90T,Sf,100x
956,5/13/2022,1,M3,3-1-M3,0,0.216,3,M,Azithromycin,1,30,S. flexneri,M90T,Sf,100x
957,5/13/2022,1,M3,3-1-M3,1.08,0.275,3,M,Azithromycin,1,30,S. flexneri,M90T,Sf,100x
958,5/13/2022,1,M3,3-1-M3,2.16,0.223,3,M,Azithromycin,1,30,S. flexneri,M90T,Sf,100x
959,5/13/2022,1,M3,3-1-M3,3.24,0.23,3,M,Azithromycin,1,30,S. flexneri,M90T,Sf,100x
960,5/13/2022,1,M3,3-1-M3,4.32,0.22,3,M,Azithromycin,1,30,S. flexneri,M90T,Sf,100x
961,5/13/2022,1,M3,3-1-M3,5.4,0.226,3,M,Azithromycin,1,30,S. flexneri,M90T,Sf,100x
962,5/13/2022,1,M3,3-1-M3,6.48,0.23,3,M,Azithromycin,1,30,S. flexneri,M90T,Sf,100x
963,5/13/2022,1,M3,3-1-M3,7.56,0.229,3,M,Azithromycin,1,30,S. flexneri,M90T,Sf,100x
964,5/13/2022,1,M3,3-1-M3,8.64,0.222,3,M,Azithromycin,1,30,S. flexneri,M90T,Sf,100x
965,5/13/2022,1,M3,3-1-M3,9.73,0.226,3,M,Azithromycin,1,30,S. flexneri,M90T,Sf,100x
966,5/13/2022,1,M3,3-1-M3,10.81,0.219,3,M,Azithromycin,1,30,S. flexneri,M90T,Sf,100x
967,5/13/2022,1,M3,3-1-M3,11.89,0.223,3,M,Azithromycin,1,30,S. flexneri,M90T,Sf,100x
968,5/13/2022,1,M3,3-1-M3,12.97,0.227,3,M,Azithromycin,1,30,S. flexneri,M90T,Sf,100x
969,5/13/2022,1,M5,3-1-M5,0,0.205,5,M,Azithromycin,1,10,S. flexneri,M90T,Sf,100x
970,5/13/2022,1,M5,3-1-M5,1.08,0.27,5,M,Azithromycin,1,10,S. flexneri,M90T,Sf,100x
971,5/13/2022,1,M5,3-1-M5,2.16,0.243,5,M,Azithromycin,1,10,S. flexneri,M90T,Sf,100x
972,5/13/2022,1,M5,3-1-M5,3.24,0.254,5,M,Azithromycin,1,10,S. flexneri,M90T,Sf,100x
973,5/13/2022,1,M5,3-1-M5,4.32,0.241,5,M,Azithromycin,1,10,S. flexneri,M90T,Sf,100x
974,5/13/2022,1,M5,3-1-M5,5.4,0.262,5,M,Azithromycin,1,10,S. flexneri,M90T,Sf,100x
975,5/13/2022,1,M5,3-1-M5,6.48,0.277,5,M,Azithromycin,1,10,S. flexneri,M90T,Sf,100x
976,5/13/2022,1,M5,3-1-M5,7.56,0.287,5,M,Azithromycin,1,10,S. flexneri,M90T,Sf,100x
977,5/13/2022,1,M5,3-1-M5,8.64,0.301,5,M,Azithromycin,1,10,S. flexneri,M90T,Sf,100x
978,5/13/2022,1,M5,3-1-M5,9.73,0.334,5,M,Azithromycin,1,10,S. flexneri,M90T,Sf,100x
979,5/13/2022,1,M5,3-1-M5,10.81,0.354,5,M,Azithromycin,1,10,S. flexneri,M90T,Sf,100x
980,5/13/2022,1,M5,3-1-M5,11.89,0.384,5,M,Azithromycin,1,10,S. flexneri,M90T,Sf,100x
981,5/13/2022,1,M5,3-1-M5,12.97,0.399,5,M,Azithromycin,1,10,S. flexneri,M90T,Sf,100x
982,5/13/2022,1,M7,3-1-M7,0,0.201,7,M,Azithromycin,1,3,S. flexneri,M90T,Sf,100x
983,5/13/2022,1,M7,3-1-M7,1.08,0.223,7,M,Azithromycin,1,3,S. flexneri,M90T,Sf,100x
984,5/13/2022,1,M7,3-1-M7,2.16,0.21,7,M,Azithromycin,1,3,S. flexneri,M90T,Sf,100x
985,5/13/2022,1,M7,3-1-M7,3.24,0.216,7,M,Azithromycin,1,3,S. flexneri,M90T,Sf,100x
986,5/13/2022,1,M7,3-1-M7,4.32,0.23,7,M,Azithromycin,1,3,S. flexneri,M90T,Sf,100x
987,5/13/2022,1,M7,3-1-M7,5.4,0.283,7,M,Azithromycin,1,3,S. flexneri,M90T,Sf,100x
988,5/13/2022,1,M7,3-1-M7,6.48,0.342,7,M,Azithromycin,1,3,S. flexneri,M90T,Sf,100x
989,5/13/2022,1,M7,3-1-M7,7.56,0.399,7,M,Azithromycin,1,3,S. flexneri,M90T,Sf,100x
990,5/13/2022,1,M7,3-1-M7,8.64,0.43,7,M,Azithromycin,1,3,S. flexneri,M90T,Sf,100x
991,5/13/2022,1,M7,3-1-M7,9.73,0.441,7,M,Azithromycin,1,3,S. flexneri,M90T,Sf,100x
992,5/13/2022,1,M7,3-1-M7,10.81,0.44,7,M,Azithromycin,1,3,S. flexneri,M90T,Sf,100x
993,5/13/2022,1,M7,3-1-M7,11.89,0.444,7,M,Azithromycin,1,3,S. flexneri,M90T,Sf,100x
994,5/13/2022,1,M7,3-1-M7,12.97,0.45,7,M,Azithromycin,1,3,S. flexneri,M90T,Sf,100x
995,5/13/2022,1,M9,3-1-M9,0,0.185,9,M,Azithromycin,1,1,S. flexneri,M90T,Sf,100x
996,5/13/2022,1,M9,3-1-M9,1.08,0.221,9,M,Azithromycin,1,1,S. flexneri,M90T,Sf,100x
997,5/13/2022,1,M9,3-1-M9,2.16,0.216,9,M,Azithromycin,1,1,S. flexneri,M90T,Sf,100x
998,5/13/2022,1,M9,3-1-M9,3.24,0.222,9,M,Azithromycin,1,1,S. flexneri,M90T,Sf,100x
999,5/13/2022,1,M9,3-1-M9,4.32,0.247,9,M,Azithromycin,1,1,S. flexneri,M90T,Sf,100x
1000,5/13/2022,1,M9,3-1-M9,5.4,0.311,9,M,Azithromycin,1,1,S. flexneri,M90T,Sf,100x
1001,5/13/2022,1,M9,3-1-M9,6.48,0.372,9,M,Azithromycin,1,1,S. flexneri,M90T,Sf,100x
1002,5/13/2022,1,M9,3-1-M9,7.56,0.418,9,M,Azithromycin,1,1,S. flexneri,M90T,Sf,100x
1003,5/13/2022,1,M9,3-1-M9,8.64,0.449,9,M,Azithromycin,1,1,S. flexneri,M90T,Sf,100x
1004,5/13/2022,1,M9,3-1-M9,9.73,0.46,9,M,Azithromycin,1,1,S. flexneri,M90T,Sf,100x
1005,5/13/2022,1,M9,3-1-M9,10.81,0.467,9,M,Azithromycin,1,1,S. flexneri,M90T,Sf,100x
1006,5/13/2022,1,M9,3-1-M9,11.89,0.476,9,M,Azithromycin,1,1,S. flexneri,M90T,Sf,100x
1007,5/13/2022,1,M9,3-1-M9,12.97,0.48,9,M,Azithromycin,1,1,S. flexneri,M90T,Sf,100x
1008,5/13/2022,6,M1,3-6-M1,0,0.206,1,M,Azithromycin,1,100,S. flexneri,M90T,Sf,100x
1009,5/13/2022,6,M1,3-6-M1,1.09,0.209,1,M,Azithromycin,1,100,S. flexneri,M90T,Sf,100x
1010,5/13/2022,6,M1,3-6-M1,2.17,0.207,1,M,Azithromycin,1,100,S. flexneri,M90T,Sf,100x
1011,5/13/2022,6,M1,3-6-M1,3.25,0.206,1,M,Azithromycin,1,100,S. flexneri,M90T,Sf,100x
1012,5/13/2022,6,M1,3-6-M1,4.33,0.204,1,M,Azithromycin,1,100,S. flexneri,M90T,Sf,100x
1013,5/13/2022,6,M1,3-6-M1,5.41,0.202,1,M,Azithromycin,1,100,S. flexneri,M90T,Sf,100x
1014,5/13/2022,6,M1,3-6-M1,6.5,0.2,1,M,Azithromycin,1,100,S. flexneri,M90T,Sf,100x
1015,5/13/2022,6,M1,3-6-M1,7.58,0.2,1,M,Azithromycin,1,100,S. flexneri,M90T,Sf,100x
1016,5/13/2022,6,M1,3-6-M1,8.66,0.199,1,M,Azithromycin,1,100,S. flexneri,M90T,Sf,100x
1017,5/13/2022,6,M1,3-6-M1,9.74,0.197,1,M,Azithromycin,1,100,S. flexneri,M90T,Sf,100x
1018,5/13/2022,6,M1,3-6-M1,10.82,0.197,1,M,Azithromycin,1,100,S. flexneri,M90T,Sf,100x
1019,5/13/2022,6,M1,3-6-M1,11.91,0.196,1,M,Azithromycin,1,100,S. flexneri,M90T,Sf,100x
1020,5/13/2022,6,M1,3-6-M1,12.99,0.197,1,M,Azithromycin,1,100,S. flexneri,M90T,Sf,100x
1021,5/13/2022,6,M11,3-6-M11,0,0.187,11,M,Azithromycin,1,0.3,S. flexneri,M90T,Sf,100x
1022,5/13/2022,6,M11,3-6-M11,1.09,0.189,11,M,Azithromycin,1,0.3,S. flexneri,M90T,Sf,100x
1023,5/13/2022,6,M11,3-6-M11,2.17,0.191,11,M,Azithromycin,1,0.3,S. flexneri,M90T,Sf,100x
1024,5/13/2022,6,M11,3-6-M11,3.25,0.194,11,M,Azithromycin,1,0.3,S. flexneri,M90T,Sf,100x
1025,5/13/2022,6,M11,3-6-M11,4.33,0.211,11,M,Azithromycin,1,0.3,S. flexneri,M90T,Sf,100x
1026,5/13/2022,6,M11,3-6-M11,5.41,0.254,11,M,Azithromycin,1,0.3,S. flexneri,M90T,Sf,100x
1027,5/13/2022,6,M11,3-6-M11,6.5,0.302,11,M,Azithromycin,1,0.3,S. flexneri,M90T,Sf,100x
1028,5/13/2022,6,M11,3-6-M11,7.58,0.347,11,M,Azithromycin,1,0.3,S. flexneri,M90T,Sf,100x
1029,5/13/2022,6,M11,3-6-M11,8.66,0.38,11,M,Azithromycin,1,0.3,S. flexneri,M90T,Sf,100x
1030,5/13/2022,6,M11,3-6-M11,9.74,0.407,11,M,Azithromycin,1,0.3,S. flexneri,M90T,Sf,100x
1031,5/13/2022,6,M11,3-6-M11,10.82,0.426,11,M,Azithromycin,1,0.3,S. flexneri,M90T,Sf,100x
1032,5/13/2022,6,M11,3-6-M11,11.91,0.44,11,M,Azithromycin,1,0.3,S. flexneri,M90T,Sf,100x
1033,5/13/2022,6,M11,3-6-M11,12.99,0.449,11,M,Azithromycin,1,0.3,S. flexneri,M90T,Sf,100x
1034,5/13/2022,6,M13,3-6-M13,0,0.18,13,M,Azithromycin,1,0.1,S. flexneri,M90T,Sf,100x
1035,5/13/2022,6,M13,3-6-M13,1.09,0.184,13,M,Azithromycin,1,0.1,S. flexneri,M90T,Sf,100x
1036,5/13/2022,6,M13,3-6-M13,2.17,0.186,13,M,Azithromycin,1,0.1,S. flexneri,M90T,Sf,100x
1037,5/13/2022,6,M13,3-6-M13,3.25,0.191,13,M,Azithromycin,1,0.1,S. flexneri,M90T,Sf,100x
1038,5/13/2022,6,M13,3-6-M13,4.33,0.214,13,M,Azithromycin,1,0.1,S. flexneri,M90T,Sf,100x
1039,5/13/2022,6,M13,3-6-M13,5.41,0.28,13,M,Azithromycin,1,0.1,S. flexneri,M90T,Sf,100x
1040,5/13/2022,6,M13,3-6-M13,6.5,0.355,13,M,Azithromycin,1,0.1,S. flexneri,M90T,Sf,100x
1041,5/13/2022,6,M13,3-6-M13,7.58,0.405,13,M,Azithromycin,1,0.1,S. flexneri,M90T,Sf,100x
1042,5/13/2022,6,M13,3-6-M13,8.66,0.435,13,M,Azithromycin,1,0.1,S. flexneri,M90T,Sf,100x
1043,5/13/2022,6,M13,3-6-M13,9.74,0.458,13,M,Azithromycin,1,0.1,S. flexneri,M90T,Sf,100x
1044,5/13/2022,6,M13,3-6-M13,10.82,0.476,13,M,Azithromycin,1,0.1,S. flexneri,M90T,Sf,100x
1045,5/13/2022,6,M13,3-6-M13,11.91,0.486,13,M,Azithromycin,1,0.1,S. flexneri,M90T,Sf,100x
1046,5/13/2022,6,M13,3-6-M13,12.99,0.498,13,M,Azithromycin,1,0.1,S. flexneri,M90T,Sf,100x
1047,5/13/2022,6,M15,3-6-M15,0,0.182,15,M,Azithromycin,1,0.03,S. flexneri,M90T,Sf,100x
1048,5/13/2022,6,M15,3-6-M15,1.09,0.189,15,M,Azithromycin,1,0.03,S. flexneri,M90T,Sf,100x
1049,5/13/2022,6,M15,3-6-M15,2.17,0.19,15,M,Azithromycin,1,0.03,S. flexneri,M90T,Sf,100x
1050,5/13/2022,6,M15,3-6-M15,3.25,0.193,15,M,Azithromycin,1,0.03,S. flexneri,M90T,Sf,100x
1051,5/13/2022,6,M15,3-6-M15,4.33,0.209,15,M,Azithromycin,1,0.03,S. flexneri,M90T,Sf,100x
1052,5/13/2022,6,M15,3-6-M15,5.41,0.256,15,M,Azithromycin,1,0.03,S. flexneri,M90T,Sf,100x
1053,5/13/2022,6,M15,3-6-M15,6.5,0.311,15,M,Azithromycin,1,0.03,S. flexneri,M90T,Sf,100x
1054,5/13/2022,6,M15,3-6-M15,7.58,0.36,15,M,Azithromycin,1,0.03,S. flexneri,M90T,Sf,100x
1055,5/13/2022,6,M15,3-6-M15,8.66,0.398,15,M,Azithromycin,1,0.03,S. flexneri,M90T,Sf,100x
1056,5/13/2022,6,M15,3-6-M15,9.74,0.428,15,M,Azithromycin,1,0.03,S. flexneri,M90T,Sf,100x
1057,5/13/2022,6,M15,3-6-M15,10.82,0.453,15,M,Azithromycin,1,0.03,S. flexneri,M90T,Sf,100x
1058,5/13/2022,6,M15,3-6-M15,11.91,0.473,15,M,Azithromycin,1,0.03,S. flexneri,M90T,Sf,100x
1059,5/13/2022,6,M15,3-6-M15,12.99,0.486,15,M,Azithromycin,1,0.03,S. flexneri,M90T,Sf,100x
1060,5/13/2022,6,M17,3-6-M17,0,0.154,17,M,Azithromycin,1,0.01,S. flexneri,M90T,Sf,100x
1061,5/13/2022,6,M17,3-6-M17,1.09,0.166,17,M,Azithromycin,1,0.01,S. flexneri,M90T,Sf,100x
1062,5/13/2022,6,M17,3-6-M17,2.17,0.169,17,M,Azithromycin,1,0.01,S. flexneri,M90T,Sf,100x
1063,5/13/2022,6,M17,3-6-M17,3.25,0.172,17,M,Azithromycin,1,0.01,S. flexneri,M90T,Sf,100x
1064,5/13/2022,6,M17,3-6-M17,4.33,0.192,17,M,Azithromycin,1,0.01,S. flexneri,M90T,Sf,100x
1065,5/13/2022,6,M17,3-6-M17,5.41,0.239,17,M,Azithromycin,1,0.01,S. flexneri,M90T,Sf,100x
1066,5/13/2022,6,M17,3-6-M17,6.5,0.292,17,M,Azithromycin,1,0.01,S. flexneri,M90T,Sf,100x
1067,5/13/2022,6,M17,3-6-M17,7.58,0.333,17,M,Azithromycin,1,0.01,S. flexneri,M90T,Sf,100x
1068,5/13/2022,6,M17,3-6-M17,8.66,0.365,17,M,Azithromycin,1,0.01,S. flexneri,M90T,Sf,100x
1069,5/13/2022,6,M17,3-6-M17,9.74,0.386,17,M,Azithromycin,1,0.01,S. flexneri,M90T,Sf,100x
1070,5/13/2022,6,M17,3-6-M17,10.82,0.402,17,M,Azithromycin,1,0.01,S. flexneri,M90T,Sf,100x
1071,5/13/2022,6,M17,3-6-M17,11.91,0.417,17,M,Azithromycin,1,0.01,S. flexneri,M90T,Sf,100x
1072,5/13/2022,6,M17,3-6-M17,12.99,0.429,17,M,Azithromycin,1,0.01,S. flexneri,M90T,Sf,100x
1073,5/13/2022,6,M19,3-6-M19,0,0.162,19,M,Azithromycin,1,0.003,S. flexneri,M90T,Sf,100x
1074,5/13/2022,6,M19,3-6-M19,1.09,0.176,19,M,Azithromycin,1,0.003,S. flexneri,M90T,Sf,100x
1075,5/13/2022,6,M19,3-6-M19,2.17,0.178,19,M,Azithromycin,1,0.003,S. flexneri,M90T,Sf,100x
1076,5/13/2022,6,M19,3-6-M19,3.25,0.184,19,M,Azithromycin,1,0.003,S. flexneri,M90T,Sf,100x
1077,5/13/2022,6,M19,3-6-M19,4.33,0.212,19,M,Azithromycin,1,0.003,S. flexneri,M90T,Sf,100x
1078,5/13/2022,6,M19,3-6-M19,5.41,0.275,19,M,Azithromycin,1,0.003,S. flexneri,M90T,Sf,100x
1079,5/13/2022,6,M19,3-6-M19,6.5,0.346,19,M,Azithromycin,1,0.003,S. flexneri,M90T,Sf,100x
1080,5/13/2022,6,M19,3-6-M19,7.58,0.402,19,M,Azithromycin,1,0.003,S. flexneri,M90T,Sf,100x
1081,5/13/2022,6,M19,3-6-M19,8.66,0.431,19,M,Azithromycin,1,0.003,S. flexneri,M90T,Sf,100x
1082,5/13/2022,6,M19,3-6-M19,9.74,0.461,19,M,Azithromycin,1,0.003,S. flexneri,M90T,Sf,100x
1083,5/13/2022,6,M19,3-6-M19,10.82,0.484,19,M,Azithromycin,1,0.003,S. flexneri,M90T,Sf,100x
1084,5/13/2022,6,M19,3-6-M19,11.91,0.503,19,M,Azithromycin,1,0.003,S. flexneri,M90T,Sf,100x
1085,5/13/2022,6,M19,3-6-M19,12.99,0.511,19,M,Azithromycin,1,0.003,S. flexneri,M90T,Sf,100x
1086,5/13/2022,6,M21,3-6-M21,0,0.187,21,M,Azithromycin,1,0,S. flexneri,M90T,Sf,100x
1087,5/13/2022,6,M21,3-6-M21,1.09,0.19,21,M,Azithromycin,1,0,S. flexneri,M90T,Sf,100x
1088,5/13/2022,6,M21,3-6-M21,2.17,0.196,21,M,Azithromycin,1,0,S. flexneri,M90T,Sf,100x
1089,5/13/2022,6,M21,3-6-M21,3.25,0.199,21,M,Azithromycin,1,0,S. flexneri,M90T,Sf,100x
1090,5/13/2022,6,M21,3-6-M21,4.33,0.216,21,M,Azithromycin,1,0,S. flexneri,M90T,Sf,100x
1091,5/13/2022,6,M21,3-6-M21,5.41,0.26,21,M,Azithromycin,1,0,S. flexneri,M90T,Sf,100x
1092,5/13/2022,6,M21,3-6-M21,6.5,0.315,21,M,Azithromycin,1,0,S. flexneri,M90T,Sf,100x
1093,5/13/2022,6,M21,3-6-M21,7.58,0.367,21,M,Azithromycin,1,0,S. flexneri,M90T,Sf,100x
1094,5/13/2022,6,M21,3-6-M21,8.66,0.409,21,M,Azithromycin,1,0,S. flexneri,M90T,Sf,100x
1095,5/13/2022,6,M21,3-6-M21,9.74,0.44,21,M,Azithromycin,1,0,S. flexneri,M90T,Sf,100x
1096,5/13/2022,6,M21,3-6-M21,10.82,0.469,21,M,Azithromycin,1,0,S. flexneri,M90T,Sf,100x
1097,5/13/2022,6,M21,3-6-M21,11.91,0.489,21,M,Azithromycin,1,0,S. flexneri,M90T,Sf,100x
1098,5/13/2022,6,M21,3-6-M21,12.99,0.499,21,M,Azithromycin,1,0,S. flexneri,M90T,Sf,100x
1099,5/13/2022,6,M23,3-6-M23,0,0.154,23,M,Azithromycin,1,-1,S. flexneri,M90T,Sf,100x
1100,5/13/2022,6,M23,3-6-M23,1.09,0.165,23,M,Azithromycin,1,-1,S. flexneri,M90T,Sf,100x
1101,5/13/2022,6,M23,3-6-M23,2.17,0.168,23,M,Azithromycin,1,-1,S. flexneri,M90T,Sf,100x
1102,5/13/2022,6,M23,3-6-M23,3.25,0.169,23,M,Azithromycin,1,-1,S. flexneri,M90T,Sf,100x
1103,5/13/2022,6,M23,3-6-M23,4.33,0.169,23,M,Azithromycin,1,-1,S. flexneri,M90T,Sf,100x
1104,5/13/2022,6,M23,3-6-M23,5.41,0.169,23,M,Azithromycin,1,-1,S. flexneri,M90T,Sf,100x
1105,5/13/2022,6,M23,3-6-M23,6.5,0.168,23,M,Azithromycin,1,-1,S. flexneri,M90T,Sf,100x
1106,5/13/2022,6,M23,3-6-M23,7.58,0.169,23,M,Azithromycin,1,-1,S. flexneri,M90T,Sf,100x
1107,5/13/2022,6,M23,3-6-M23,8.66,0.168,23,M,Azithromycin,1,-1,S. flexneri,M90T,Sf,100x
1108,5/13/2022,6,M23,3-6-M23,9.74,0.166,23,M,Azithromycin,1,-1,S. flexneri,M90T,Sf,100x
1109,5/13/2022,6,M23,3-6-M23,10.82,0.166,23,M,Azithromycin,1,-1,S. flexneri,M90T,Sf,100x
1110,5/13/2022,6,M23,3-6-M23,11.91,0.166,23,M,Azithromycin,1,-1,S. flexneri,M90T,Sf,100x
1111,5/13/2022,6,M23,3-6-M23,12.99,0.169,23,M,Azithromycin,1,-1,S. flexneri,M90T,Sf,100x
1112,5/13/2022,6,M3,3-6-M3,0,0.194,3,M,Azithromycin,1,30,S. flexneri,M90T,Sf,100x
1113,5/13/2022,6,M3,3-6-M3,1.09,0.198,3,M,Azithromycin,1,30,S. flexneri,M90T,Sf,100x
1114,5/13/2022,6,M3,3-6-M3,2.17,0.196,3,M,Azithromycin,1,30,S. flexneri,M90T,Sf,100x
1115,5/13/2022,6,M3,3-6-M3,3.25,0.197,3,M,Azithromycin,1,30,S. flexneri,M90T,Sf,100x
1116,5/13/2022,6,M3,3-6-M3,4.33,0.195,3,M,Azithromycin,1,30,S. flexneri,M90T,Sf,100x
1117,5/13/2022,6,M3,3-6-M3,5.41,0.194,3,M,Azithromycin,1,30,S. flexneri,M90T,Sf,100x
1118,5/13/2022,6,M3,3-6-M3,6.5,0.194,3,M,Azithromycin,1,30,S. flexneri,M90T,Sf,100x
1119,5/13/2022,6,M3,3-6-M3,7.58,0.195,3,M,Azithromycin,1,30,S. flexneri,M90T,Sf,100x
1120,5/13/2022,6,M3,3-6-M3,8.66,0.194,3,M,Azithromycin,1,30,S. flexneri,M90T,Sf,100x
1121,5/13/2022,6,M3,3-6-M3,9.74,0.193,3,M,Azithromycin,1,30,S. flexneri,M90T,Sf,100x
1122,5/13/2022,6,M3,3-6-M3,10.82,0.193,3,M,Azithromycin,1,30,S. flexneri,M90T,Sf,100x
1123,5/13/2022,6,M3,3-6-M3,11.91,0.191,3,M,Azithromycin,1,30,S. flexneri,M90T,Sf,100x
1124,5/13/2022,6,M3,3-6-M3,12.99,0.193,3,M,Azithromycin,1,30,S. flexneri,M90T,Sf,100x
1125,5/13/2022,6,M5,3-6-M5,0,0.196,5,M,Azithromycin,1,10,S. flexneri,M90T,Sf,100x
1126,5/13/2022,6,M5,3-6-M5,1.09,0.198,5,M,Azithromycin,1,10,S. flexneri,M90T,Sf,100x
1127,5/13/2022,6,M5,3-6-M5,2.17,0.203,5,M,Azithromycin,1,10,S. flexneri,M90T,Sf,100x
1128,5/13/2022,6,M5,3-6-M5,3.25,0.203,5,M,Azithromycin,1,10,S. flexneri,M90T,Sf,100x
1129,5/13/2022,6,M5,3-6-M5,4.33,0.203,5,M,Azithromycin,1,10,S. flexneri,M90T,Sf,100x
1130,5/13/2022,6,M5,3-6-M5,5.41,0.202,5,M,Azithromycin,1,10,S. flexneri,M90T,Sf,100x
1131,5/13/2022,6,M5,3-6-M5,6.5,0.204,5,M,Azithromycin,1,10,S. flexneri,M90T,Sf,100x
1132,5/13/2022,6,M5,3-6-M5,7.58,0.208,5,M,Azithromycin,1,10,S. flexneri,M90T,Sf,100x
1133,5/13/2022,6,M5,3-6-M5,8.66,0.214,5,M,Azithromycin,1,10,S. flexneri,M90T,Sf,100x
1134,5/13/2022,6,M5,3-6-M5,9.74,0.226,5,M,Azithromycin,1,10,S. flexneri,M90T,Sf,100x
1135,5/13/2022,6,M5,3-6-M5,10.82,0.25,5,M,Azithromycin,1,10,S. flexneri,M90T,Sf,100x
1136,5/13/2022,6,M5,3-6-M5,11.91,0.286,5,M,Azithromycin,1,10,S. flexneri,M90T,Sf,100x
1137,5/13/2022,6,M5,3-6-M5,12.99,0.319,5,M,Azithromycin,1,10,S. flexneri,M90T,Sf,100x
1138,5/13/2022,6,M7,3-6-M7,0,0.195,7,M,Azithromycin,1,3,S. flexneri,M90T,Sf,100x
1139,5/13/2022,6,M7,3-6-M7,1.09,0.197,7,M,Azithromycin,1,3,S. flexneri,M90T,Sf,100x
1140,5/13/2022,6,M7,3-6-M7,2.17,0.205,7,M,Azithromycin,1,3,S. flexneri,M90T,Sf,100x
1141,5/13/2022,6,M7,3-6-M7,3.25,0.205,7,M,Azithromycin,1,3,S. flexneri,M90T,Sf,100x
1142,5/13/2022,6,M7,3-6-M7,4.33,0.212,7,M,Azithromycin,1,3,S. flexneri,M90T,Sf,100x
1143,5/13/2022,6,M7,3-6-M7,5.41,0.239,7,M,Azithromycin,1,3,S. flexneri,M90T,Sf,100x
1144,5/13/2022,6,M7,3-6-M7,6.5,0.287,7,M,Azithromycin,1,3,S. flexneri,M90T,Sf,100x
1145,5/13/2022,6,M7,3-6-M7,7.58,0.339,7,M,Azithromycin,1,3,S. flexneri,M90T,Sf,100x
1146,5/13/2022,6,M7,3-6-M7,8.66,0.378,7,M,Azithromycin,1,3,S. flexneri,M90T,Sf,100x
1147,5/13/2022,6,M7,3-6-M7,9.74,0.409,7,M,Azithromycin,1,3,S. flexneri,M90T,Sf,100x
1148,5/13/2022,6,M7,3-6-M7,10.82,0.423,7,M,Azithromycin,1,3,S. flexneri,M90T,Sf,100x
1149,5/13/2022,6,M7,3-6-M7,11.91,0.433,7,M,Azithromycin,1,3,S. flexneri,M90T,Sf,100x
1150,5/13/2022,6,M7,3-6-M7,12.99,0.437,7,M,Azithromycin,1,3,S. flexneri,M90T,Sf,100x
1151,5/13/2022,6,M9,3-6-M9,0,0.198,9,M,Azithromycin,1,1,S. flexneri,M90T,Sf,100x
1152,5/13/2022,6,M9,3-6-M9,1.09,0.199,9,M,Azithromycin,1,1,S. flexneri,M90T,Sf,100x
1153,5/13/2022,6,M9,3-6-M9,2.17,0.201,9,M,Azithromycin,1,1,S. flexneri,M90T,Sf,100x
1154,5/13/2022,6,M9,3-6-M9,3.25,0.202,9,M,Azithromycin,1,1,S. flexneri,M90T,Sf,100x
1155,5/13/2022,6,M9,3-6-M9,4.33,0.217,9,M,Azithromycin,1,1,S. flexneri,M90T,Sf,100x
1156,5/13/2022,6,M9,3-6-M9,5.41,0.261,9,M,Azithromycin,1,1,S. flexneri,M90T,Sf,100x
1157,5/13/2022,6,M9,3-6-M9,6.5,0.325,9,M,Azithromycin,1,1,S. flexneri,M90T,Sf,100x
1158,5/13/2022,6,M9,3-6-M9,7.58,0.385,9,M,Azithromycin,1,1,S. flexneri,M90T,Sf,100x
1159,5/13/2022,6,M9,3-6-M9,8.66,0.431,9,M,Azithromycin,1,1,S. flexneri,M90T,Sf,100x
1160,5/13/2022,6,M9,3-6-M9,9.74,0.466,9,M,Azithromycin,1,1,S. flexneri,M90T,Sf,100x
1161,5/13/2022,6,M9,3-6-M9,10.82,0.479,9,M,Azithromycin,1,1,S. flexneri,M90T,Sf,100x
1162,5/13/2022,6,M9,3-6-M9,11.91,0.492,9,M,Azithromycin,1,1,S. flexneri,M90T,Sf,100x
1163,5/13/2022,6,M9,3-6-M9,12.99,0.491,9,M,Azithromycin,1,1,S. flexneri,M90T,Sf,100x
